{
    "system_info": {
        "compiler_info": "cc (Debian 12.2.0-14) 12.2.0",
        "version_info": "3.3.0",
        "cpu_name": "Intel(R) Core(TM) i9-9900K CPU @ 3.60GHz",
        "cpu_core_count": 16,
        "System": "Intel_Core_i9_9900K_Linux"
    },
    "timestamp": "02:35 09/01/2024",
    "comment": "Debian 12",
    "full_result": {
        "non_optimized": {
            "score": 3349.952848196509,
            "detailed": {
                "single_core": {
                    "valid": 1,
                    "score": 1037.0,
                    "ratio": 0.0,
                    "maximum": 2363.0,
                    "average": 1162.0,
                    "geometric": 1037.0,
                    "harmonic": 932.0,
                    "minimum": 489.0,
                    "kernels": [
                        1998.0,
                        1418.0,
                        1078.0,
                        1006.0,
                        770.0,
                        855.0,
                        2363.0,
                        1488.0,
                        2073.0,
                        618.0,
                        537.0,
                        617.0,
                        489.0,
                        668.0,
                        1376.0,
                        871.0,
                        1442.0,
                        1039.0,
                        661.0,
                        1940.0,
                        702.0,
                        2091.0,
                        1153.0,
                        626.0
                    ]
                },
                "multi_core": {
                    "valid": 1,
                    "score": 9079.0,
                    "ratio": 8.75506268081003,
                    "maximum": 20278.0,
                    "average": 10076.0,
                    "geometric": 9079.0,
                    "harmonic": 8240.0,
                    "minimum": 4497.0,
                    "kernels": [
                        14770.0,
                        11293.0,
                        9490.0,
                        8882.0,
                        8444.0,
                        6759.0,
                        18537.0,
                        11716.0,
                        15853.0,
                        5098.0,
                        5175.0,
                        5256.0,
                        4497.0,
                        5656.0,
                        11253.0,
                        7547.0,
                        14548.0,
                        8236.0,
                        7813.0,
                        19642.0,
                        5500.0,
                        20278.0,
                        9484.0,
                        6109.0
                    ]
                },
                "quad_core": {
                    "valid": 1,
                    "score": 3993.0,
                    "ratio": 3.85053037608486,
                    "maximum": 9065.0,
                    "average": 4471.0,
                    "geometric": 3993.0,
                    "harmonic": 3587.0,
                    "minimum": 1862.0,
                    "kernels": [
                        7731.0,
                        5448.0,
                        4168.0,
                        4025.0,
                        2968.0,
                        3280.0,
                        9065.0,
                        5759.0,
                        7963.0,
                        2374.0,
                        2073.0,
                        2406.0,
                        1862.0,
                        2511.0,
                        5279.0,
                        3334.0,
                        5565.0,
                        3999.0,
                        2542.0,
                        7429.0,
                        2694.0,
                        7993.0,
                        4429.0,
                        2411.0
                    ]
                },
                "workstation": {
                    "valid": 1,
                    "score": 9150.0,
                    "ratio": 8.823529411764707,
                    "maximum": 20285.0,
                    "average": 10141.0,
                    "geometric": 9150.0,
                    "harmonic": 8312.0,
                    "minimum": 4509.0,
                    "kernels": [
                        14807.0,
                        11385.0,
                        9533.0,
                        9001.0,
                        8435.0,
                        6849.0,
                        18455.0,
                        11834.0,
                        15876.0,
                        5124.0,
                        5267.0,
                        5293.0,
                        4509.0,
                        5696.0,
                        11302.0,
                        7606.0,
                        14778.0,
                        8280.0,
                        7907.0,
                        19733.0,
                        5569.0,
                        20285.0,
                        9612.0,
                        6254.0
                    ]
                }
            }
        },
        "optimized": {
            "score": 13363.87021611498,
            "detailed": {
                "single_core": {
                    "valid": 1,
                    "score": 4001.0,
                    "ratio": 0.0,
                    "maximum": 17119.0,
                    "average": 5421.0,
                    "geometric": 4001.0,
                    "harmonic": 3108.0,
                    "minimum": 1234.0,
                    "kernels": [
                        16615.0,
                        4986.0,
                        3764.0,
                        3895.0,
                        1649.0,
                        2228.0,
                        17119.0,
                        9059.0,
                        8763.0,
                        4457.0,
                        1821.0,
                        4728.0,
                        1917.0,
                        2415.0,
                        7718.0,
                        3404.0,
                        2795.0,
                        10107.0,
                        1234.0,
                        1550.0,
                        12156.0,
                        3282.0,
                        2769.0,
                        1676.0
                    ]
                },
                "multi_core": {
                    "valid": 1,
                    "score": 38758.0,
                    "ratio": 9.68707823044239,
                    "maximum": 134694.0,
                    "average": 46963.0,
                    "geometric": 38758.0,
                    "harmonic": 33098.0,
                    "minimum": 17035.0,
                    "kernels": [
                        122472.0,
                        38581.0,
                        41760.0,
                        37653.0,
                        20278.0,
                        27145.0,
                        134694.0,
                        67091.0,
                        70638.0,
                        33722.0,
                        21540.0,
                        45395.0,
                        17035.0,
                        19672.0,
                        63085.0,
                        26939.0,
                        39723.0,
                        81818.0,
                        18783.0,
                        22914.0,
                        90423.0,
                        30433.0,
                        35753.0,
                        19569.0
                    ]
                },
                "quad_core": {
                    "valid": 1,
                    "score": 15391.0,
                    "ratio": 3.846788302924269,
                    "maximum": 65840.0,
                    "average": 20862.0,
                    "geometric": 15391.0,