{
    "system_info": {
        "compiler_info": "cc (Debian 12.2.0-14) 12.2.0",
        "version_info": "3.3.0",
        "cpu_name": "Intel(R) Core(TM) i9-14900K",
        "cpu_core_count": 32,
        "System": "Intel_Core_i9_14900K_Linux"
    },
    "timestamp": "17:08 13/02/2024",
    "comment": "Debian 12 / AIO 420 water loop / 300 watt TDP",
    "full_result": {
        "non_optimized": {
            "score": 7215.555653442779,
            "detailed": {
                "single_core": {
                    "valid": 1,
                    "score": 1768.0,
                    "ratio": 0.0,
                    "maximum": 5347.0,
                    "average": 2087.0,
                    "geometric": 1768.0,
                    "harmonic": 1525.0,
                    "minimum": 750.0,
                    "kernels": [
                        3760.0,
                        2586.0,
                        1515.0,
                        1548.0,
                        1130.0,
                        1364.0,
                        5347.0,
                        2753.0,
                        3715.0,
                        1070.0,
                        750.0,
                        945.0,
                        750.0,
                        1180.0,
                        2419.0,
                        1750.0,
                        2094.0,
                        1862.0,
                        898.0,
                        3708.0,
                        1226.0,
                        4626.0,
                        1995.0,
                        1087.0
                    ]
                },
                "multi_core": {
                    "valid": 1,
                    "score": 31615.0,
                    "ratio": 17.881787330316744,
                    "maximum": 85268.0,
                    "average": 35990.0,
                    "geometric": 31615.0,
                    "harmonic": 28174.0,
                    "minimum": 14843.0,
                    "kernels": [
                        60582.0,
                        42617.0,
                        28179.0,
                        28376.0,
                        23525.0,
                        22225.0,
                        85268.0,
                        44321.0,
                        58065.0,
                        16753.0,
                        14843.0,
                        20037.0,
                        15892.0,
                        20787.0,
                        41198.0,
                        28604.0,
                        42148.0,
                        30779.0,
                        20283.0,
                        67947.0,
                        20048.0,
                        71591.0,
                        36746.0,
                        22940.0
                    ]
                },
                "quad_core": {
                    "valid": 1,
                    "score": 6721.0,
                    "ratio": 3.801470588235294,
                    "maximum": 20394.0,
                    "average": 7919.0,
                    "geometric": 6721.0,
                    "harmonic": 5806.0,
                    "minimum": 2812.0,
                    "kernels": [
                        14336.0,
                        9443.0,
                        5757.0,
                        5896.0,
                        4308.0,
                        5182.0,
                        20394.0,
                        10368.0,
                        14131.0,
                        4060.0,
                        2858.0,
                        3758.0,
                        2812.0,
                        4405.0,
                        9197.0,
                        6638.0,
                        8008.0,
                        7099.0,
                        3414.0,
                        14069.0,
                        4645.0,
                        17438.0,
                        7580.0,
                        4258.0
                    ]
                },
                "workstation": {
                    "valid": 1,
                    "score": 31364.0,
                    "ratio": 17.739819004524886,
                    "maximum": 84803.0,
                    "average": 35738.0,
                    "geometric": 31364.0,
                    "harmonic": 27939.0,
                    "minimum": 14610.0,
                    "kernels": [
                        59860.0,
                        42795.0,
                        27725.0,
                        27973.0,
                        23356.0,
                        21962.0,
                        84803.0,
                        44005.0,
                        57806.0,
                        16751.0,
                        14610.0,
                        20112.0,
                        15751.0,
                        20586.0,
                        41005.0,
                        28571.0,
                        42131.0,
                        30571.0,
                        20275.0,
                        67695.0,
                        19983.0,
                        71787.0,
                        35264.0,
                        22332.0
                    ]
                }
            }
        },
        "optimized": {
            "score": 29568.391829220418,
            "detailed": {
                "single_core": {
                    "valid": 1,
                    "score": 7256.0,
                    "ratio": 0.0,
                    "maximum": 32310.0,
                    "average": 9543.0,
                    "geometric": 7256.0,
                    "harmonic": 5618.0,
                    "minimum": 1996.0,
                    "kernels": [
                        24482.0,
                        7749.0,
                        9451.0,
                        8656.0,
                        3409.0,
                        5071.0,
                        32310.0,
                        15427.0,
                        16145.0,
                        7849.0,
                        3465.0,
                        8119.0,
                        3810.0,
                        4574.0,
                        9789.0,
                        6257.0,
                        6339.0,
                        18578.0,
                        1996.0,
                        2160.0,
                        18719.0,
                        6493.0,
                        5609.0,
                        2572.0
                    ]
                },
                "multi_core": {
                    "valid": 1,
                    "score": 128782.0,
                    "ratio": 17.74834619625138,
                    "maximum": 479826.0,
                    "average": 160172.0,
                    "geometric": 128782.0,
                    "harmonic": 106989.0,
                    "minimum": 49480.0,
                    "kernels": [
                        415662.0,
                        138182.0,
                        164757.0,
                        136983.0,
                        63816.0,
                        88204.0,
                        479826.0,
                        228042.0,
                        247349.0,
                        127461.0,
                        63391.0,
                        126978.0,
                        71460.0,
                        69830.0,
                        165235.0,
                        104028.0,
                        129636.0,
                        264852.0,
                        52720.0,
                        57415.0,
                        368526.0,
                        104634.0,
                        125651.0,
                        49480.0
                    ]
                },
                "quad_core": {
                    "valid": 1,
                    "score": 27665.0,
                    "ratio": 3.8127067254685776,
                    "maximum": 122712.0,