{
    "system_info": {
        "compiler_info": "Apple clang version 13.0.0 (clang-1300.0.29.30)",
        "version_info": "3.3.0",
        "cpu_name": "Apple M1",
        "cpu_core_count": 8,
        "System": "Apple_M1_Mac_Mini"
    },
    "timestamp": "03:59 20/01/2024",
    "comment": "Apple M1 Mac Mini",
    "full_result": {
        "non_optimized": {
            "score": 2844.134170094145,
            "detailed": {
                "single_core": {
                    "valid": 1,
                    "score": 1049.0,
                    "ratio": 0.0,
                    "maximum": 4126.0,
                    "average": 1365.0,
                    "geometric": 1049.0,
                    "harmonic": 825.0,
                    "minimum": 294.0,
                    "kernels": [
                        2194.0,
                        1621.0,
                        600.0,
                        593.0,
                        469.0,
                        529.0,
                        3026.0,
                        2060.0,
                        2986.0,
                        640.0,
                        294.0,
                        748.0,
                        516.0,
                        718.0,
                        2714.0,
                        1052.0,
                        856.0,
                        1903.0,
                        362.0,
                        1966.0,
                        1129.0,
                        4126.0,
                        971.0,
                        697.0
                    ]
                },
                "multi_core": {
                    "valid": 1,
                    "score": 5592.0,
                    "ratio": 5.330791229742612,
                    "maximum": 19247.0,
                    "average": 6892.0,
                    "geometric": 5592.0,
                    "harmonic": 4635.0,
                    "minimum": 1891.0,
                    "kernels": [
                        10866.0,
                        8039.0,
                        3833.0,
                        3636.0,
                        2915.0,
                        3211.0,
                        14892.0,
                        9945.0,
                        14625.0,
                        3260.0,
                        1891.0,
                        3704.0,
                        2587.0,
                        3568.0,
                        12223.0,
                        5008.0,
                        5135.0,
                        9187.0,
                        2390.0,
                        9871.0,
                        5580.0,
                        19247.0,
                        5894.0,
                        3893.0
                    ]
                },
                "quad_core": {
                    "valid": 1,
                    "score": 3922.0,
                    "ratio": 3.7387988560533842,
                    "maximum": 15441.0,
                    "average": 5095.0,
                    "geometric": 3922.0,
                    "harmonic": 3086.0,
                    "minimum": 1090.0,
                    "kernels": [
                        8145.0,
                        5925.0,
                        2232.0,
                        2222.0,
                        1741.0,
                        1976.0,
                        11309.0,
                        7595.0,
                        11219.0,
                        2400.0,
                        1090.0,
                        2859.0,
                        1939.0,
                        2653.0,
                        10049.0,
                        3923.0,
                        3196.0,
                        7124.0,
                        1379.0,
                        7376.0,
                        4171.0,
                        15441.0,
                        3657.0,
                        2667.0
                    ]
                },
                "workstation": {
                    "valid": 1,
                    "score": 5583.0,
                    "ratio": 5.3222116301239275,
                    "maximum": 19429.0,
                    "average": 6886.0,
                    "geometric": 5583.0,
                    "harmonic": 4627.0,
                    "minimum": 1892.0,
                    "kernels": [
                        10838.0,
                        8051.0,
                        3838.0,
                        3650.0,
                        2867.0,
                        3197.0,
                        14910.0,
                        9943.0,
                        14567.0,
                        3246.0,
                        1892.0,
                        3763.0,
                        2599.0,
                        3540.0,
                        12187.0,
                        4978.0,
                        5141.0,
                        9210.0,
                        2394.0,
                        9765.0,
                        5541.0,
                        19429.0,
                        5863.0,
                        3856.0
                    ]
                }
            }
        },
        "optimized": {
            "score": 11645.75695888702,
            "detailed": {
                "single_core": {
                    "valid": 1,
                    "score": 4297.0,
                    "ratio": 0.0,
                    "maximum": 12748.0,
                    "average": 5482.0,
                    "geometric": 4297.0,
                    "harmonic": 3294.0,
                    "minimum": 865.0,
                    "kernels": [
                        9143.0,
                        6020.0,
                        3460.0,
                        5034.0,
                        1789.0,
                        1950.0,
                        12748.0,
                        12472.0,
                        12110.0,
                        6208.0,
                        2002.0,
                        6587.0,
                        2003.0,
                        2916.0,
                        8993.0,
                        4994.0,
                        2223.0,
                        10654.0,
                        865.0,
                        3350.0,
                        5342.0,
                        6246.0,
                        2293.0,
                        2162.0
                    ]
                },
                "multi_core": {
                    "valid": 1,
                    "score": 22350.0,
                    "ratio": 5.201303234814987,
                    "maximum": 59379.0,
                    "average": 27192.0,
                    "geometric": 22350.0,
                    "harmonic": 18075.0,
                    "minimum": 5655.0,
                    "kernels": [
                        43964.0,
                        28921.0,
                        19272.0,
                        25189.0,
                        9356.0,
                        11003.0,
                        57539.0,
                        59379.0,
                        54769.0,
                        29435.0,
                        10295.0,
                        33609.0,
                        9825.0,
                        14471.0,
                        42167.0,
                        23875.0,
                        14097.0,
                        52546.0,
                        5655.0,
                        20689.0,
                        28072.0,
                        31374.0,
                        14740.0,
                        12373.0
                    ]
                },
                "quad_core": {
                    "valid": 1,
                    "score": 16446.0,
                    "ratio": 3.8273213870141958,
                    "maximum": 47824.0,
                    "average": 20926.0,
                    "geometric": 16446.0,
                    "harmonic": 12588.0,