{
    "system_info": {
        "compiler_info": "cc (Debian 12.2.0-14) 12.2.0",
        "version_info": "3.3.0",
        "cpu_name": "AMD Ryzen 9 5950X 16-Core Processor",
        "cpu_core_count": 32,
        "System": "AMD_Ryzen_9_5950X_Linux"
    },
    "timestamp": "8:55 16/12/2023",
    "comment": "",
    "full_result": {
        "non_optimized": {
            "score": 4076.129929795764,
            "detailed": {
                "single_core": {
                    "valid": 1,
                    "score": 982.0,
                    "ratio": 0.0,
                    "maximum": 3254.0,
                    "average": 1175.0,
                    "geometric": 982.0,
                    "harmonic": 835.0,
                    "minimum": 331.0,
                    "kernels": [
                        2344.0,
                        1152.0,
                        772.0,
                        793.0,
                        633.0,
                        667.0,
                        3254.0,
                        1722.0,
                        2249.0,
                        524.0,
                        393.0,
                        772.0,
                        331.0,
                        557.0,
                        1402.0,
                        986.0,
                        968.0,
                        1129.0,
                        507.0,
                        1490.0,
                        840.0,
                        2663.0,
                        1254.0,
                        788.0
                    ]
                },
                "multi_core": {
                    "valid": 1,
                    "score": 17876.0,
                    "ratio": 18.20366598778004,
                    "maximum": 46644.0,
                    "average": 20230.0,
                    "geometric": 17876.0,
                    "harmonic": 15959.0,
                    "minimum": 7306.0,
                    "kernels": [
                        32529.0,
                        19905.0,
                        18428.0,
                        17133.0,
                        16051.0,
                        12990.0,
                        46644.0,
                        24336.0,
                        33123.0,
                        9501.0,
                        10004.0,
                        11102.0,
                        7306.0,
                        10372.0,
                        20876.0,
                        14428.0,
                        26442.0,
                        16731.0,
                        13131.0,
                        36576.0,
                        11177.0,
                        41894.0,
                        20268.0,
                        14565.0
                    ]
                },
                "quad_core": {
                    "valid": 1,
                    "score": 3858.0,
                    "ratio": 3.928716904276986,
                    "maximum": 12737.0,
                    "average": 4595.0,
                    "geometric": 3858.0,
                    "harmonic": 3287.0,
                    "minimum": 1307.0,
                    "kernels": [
                        9187.0,
                        4354.0,
                        3081.0,
                        3243.0,
                        2519.0,
                        2593.0,
                        12737.0,
                        6792.0,
                        8724.0,
                        2050.0,
                        1552.0,
                        3071.0,
                        1307.0,
                        2170.0,
                        5547.0,
                        3862.0,
                        3806.0,
                        4480.0,
                        1994.0,
                        5831.0,
                        3286.0,
                        10034.0,
                        4940.0,
                        3130.0
                    ]
                },
                "workstation": {
                    "valid": 1,
                    "score": 17589.0,
                    "ratio": 17.91140529531568,
                    "maximum": 46342.0,
                    "average": 19936.0,
                    "geometric": 17589.0,
                    "harmonic": 15688.0,
                    "minimum": 7212.0,
                    "kernels": [
                        31990.0,
                        19701.0,
                        17984.0,
                        16730.0,
                        15759.0,
                        12724.0,
                        46342.0,
                        23983.0,
                        32517.0,
                        9352.0,
                        9816.0,
                        10699.0,
                        7212.0,
                        10268.0,
                        20914.0,
                        14177.0,
                        26123.0,
                        16540.0,
                        13004.0,
                        36877.0,
                        11045.0,
                        40853.0,
                        19908.0,
                        13944.0
                    ]
                }
            }
        },
        "optimized": {
            "score": 19133.988203061414,
            "detailed": {
                "single_core": {
                    "valid": 1,
                    "score": 4779.0,
                    "ratio": 0.0,
                    "maximum": 21989.0,
                    "average": 6479.0,
                    "geometric": 4779.0,
                    "harmonic": 3683.0,
                    "minimum": 1575.0,
                    "kernels": [
                        20039.0,
                        5525.0,
                        5086.0,
                        5108.0,
                        2156.0,
                        2560.0,
                        21989.0,
                        11431.0,
                        11053.0,
                        5995.0,
                        2531.0,
                        7397.0,
                        1672.0,
                        2542.0,
                        5566.0,
                        4571.0,
                        3921.0,
                        9655.0,
                        1575.0,
                        1889.0,
                        13941.0,
                        4088.0,
                        3567.0,
                        1644.0
                    ]
                },
                "multi_core": {
                    "valid": 1,
                    "score": 77758.0,
                    "ratio": 16.270767943084326,
                    "maximum": 295800.0,
                    "average": 94440.0,
                    "geometric": 77758.0,
                    "harmonic": 65296.0,
                    "minimum": 23542.0,
                    "kernels": [
                        223715.0,
                        74726.0,
                        95288.0,
                        82605.0,
                        46462.0,
                        54862.0,
                        295800.0,
                        136713.0,
                        139019.0,
                        60503.0,
                        44341.0,
                        88033.0,
                        29841.0,
                        45206.0,
                        91310.0,
                        60583.0,
                        89407.0,
                        171553.0,
                        43936.0,
                        51654.0,
                        172551.0,
                        59397.0,
                        85516.0,
                        23542.0
                    ]
                },
                "quad_core": {
                    "valid": 1,
                    "score": 18851.0,
                    "ratio": 3.944549068842854,
                    "maximum": 85808.0,
                    "average": 25672.0,
                    "geometric": 18851.0,