{
    "system_info": {
        "compiler_info": "cc (Debian 12.2.0-14) 12.2.0",
        "version_info": "3.3.0",
        "cpu_name": "Intel(R) Core(TM) i7-4770 CPU @ 3.40GHz",
        "cpu_core_count": 8,
        "System": "Intel_Core_i7_4770_Linux"
    },
    "timestamp": "02:29 13/01/2024",
    "comment": "Debian 12",
    "full_result": {
        "non_optimized": {
            "score": 1985.1482260665846,
            "detailed": {
                "single_core": {
                    "valid": 1,
                    "score": 776.0,
                    "ratio": 0.0,
                    "maximum": 1859.0,
                    "average": 867.0,
                    "geometric": 776.0,
                    "harmonic": 698.0,
                    "minimum": 369.0,
                    "kernels": [
                        1551.0,
                        1063.0,
                        846.0,
                        786.0,
                        567.0,
                        659.0,
                        1859.0,
                        1168.0,
                        1551.0,
                        468.0,
                        408.0,
                        442.0,
                        369.0,
                        532.0,
                        971.0,
                        670.0,
                        1072.0,
                        765.0,
                        505.0,
                        1338.0,
                        506.0,
                        1383.0,
                        881.0,
                        444.0
                    ]
                },
                "multi_core": {
                    "valid": 1,
                    "score": 3407.0,
                    "ratio": 4.390463917525773,
                    "maximum": 7069.0,
                    "average": 3750.0,
                    "geometric": 3407.0,
                    "harmonic": 3107.0,
                    "minimum": 1614.0,
                    "kernels": [
                        5754.0,
                        4317.0,
                        3675.0,
                        3485.0,
                        3213.0,
                        2607.0,
                        7069.0,
                        4409.0,
                        5911.0,
                        1868.0,
                        2087.0,
                        2043.0,
                        1614.0,
                        2234.0,
                        3952.0,
                        2873.0,
                        5853.0,
                        2931.0,
                        3044.0,
                        6822.0,
                        1988.0,
                        6306.0,
                        3621.0,
                        2317.0
                    ]
                },
                "quad_core": {
                    "valid": 1,
                    "score": 2959.0,
                    "ratio": 3.8131443298969074,
                    "maximum": 7093.0,
                    "average": 3306.0,
                    "geometric": 2959.0,
                    "harmonic": 2663.0,
                    "minimum": 1380.0,
                    "kernels": [
                        5941.0,
                        4086.0,
                        3266.0,
                        3123.0,
                        2175.0,
                        2508.0,
                        7093.0,
                        4389.0,
                        5901.0,
                        1781.0,
                        1593.0,
                        1695.0,
                        1380.0,
                        1977.0,
                        3675.0,
                        2539.0,
                        4103.0,
                        2903.0,
                        1930.0,
                        5069.0,
                        1928.0,
                        5240.0,
                        3355.0,
                        1692.0
                    ]
                },
                "workstation": {
                    "valid": 1,
                    "score": 3430.0,
                    "ratio": 4.420103092783505,
                    "maximum": 7115.0,
                    "average": 3773.0,
                    "geometric": 3430.0,
                    "harmonic": 3128.0,
                    "minimum": 1630.0,
                    "kernels": [
                        5720.0,
                        4321.0,
                        3669.0,
                        3519.0,
                        3243.0,
                        2640.0,
                        7115.0,
                        4426.0,
                        5897.0,
                        1867.0,
                        2106.0,
                        2082.0,
                        1630.0,
                        2228.0,
                        3935.0,
                        2890.0,
                        5924.0,
                        2931.0,
                        3059.0,
                        6836.0,
                        1986.0,
                        6375.0,
                        3822.0,
                        2332.0
                    ]
                }
            }
        },
        "optimized": {
            "score": 7593.574446068491,
            "detailed": {
                "single_core": {
                    "valid": 1,
                    "score": 2867.0,
                    "ratio": 0.0,
                    "maximum": 13431.0,
                    "average": 3777.0,
                    "geometric": 2867.0,
                    "harmonic": 2316.0,
                    "minimum": 1049.0,
                    "kernels": [
                        10824.0,
                        3641.0,
                        2459.0,
                        3216.0,
                        1253.0,
                        2023.0,
                        13431.0,
                        5667.0,
                        7075.0,
                        3060.0,
                        1538.0,
                        3510.0,
                        1358.0,
                        1647.0,
                        2313.0,
                        2735.0,
                        2539.0,
                        5980.0,
                        1062.0,
                        1049.0,
                        8562.0,
                        1801.0,
                        2319.0,
                        1587.0
                    ]
                },
                "multi_core": {
                    "valid": 1,
                    "score": 14045.0,
                    "ratio": 4.898848971049878,
                    "maximum": 50217.0,
                    "average": 16877.0,
                    "geometric": 14045.0,
                    "harmonic": 12053.0,
                    "minimum": 5431.0,
                    "kernels": [
                        42116.0,
                        15626.0,
                        19178.0,
                        15992.0,
                        7908.0,
                        10998.0,
                        50217.0,
                        22011.0,
                        26662.0,
                        11146.0,
                        8555.0,
                        15143.0,
                        5431.0,
                        6903.0,
                        10684.0,
                        11828.0,
                        16505.0,
                        27373.0,
                        8109.0,
                        7528.0,
                        32773.0,
                        8977.0,
                        15703.0,
                        7693.0
                    ]
                },
                "quad_core": {
                    "valid": 1,
                    "score": 10874.0,
                    "ratio": 3.792814788978026,
                    "maximum": 50598.0,
                    "average": 14322.0,
                    "geometric": 10874.0,
                    "harmonic": 8777.0,