{
    "system_info": {
        "compiler_info": "Apple clang version 15.0.0 (clang-1500.3.9.4)",
        "version_info": "3.3.0",
        "cpu_name": "Apple A8X / T7000-64bit",
        "cpu_core_count": 3,
        "System": "Apple_A8X_iPad_Air_2_2014"
    },
    "timestamp": "20:19 24/05/2024",
    "comment": "Apple A8X / Apple iPad Air 2 / Year 2014",
    "full_result": {
        "non_optimized": {
            "score": 498.7194377873946,
            "detailed": {
                "single_core": {
                    "valid": 1,
                    "score": 244.0,
                    "ratio": 0.0,
                    "maximum": 595.0,
                    "average": 273.0,
                    "geometric": 244.0,
                    "harmonic": 218.0,
                    "minimum": 95.7,
                    "kernels": [
                        396.0,
                        329.0,
                        221.0,
                        198.0,
                        168.0,
                        177.0,
                        595.0,
                        399.0,
                        507.0,
                        142.0,
                        125.0,
                        147.0,
                        95.7,
                        153.0,
                        359.0,
                        197.0,
                        349.0,
                        350.0,
                        179.0,
                        318.0,
                        207.0,
                        432.0,
                        345.0,
                        160.0
                    ]
                },
                "multi_core": {
                    "valid": 1,
                    "score": 713.0,
                    "ratio": 2.9221311475409837,
                    "maximum": 1703.0,
                    "average": 798.0,
                    "geometric": 713.0,
                    "harmonic": 638.0,
                    "minimum": 283.0,
                    "kernels": [
                        1178.0,
                        975.0,
                        659.0,
                        587.0,
                        493.0,
                        526.0,
                        1703.0,
                        1168.0,
                        1471.0,
                        409.0,
                        374.0,
                        432.0,
                        283.0,
                        442.0,
                        1044.0,
                        569.0,
                        1004.0,
                        1019.0,
                        527.0,
                        930.0,
                        615.0,
                        1264.0,
                        1004.0,
                        467.0
                    ]
                },
                "quad_core": {
                    "valid": 1,
                    "score": 713.0,
                    "ratio": 2.9221311475409837,
                    "maximum": 1703.0,
                    "average": 798.0,
                    "geometric": 713.0,
                    "harmonic": 638.0,
                    "minimum": 283.0,
                    "kernels": [
                        1178.0,
                        975.0,
                        659.0,
                        587.0,
                        493.0,
                        526.0,
                        1703.0,
                        1168.0,
                        1471.0,
                        409.0,
                        374.0,
                        432.0,
                        283.0,
                        442.0,
                        1044.0,
                        569.0,
                        1004.0,
                        1019.0,
                        527.0,
                        930.0,
                        615.0,
                        1264.0,
                        1004.0,
                        467.0
                    ]
                },
                "workstation": {
                    "valid": 1,
                    "score": 636.0,
                    "ratio": 2.6065573770491803,
                    "maximum": 1570.0,
                    "average": 714.0,
                    "geometric": 636.0,
                    "harmonic": 568.0,
                    "minimum": 250.0,
                    "kernels": [
                        1079.0,
                        879.0,
                        588.0,
                        528.0,
                        443.0,
                        472.0,
                        1570.0,
                        1047.0,
                        1316.0,
                        364.0,
                        331.0,
                        380.0,
                        250.0,
                        395.0,
                        936.0,
                        504.0,
                        900.0,
                        908.0,
                        458.0,
                        821.0,
                        539.0,
                        1122.0,
                        896.0,
                        413.0
                    ]
                }
            }
        },
        "optimized": {
            "score": 1811.9371220832882,
            "detailed": {
                "single_core": {
                    "valid": 1,
                    "score": 880.0,
                    "ratio": 0.0,
                    "maximum": 2909.0,
                    "average": 1037.0,
                    "geometric": 880.0,
                    "harmonic": 756.0,
                    "minimum": 358.0,
                    "kernels": [
                        1601.0,
                        778.0,
                        658.0,
                        900.0,
                        376.0,
                        416.0,
                        2909.0,
                        2445.0,
                        1894.0,
                        909.0,
                        507.0,
                        1120.0,
                        358.0,
                        613.0,
                        986.0,
                        1138.0,
                        1028.0,
                        1565.0,
                        381.0,
                        1000.0,
                        1125.0,
                        783.0,
                        918.0,
                        477.0
                    ]
                },
                "multi_core": {
                    "valid": 1,
                    "score": 2600.0,
                    "ratio": 2.9545454545454546,
                    "maximum": 8759.0,
                    "average": 3073.0,
                    "geometric": 2600.0,
                    "harmonic": 2229.0,
                    "minimum": 1052.0,
                    "kernels": [
                        4985.0,
                        2515.0,
                        2008.0,
                        2628.0,
                        1120.0,
                        1278.0,
                        8759.0,
                        7406.0,
                        5648.0,
                        2725.0,
                        1486.0,
                        3271.0,
                        1052.0,
                        1793.0,
                        2883.0,
                        3308.0,
                        2908.0,
                        4469.0,
                        1097.0,
                        2883.0,
                        3256.0,
                        2260.0,
                        2654.0,
                        1367.0
                    ]
                },
                "quad_core": {
                    "valid": 1,
                    "score": 2600.0,
                    "ratio": 2.9545454545454546,
                    "maximum": 8759.0,
                    "average": 3073.0,
                    "geometric": 2600.0,
                    "harmonic": 2229.0,
                    "minimum": 1052.0,