{
    "system_info": {
        "compiler_info": "Apple clang version 15.0.0 (clang-1500.3.9.4)",
        "version_info": "3.3.0",
        "cpu_name": "Apple A14 / T8101-64bit",
        "cpu_core_count": 6,
        "System": "Apple_A14_iPhone_12_mini_2020"
    },
    "timestamp": "19:31 26/11/2024",
    "comment": "Apple A14 / iPhone 12 Mini / Year 2020",
    "full_result": {
        "non_optimized": {
            "score": 1608.3901352098042,
            "detailed": {
                "single_core": {
                    "valid": 1,
                    "score": 967.0,
                    "ratio": 0.0,
                    "maximum": 3195.0,
                    "average": 1222.0,
                    "geometric": 967.0,
                    "harmonic": 777.0,
                    "minimum": 275.0,
                    "kernels": [
                        1940.0,
                        1365.0,
                        564.0,
                        606.0,
                        441.0,
                        504.0,
                        2717.0,
                        1800.0,
                        2613.0,
                        588.0,
                        275.0,
                        654.0,
                        477.0,
                        728.0,
                        2258.0,
                        897.0,
                        895.0,
                        1643.0,
                        408.0,
                        2178.0,
                        915.0,
                        3195.0,
                        1115.0,
                        545.0
                    ]
                },
                "multi_core": {
                    "valid": 1,
                    "score": 2267.0,
                    "ratio": 2.344364012409514,
                    "maximum": 6268.0,
                    "average": 2637.0,
                    "geometric": 2267.0,
                    "harmonic": 1972.0,
                    "minimum": 953.0,
                    "kernels": [
                        3585.0,
                        2741.0,
                        1763.0,
                        1750.0,
                        1441.0,
                        1390.0,
                        5118.0,
                        3969.0,
                        4881.0,
                        1322.0,
                        953.0,
                        1305.0,
                        1034.0,
                        1504.0,
                        3938.0,
                        1947.0,
                        2640.0,
                        3548.0,
                        1395.0,
                        4632.0,
                        1994.0,
                        6268.0,
                        2808.0,
                        1351.0
                    ]
                },
                "quad_core": {
                    "valid": 1,
                    "score": 1898.0,
                    "ratio": 1.9627714581178903,
                    "maximum": 5610.0,
                    "average": 2281.0,
                    "geometric": 1898.0,
                    "harmonic": 1606.0,
                    "minimum": 676.0,
                    "kernels": [
                        3352.0,
                        2420.0,
                        1346.0,
                        1325.0,
                        1088.0,
                        1029.0,
                        4718.0,
                        3255.0,
                        4654.0,
                        1124.0,
                        676.0,
                        1205.0,
                        906.0,
                        1325.0,
                        3768.0,
                        1637.0,
                        1990.0,
                        3145.0,
                        1018.0,
                        4192.0,
                        1694.0,
                        5610.0,
                        2146.0,
                        1117.0
                    ]
                },
                "workstation": {
                    "valid": 1,
                    "score": 2186.0,
                    "ratio": 2.2605997931747672,
                    "maximum": 5934.0,
                    "average": 2529.0,
                    "geometric": 2186.0,
                    "harmonic": 1909.0,
                    "minimum": 925.0,
                    "kernels": [
                        3414.0,
                        2665.0,
                        1770.0,
                        1748.0,
                        1423.0,
                        1352.0,
                        4733.0,
                        3783.0,
                        4655.0,
                        1302.0,
                        925.0,
                        1264.0,
                        1009.0,
                        1429.0,
                        3874.0,
                        1744.0,
                        2547.0,
                        3354.0,
                        1354.0,
                        4393.0,
                        1861.0,
                        5934.0,
                        2828.0,
                        1330.0
                    ]
                }
            }
        },
        "optimized": {
            "score": 5951.338740318459,
            "detailed": {
                "single_core": {
                    "valid": 1,
                    "score": 3356.0,
                    "ratio": 0.0,
                    "maximum": 11256.0,
                    "average": 4183.0,
                    "geometric": 3356.0,
                    "harmonic": 2661.0,
                    "minimum": 722.0,
                    "kernels": [
                        6193.0,
                        4148.0,
                        2201.0,
                        3044.0,
                        1484.0,
                        1589.0,
                        11256.0,
                        8703.0,
                        9472.0,
                        4118.0,
                        1486.0,
                        4539.0,
                        1657.0,
                        2517.0,
                        6929.0,
                        3429.0,
                        2093.0,
                        8042.0,
                        722.0,
                        4036.0,
                        4245.0,
                        3938.0,
                        2773.0,
                        1774.0
                    ]
                },
                "multi_core": {
                    "valid": 1,
                    "score": 8974.0,
                    "ratio": 2.6740166865315853,
                    "maximum": 27708.0,
                    "average": 10838.0,
                    "geometric": 8974.0,
                    "harmonic": 7410.0,
                    "minimum": 2776.0,
                    "kernels": [
                        15599.0,
                        9546.0,
                        6037.0,
                        7560.0,
                        3808.0,
                        4332.0,
                        27708.0,
                        23384.0,
                        20911.0,
                        10050.0,
                        4056.0,
                        12008.0,
                        3745.0,
                        5902.0,
                        18703.0,
                        8788.0,
                        8080.0,
                        18924.0,
                        2776.0,
                        12535.0,
                        11303.0,
                        10005.0,
                        9565.0,
                        4781.0
                    ]
                },
                "quad_core": {
                    "valid": 1,
                    "score": 6999.0,
                    "ratio": 2.085518474374255,
                    "maximum": 22076.0,
                    "average": 8579.0,
                    "geometric": 6999.0,
                    "harmonic": 5691.0,