{
    "system_info": {
        "compiler_info": "cc (Debian 12.2.0-14) 12.2.0",
        "version_info": "3.3.0",
        "cpu_name": "AMD Ryzen 9 7950X 16-Core Processor",
        "cpu_core_count": 32,
        "System": "AMD_Ryzen_9_7950X_Linux"
    },
    "timestamp": "21:39 16/12/2023",
    "comment": "",
    "full_result": {
        "non_optimized": {
            "score": 5411.874258776914,
            "detailed": {
                "single_core": {
                    "valid": 1,
                    "score": 1240.0,
                    "ratio": 0.0,
                    "maximum": 4276.0,
                    "average": 1517.0,
                    "geometric": 1240.0,
                    "harmonic": 1018.0,
                    "minimum": 324.0,
                    "kernels": [
                        2916.0,
                        1985.0,
                        914.0,
                        1050.0,
                        756.0,
                        785.0,
                        4276.0,
                        2165.0,
                        3010.0,
                        703.0,
                        451.0,
                        844.0,
                        324.0,
                        876.0,
                        1883.0,
                        1248.0,
                        1084.0,
                        1578.0,
                        597.0,
                        1736.0,
                        1132.0,
                        3561.0,
                        1598.0,
                        938.0
                    ]
                },
                "multi_core": {
                    "valid": 1,
                    "score": 25015.0,
                    "ratio": 20.173387096774192,
                    "maximum": 64554.0,
                    "average": 28249.0,
                    "geometric": 25015.0,
                    "harmonic": 22429.0,
                    "minimum": 12162.0,
                    "kernels": [
                        47004.0,
                        32360.0,
                        24318.0,
                        23628.0,
                        20506.0,
                        19587.0,
                        64554.0,
                        33540.0,
                        45115.0,
                        13210.0,
                        12509.0,
                        14172.0,
                        12162.0,
                        16749.0,
                        32945.0,
                        20844.0,
                        34414.0,
                        23678.0,
                        16453.0,
                        49415.0,
                        17016.0,
                        59362.0,
                        26034.0,
                        18411.0
                    ]
                },
                "quad_core": {
                    "valid": 1,
                    "score": 5110.0,
                    "ratio": 4.120967741935484,
                    "maximum": 17224.0,
                    "average": 6156.0,
                    "geometric": 5110.0,
                    "harmonic": 4343.0,
                    "minimum": 1828.0,
                    "kernels": [
                        11735.0,
                        7981.0,
                        3674.0,
                        4249.0,
                        3049.0,
                        3155.0,
                        17224.0,
                        9137.0,
                        12141.0,
                        2812.0,
                        1828.0,
                        3396.0,
                        2354.0,
                        3517.0,
                        7603.0,
                        5031.0,
                        4354.0,
                        6368.0,
                        2411.0,
                        6975.0,
                        4107.0,
                        14374.0,
                        6476.0,
                        3790.0
                    ]
                },
                "workstation": {
                    "valid": 1,
                    "score": 24847.0,
                    "ratio": 20.037903225806453,
                    "maximum": 63316.0,
                    "average": 28015.0,
                    "geometric": 24847.0,
                    "harmonic": 22291.0,
                    "minimum": 11985.0,
                    "kernels": [
                        46046.0,
                        31737.0,
                        24042.0,
                        23296.0,
                        20258.0,
                        19199.0,
                        63316.0,
                        33016.0,
                        44419.0,
                        13010.0,
                        12446.0,
                        13963.0,
                        11985.0,
                        16799.0,
                        32431.0,
                        20557.0,
                        34523.0,
                        23111.0,
                        16366.0,
                        49583.0,
                        16829.0,
                        58424.0,
                        27454.0,
                        19550.0
                    ]
                }
            }
        },
        "optimized": {
            "score": 24638.708717732967,
            "detailed": {
                "single_core": {
                    "valid": 1,
                    "score": 5962.0,
                    "ratio": 0.0,
                    "maximum": 27634.0,
                    "average": 8147.0,
                    "geometric": 5962.0,
                    "harmonic": 4591.0,
                    "minimum": 1850.0,
                    "kernels": [
                        25335.0,
                        6532.0,
                        6408.0,
                        6626.0,
                        2797.0,
                        3132.0,
                        27634.0,
                        13989.0,
                        13821.0,
                        7120.0,
                        3051.0,
                        8429.0,
                        2578.0,
                        2982.0,
                        6727.0,
                        5956.0,
                        4700.0,
                        16018.0,
                        1850.0,
                        2131.0,
                        16459.0,
                        4807.0,
                        4257.0,
                        2192.0
                    ]
                },
                "multi_core": {
                    "valid": 1,
                    "score": 106943.0,
                    "ratio": 17.937437101643745,
                    "maximum": 385689.0,
                    "average": 129165.0,
                    "geometric": 106943.0,
                    "harmonic": 90963.0,
                    "minimum": 40154.0,
                    "kernels": [
                        361474.0,
                        103571.0,
                        131509.0,
                        113634.0,
                        65142.0,
                        79483.0,
                        385689.0,
                        184856.0,
                        185039.0,
                        88977.0,
                        63859.0,
                        132100.0,
                        40154.0,
                        61235.0,
                        117374.0,
                        88977.0,
                        121952.0,
                        211826.0,
                        53525.0,
                        61367.0,
                        213607.0,
                        84164.0,
                        109875.0,
                        40563.0
                    ]
                },
                "quad_core": {
                    "valid": 1,
                    "score": 23459.0,
                    "ratio": 3.9347534384434755,
                    "maximum": 109170.0,
                    "average": 32079.0,