{
    "system_info": {
        "compiler_info": "cc (Debian 12.2.0-14) 12.2.0",
        "version_info": "3.3.0",
        "cpu_name": "AMD E1-6010 APU with AMD Radeon R2 Graphics @ 1.35GHz",
        "cpu_core_count": 2,
        "System": "AMD_E1_6010_Linux"
    },
    "timestamp": "3:28 24/12/2023",
    "comment": "64-bit Linux Debian 12",
    "full_result": {
        "non_optimized": {
            "score": 244.9886097717315,
            "detailed": {
                "single_core": {
                    "valid": 1,
                    "score": 154.0,
                    "ratio": 0.0,
                    "maximum": 417.0,
                    "average": 171.0,
                    "geometric": 154.0,
                    "harmonic": 140.0,
                    "minimum": 77.4,
                    "kernels": [
                        284.0,
                        208.0,
                        184.0,
                        166.0,
                        138.0,
                        121.0,
                        417.0,
                        197.0,
                        262.0,
                        82.5,
                        95.1,
                        94.6,
                        77.4,
                        88.0,
                        157.0,
                        136.0,
                        271.0,
                        129.0,
                        144.0,
                        258.0,
                        90.5,
                        250.0,
                        149.0,
                        102.0
                    ]
                },
                "multi_core": {
                    "valid": 1,
                    "score": 309.0,
                    "ratio": 2.0064935064935066,
                    "maximum": 829.0,
                    "average": 343.0,
                    "geometric": 309.0,
                    "harmonic": 280.0,
                    "minimum": 152.0,
                    "kernels": [
                        570.0,
                        414.0,
                        370.0,
                        344.0,
                        276.0,
                        240.0,
                        829.0,
                        396.0,
                        525.0,
                        170.0,
                        191.0,
                        189.0,
                        152.0,
                        174.0,
                        312.0,
                        275.0,
                        547.0,
                        257.0,
                        291.0,
                        521.0,
                        181.0,
                        492.0,
                        301.0,
                        204.0
                    ]
                },
                "quad_core": {
                    "valid": 1,
                    "score": 309.0,
                    "ratio": 2.0064935064935066,
                    "maximum": 829.0,
                    "average": 343.0,
                    "geometric": 309.0,
                    "harmonic": 280.0,
                    "minimum": 152.0,
                    "kernels": [
                        570.0,
                        414.0,
                        370.0,
                        344.0,
                        276.0,
                        240.0,
                        829.0,
                        396.0,
                        525.0,
                        170.0,
                        191.0,
                        189.0,
                        152.0,
                        174.0,
                        312.0,
                        275.0,
                        547.0,
                        257.0,
                        291.0,
                        521.0,
                        181.0,
                        492.0,
                        301.0,
                        204.0
                    ]
                },
                "workstation": {
                    "valid": 1,
                    "score": 308.0,
                    "ratio": 2.0,
                    "maximum": 826.0,
                    "average": 342.0,
                    "geometric": 308.0,
                    "harmonic": 280.0,
                    "minimum": 152.0,
                    "kernels": [
                        565.0,
                        414.0,
                        369.0,
                        344.0,
                        277.0,
                        240.0,
                        826.0,
                        395.0,
                        524.0,
                        169.0,
                        191.0,
                        189.0,
                        152.0,
                        174.0,
                        313.0,
                        271.0,
                        547.0,
                        258.0,
                        291.0,
                        518.0,
                        181.0,
                        492.0,
                        302.0,
                        205.0
                    ]
                }
            }
        },
        "optimized": {
            "score": 897.4104161793501,
            "detailed": {
                "single_core": {
                    "valid": 1,
                    "score": 566.0,
                    "ratio": 0.0,
                    "maximum": 2063.0,
                    "average": 690.0,
                    "geometric": 566.0,
                    "harmonic": 481.0,
                    "minimum": 205.0,
                    "kernels": [
                        1838.0,
                        661.0,
                        811.0,
                        662.0,
                        321.0,
                        389.0,
                        2063.0,
                        1000.0,
                        1215.0,
                        414.0,
                        397.0,
                        565.0,
                        205.0,
                        320.0,
                        417.0,
                        467.0,
                        623.0,
                        818.0,
                        367.0,
                        378.0,
                        1367.0,
                        252.0,
                        719.0,
                        280.0
                    ]
                },
                "multi_core": {
                    "valid": 1,
                    "score": 1130.0,
                    "ratio": 1.9964664310954063,
                    "maximum": 4123.0,
                    "average": 1377.0,
                    "geometric": 1130.0,
                    "harmonic": 959.0,
                    "minimum": 410.0,
                    "kernels": [
                        3672.0,
                        1323.0,
                        1622.0,
                        1315.0,
                        639.0,
                        777.0,
                        4123.0,
                        1997.0,
                        2426.0,
                        826.0,
                        794.0,
                        1123.0,
                        410.0,
                        635.0,
                        833.0,
                        927.0,
                        1246.0,
                        1637.0,
                        733.0,
                        756.0,
                        2734.0,
                        504.0,
                        1438.0,
                        553.0
                    ]
                },
                "quad_core": {
                    "valid": 1,
                    "score": 1130.0,
                    "ratio": 1.9964664310954063,
                    "maximum": 4123.0,
                    "average": 1377.0,
                    "geometric": 1130.0,
                    "harmonic": 959.0,
                    "minimum": 410.0,