{
    "system_info": {
        "compiler_info": "cc (Debian 12.2.0-14) 12.2.0",
        "version_info": "3.3.0",
        "cpu_name": "BCM2712 chip / 4x ARM Cortex A76(ARMv8) @ 2.40GHz",
        "cpu_core_count": 4,
        "System": "Raspberry_Pi_5_Linux"
    },
    "timestamp": "17:31 27/12/2023",
    "comment": "Raspberry Pi 5 / Debian 12 / No cooling / BCM2712 chip / 4x ARM Cortex A76(ARMv8) @ 2.40GHz / Year 2023",
    "full_result": {
        "non_optimized": {
            "score": 1006.1408790791413,
            "detailed": {
                "single_core": {
                    "valid": 1,
                    "score": 465.0,
                    "ratio": 0.0,
                    "maximum": 1354.0,
                    "average": 532.0,
                    "geometric": 465.0,
                    "harmonic": 411.0,
                    "minimum": 177.0,
                    "kernels": [
                        904.0,
                        515.0,
                        466.0,
                        489.0,
                        419.0,
                        343.0,
                        1354.0,
                        614.0,
                        858.0,
                        269.0,
                        260.0,
                        270.0,
                        177.0,
                        259.0,
                        581.0,
                        377.0,
                        643.0,
                        553.0,
                        366.0,
                        694.0,
                        285.0,
                        1209.0,
                        586.0,
                        277.0
                    ]
                },
                "multi_core": {
                    "valid": 1,
                    "score": 1480.0,
                    "ratio": 3.182795698924731,
                    "maximum": 4398.0,
                    "average": 1695.0,
                    "geometric": 1480.0,
                    "harmonic": 1305.0,
                    "minimum": 567.0,
                    "kernels": [
                        3043.0,
                        1752.0,
                        1545.0,
                        1655.0,
                        1392.0,
                        1148.0,
                        4398.0,
                        1956.0,
                        2710.0,
                        840.0,
                        819.0,
                        850.0,
                        567.0,
                        813.0,
                        1888.0,
                        1187.0,
                        1964.0,
                        1690.0,
                        1143.0,
                        2125.0,
                        878.0,
                        3661.0,
                        1816.0,
                        851.0
                    ]
                },
                "quad_core": {
                    "valid": 1,
                    "score": 1480.0,
                    "ratio": 3.182795698924731,
                    "maximum": 4398.0,
                    "average": 1695.0,
                    "geometric": 1480.0,
                    "harmonic": 1305.0,
                    "minimum": 567.0,
                    "kernels": [
                        3043.0,
                        1752.0,
                        1545.0,
                        1655.0,
                        1392.0,
                        1148.0,
                        4398.0,
                        1956.0,
                        2710.0,
                        840.0,
                        819.0,
                        850.0,
                        567.0,
                        813.0,
                        1888.0,
                        1187.0,
                        1964.0,
                        1690.0,
                        1143.0,
                        2125.0,
                        878.0,
                        3661.0,
                        1816.0,
                        851.0
                    ]
                },
                "workstation": {
                    "valid": 1,
                    "score": 1235.0,
                    "ratio": 2.6559139784946235,
                    "maximum": 3579.0,
                    "average": 1414.0,
                    "geometric": 1235.0,
                    "harmonic": 1089.0,
                    "minimum": 472.0,
                    "kernels": [
                        2383.0,
                        1386.0,
                        1240.0,
                        1304.0,
                        1113.0,
                        933.0,
                        3579.0,
                        1631.0,
                        2278.0,
                        712.0,
                        673.0,
                        673.0,
                        472.0,
                        682.0,
                        1564.0,
                        1012.0,
                        1671.0,
                        1463.0,
                        981.0,
                        1851.0,
                        766.0,
                        3238.0,
                        1579.0,
                        747.0
                    ]
                }
            }
        },
        "optimized": {
            "score": 4211.3767851447765,
            "detailed": {
                "single_core": {
                    "valid": 1,
                    "score": 1989.0,
                    "ratio": 0.0,
                    "maximum": 7976.0,
                    "average": 2484.0,
                    "geometric": 1989.0,
                    "harmonic": 1646.0,
                    "minimum": 665.0,
                    "kernels": [
                        6126.0,
                        1731.0,
                        2473.0,
                        1899.0,
                        903.0,
                        1380.0,
                        7976.0,
                        4444.0,
                        4117.0,
                        1748.0,
                        1009.0,
                        1964.0,
                        665.0,
                        1101.0,
                        2663.0,
                        1495.0,
                        1604.0,
                        4410.0,
                        1031.0,
                        2089.0,
                        4563.0,
                        1501.0,
                        1918.0,
                        802.0
                    ]
                },
                "multi_core": {
                    "valid": 1,
                    "score": 6128.0,
                    "ratio": 3.0809451985922576,
                    "maximum": 26093.0,
                    "average": 7737.0,
                    "geometric": 6128.0,
                    "harmonic": 5029.0,
                    "minimum": 1986.0,
                    "kernels": [
                        19537.0,
                        5631.0,
                        7608.0,
                        6190.0,
                        2672.0,
                        4248.0,
                        26093.0,
                        13299.0,
                        12897.0,
                        5378.0,
                        2997.0,
                        6086.0,
                        1986.0,
                        3222.0,
                        8003.0,
                        4689.0,
                        4946.0,
                        13225.0,
                        3053.0,
                        6329.0,
                        14499.0,
                        4634.0,
                        5940.0,
                        2515.0
                    ]
                },
                "quad_core": {
                    "valid": 1,
                    "score": 6128.0,
                    "ratio": 3.0809451985922576,
                    "maximum": 26093.0,
                    "average": 7737.0,
                    "geometric": 6128.0,