{
    "system_info": {
        "compiler_info": "cc (Debian 12.2.0-14) 12.2.0",
        "version_info": "3.3.0",
        "cpu_name": "Intel(R) Core(TM) i7-2600 CPU @ 3.40GHz",
        "cpu_core_count": 8,
        "System": "Intel_Core_i7_2600_Linux"
    },
    "timestamp": "02:56 13/01/2024",
    "comment": "Debian 12",
    "full_result": {
        "non_optimized": {
            "score": 1604.6103971802245,
            "detailed": {
                "single_core": {
                    "valid": 1,
                    "score": 633.0,
                    "ratio": 0.0,
                    "maximum": 1619.0,
                    "average": 699.0,
                    "geometric": 633.0,
                    "harmonic": 575.0,
                    "minimum": 282.0,
                    "kernels": [
                        866.0,
                        968.0,
                        789.0,
                        732.0,
                        478.0,
                        558.0,
                        1619.0,
                        888.0,
                        1186.0,
                        340.0,
                        395.0,
                        332.0,
                        282.0,
                        472.0,
                        678.0,
                        586.0,
                        971.0,
                        595.0,
                        477.0,
                        1064.0,
                        386.0,
                        974.0,
                        700.0,
                        431.0
                    ]
                },
                "multi_core": {
                    "valid": 1,
                    "score": 2747.0,
                    "ratio": 4.339652448657188,
                    "maximum": 6354.0,
                    "average": 3021.0,
                    "geometric": 2747.0,
                    "harmonic": 2503.0,
                    "minimum": 1254.0,
                    "kernels": [
                        5035.0,
                        3496.0,
                        3243.0,
                        2990.0,
                        2736.0,
                        2192.0,
                        6354.0,
                        3499.0,
                        4298.0,
                        1393.0,
                        1759.0,
                        1759.0,
                        1254.0,
                        1805.0,
                        3186.0,
                        2384.0,
                        4853.0,
                        2311.0,
                        2513.0,
                        5235.0,
                        1551.0,
                        4153.0,
                        2611.0,
                        1899.0
                    ]
                },
                "quad_core": {
                    "valid": 1,
                    "score": 2376.0,
                    "ratio": 3.7535545023696684,
                    "maximum": 6111.0,
                    "average": 2629.0,
                    "geometric": 2376.0,
                    "harmonic": 2157.0,
                    "minimum": 1054.0,
                    "kernels": [
                        3991.0,
                        3094.0,
                        2986.0,
                        2751.0,
                        1983.0,
                        2043.0,
                        6111.0,
                        3350.0,
                        4495.0,
                        1292.0,
                        1457.0,
                        1466.0,
                        1054.0,
                        1500.0,
                        2462.0,
                        2171.0,
                        3785.0,
                        2194.0,
                        1748.0,
                        4072.0,
                        1413.0,
                        3547.0,
                        2561.0,
                        1572.0
                    ]
                },
                "workstation": {
                    "valid": 1,
                    "score": 2757.0,
                    "ratio": 4.355450236966824,
                    "maximum": 6257.0,
                    "average": 3026.0,
                    "geometric": 2757.0,
                    "harmonic": 2516.0,
                    "minimum": 1257.0,
                    "kernels": [
                        4914.0,
                        3460.0,
                        3179.0,
                        2949.0,
                        2679.0,
                        2194.0,
                        6257.0,
                        3497.0,
                        4299.0,
                        1392.0,
                        1770.0,
                        1751.0,
                        1257.0,
                        1811.0,
                        3153.0,
                        2426.0,
                        4909.0,
                        2290.0,
                        2551.0,
                        5331.0,
                        1537.0,
                        4169.0,
                        2801.0,
                        2055.0
                    ]
                }
            }
        },
        "optimized": {
            "score": 6002.629646399003,
            "detailed": {
                "single_core": {
                    "valid": 1,
                    "score": 2276.0,
                    "ratio": 0.0,
                    "maximum": 11086.0,
                    "average": 3062.0,
                    "geometric": 2276.0,
                    "harmonic": 1820.0,
                    "minimum": 863.0,
                    "kernels": [
                        9268.0,
                        2930.0,
                        2380.0,
                        2504.0,
                        989.0,
                        1902.0,
                        11086.0,
                        5346.0,
                        6493.0,
                        2002.0,
                        1262.0,
                        2658.0,
                        863.0,
                        1427.0,
                        1411.0,
                        1998.0,
                        1973.0,
                        4095.0,
                        930.0,
                        926.0,
                        6504.0,
                        1201.0,
                        2162.0,
                        1167.0
                    ]
                },
                "multi_core": {
                    "valid": 1,
                    "score": 11147.0,
                    "ratio": 4.897627416520211,
                    "maximum": 41638.0,
                    "average": 13661.0,
                    "geometric": 11147.0,
                    "harmonic": 9394.0,
                    "minimum": 4411.0,
                    "kernels": [
                        35312.0,
                        11664.0,
                        16528.0,
                        12631.0,
                        6453.0,
                        9380.0,
                        41638.0,
                        20127.0,
                        23146.0,
                        7840.0,
                        7881.0,
                        13038.0,
                        4411.0,
                        6046.0,
                        5953.0,
                        9478.0,
                        13426.0,
                        19947.0,
                        7063.0,
                        5677.0,
                        25436.0,
                        5029.0,
                        14019.0,
                        5745.0
                    ]
                },
                "quad_core": {
                    "valid": 1,
                    "score": 8525.0,
                    "ratio": 3.7456063268892796,
                    "maximum": 40873.0,
                    "average": 11443.0,
                    "geometric": 8525.0,
                    "harmonic": 6822.0,
                    "minimum": 3225.0,