{
    "system_info": {
        "compiler_info": "cc (Debian 12.2.0-14) 12.2.0",
        "version_info": "3.3.0",
        "cpu_name": "AMD EPYC 7401P 24-Core Processor",
        "cpu_core_count": 48,
        "System": "AMD_EPYC_7401P_Linux"
    },
    "timestamp": "07:18 11/01/2024",
    "comment": "Debian 12",
    "full_result": {
        "non_optimized": {
            "score": 2794.0748903848275,
            "detailed": {
                "single_core": {
                    "valid": 1,
                    "score": 584.0,
                    "ratio": 0.0,
                    "maximum": 1801.0,
                    "average": 683.0,
                    "geometric": 584.0,
                    "harmonic": 504.0,
                    "minimum": 197.0,
                    "kernels": [
                        1191.0,
                        825.0,
                        535.0,
                        559.0,
                        403.0,
                        481.0,
                        1801.0,
                        1023.0,
                        1405.0,
                        333.0,
                        265.0,
                        322.0,
                        197.0,
                        379.0,
                        785.0,
                        572.0,
                        579.0,
                        641.0,
                        345.0,
                        1011.0,
                        445.0,
                        1233.0,
                        709.0,
                        354.0
                    ]
                },
                "multi_core": {
                    "valid": 1,
                    "score": 15867.0,
                    "ratio": 27.169520547945204,
                    "maximum": 39203.0,
                    "average": 17889.0,
                    "geometric": 15867.0,
                    "harmonic": 14245.0,
                    "minimum": 7112.0,
                    "kernels": [
                        26590.0,
                        18747.0,
                        16096.0,
                        15648.0,
                        14005.0,
                        11666.0,
                        39203.0,
                        20444.0,
                        27869.0,
                        8610.0,
                        9088.0,
                        9049.0,
                        7112.0,
                        9850.0,
                        17958.0,
                        13098.0,
                        26238.0,
                        13378.0,
                        13487.0,
                        38844.0,
                        9404.0,
                        33456.0,
                        17490.0,
                        11995.0
                    ]
                },
                "quad_core": {
                    "valid": 1,
                    "score": 2354.0,
                    "ratio": 4.030821917808219,
                    "maximum": 7220.0,
                    "average": 2737.0,
                    "geometric": 2354.0,
                    "harmonic": 2053.0,
                    "minimum": 911.0,
                    "kernels": [
                        4786.0,
                        3291.0,
                        2137.0,
                        2226.0,
                        1641.0,
                        1917.0,
                        7220.0,
                        4094.0,
                        5621.0,
                        1331.0,
                        1120.0,
                        1290.0,
                        911.0,
                        1488.0,
                        3139.0,
                        2265.0,
                        2288.0,
                        2561.0,
                        1388.0,
                        4038.0,
                        1773.0,
                        4921.0,
                        2824.0,
                        1421.0
                    ]
                },
                "workstation": {
                    "valid": 1,
                    "score": 15341.0,
                    "ratio": 26.268835616438356,
                    "maximum": 37582.0,
                    "average": 17292.0,
                    "geometric": 15341.0,
                    "harmonic": 13769.0,
                    "minimum": 6853.0,
                    "kernels": [
                        25678.0,
                        18110.0,
                        15598.0,
                        15118.0,
                        13521.0,
                        11270.0,
                        37582.0,
                        19877.0,
                        27034.0,
                        8372.0,
                        8728.0,
                        8698.0,
                        6853.0,
                        9561.0,
                        17322.0,
                        12680.0,
                        25102.0,
                        12956.0,
                        12950.0,
                        37526.0,
                        9052.0,
                        32459.0,
                        17372.0,
                        11597.0
                    ]
                }
            }
        },
        "optimized": {
            "score": 12778.653961471218,
            "detailed": {
                "single_core": {
                    "valid": 1,
                    "score": 2737.0,
                    "ratio": 0.0,
                    "maximum": 12575.0,
                    "average": 3699.0,
                    "geometric": 2737.0,
                    "harmonic": 2138.0,
                    "minimum": 868.0,
                    "kernels": [
                        11667.0,
                        3283.0,
                        2926.0,
                        3094.0,
                        1102.0,
                        1533.0,
                        12575.0,
                        6271.0,
                        6646.0,
                        3015.0,
                        1261.0,
                        3059.0,
                        1113.0,
                        1568.0,
                        3793.0,
                        2457.0,
                        2183.0,
                        6593.0,
                        868.0,
                        1116.0,
                        7301.0,
                        2073.0,
                        1991.0,
                        1280.0
                    ]
                },
                "multi_core": {
                    "valid": 1,
                    "score": 69657.0,
                    "ratio": 25.45012787723785,
                    "maximum": 247974.0,
                    "average": 83210.0,
                    "geometric": 69657.0,
                    "harmonic": 59988.0,
                    "minimum": 26562.0,
                    "kernels": [
                        206725.0,
                        71285.0,
                        91255.0,
                        80498.0,
                        38510.0,
                        41308.0,
                        247974.0,
                        112878.0,
                        122898.0,
                        53542.0,
                        39066.0,
                        65514.0,
                        26562.0,
                        36209.0,
                        89067.0,
                        55379.0,
                        79921.0,
                        141281.0,
                        35982.0,
                        46026.0,
                        148335.0,
                        51895.0,
                        72668.0,
                        42266.0
                    ]
                },
                "quad_core": {
                    "valid": 1,
                    "score": 10945.0,
                    "ratio": 3.998903909389843,
                    "maximum": 50288.0,
                    "average": 14781.0,
                    "geometric": 10945.0,