{
    "system_info": {
        "compiler_info": "Apple clang version 15.0.0 (clang-1500.3.9.4)",
        "version_info": "3.3.0",
        "cpu_name": "Apple A7 / 8960X-64bit",
        "cpu_core_count": 2,
        "System": "Apple_A7_iPhone_5S_2013"
    },
    "timestamp": "09:30 27/11/2024",
    "comment": "Apple A7 / iPhone 5S / Year 2013",
    "full_result": {
        "non_optimized": {
            "score": 277.7591724190392,
            "detailed": {
                "single_core": {
                    "valid": 1,
                    "score": 179.0,
                    "ratio": 0.0,
                    "maximum": 410.0,
                    "average": 200.0,
                    "geometric": 179.0,
                    "harmonic": 161.0,
                    "minimum": 77.7,
                    "kernels": [
                        309.0,
                        263.0,
                        140.0,
                        127.0,
                        131.0,
                        121.0,
                        405.0,
                        286.0,
                        410.0,
                        102.0,
                        94.6,
                        125.0,
                        77.7,
                        113.0,
                        226.0,
                        149.0,
                        249.0,
                        256.0,
                        117.0,
                        228.0,
                        157.0,
                        329.0,
                        267.0,
                        128.0
                    ]
                },
                "multi_core": {
                    "valid": 1,
                    "score": 346.0,
                    "ratio": 1.9329608938547487,
                    "maximum": 790.0,
                    "average": 388.0,
                    "geometric": 346.0,
                    "harmonic": 311.0,
                    "minimum": 155.0,
                    "kernels": [
                        603.0,
                        516.0,
                        274.0,
                        245.0,
                        251.0,
                        234.0,
                        781.0,
                        552.0,
                        790.0,
                        190.0,
                        180.0,
                        244.0,
                        155.0,
                        219.0,
                        432.0,
                        284.0,
                        480.0,
                        495.0,
                        230.0,
                        452.0,
                        306.0,
                        642.0,
                        506.0,
                        244.0
                    ]
                },
                "quad_core": {
                    "valid": 1,
                    "score": 346.0,
                    "ratio": 1.9329608938547487,
                    "maximum": 790.0,
                    "average": 388.0,
                    "geometric": 346.0,
                    "harmonic": 311.0,
                    "minimum": 155.0,
                    "kernels": [
                        603.0,
                        516.0,
                        274.0,
                        245.0,
                        251.0,
                        234.0,
                        781.0,
                        552.0,
                        790.0,
                        190.0,
                        180.0,
                        244.0,
                        155.0,
                        219.0,
                        432.0,
                        284.0,
                        480.0,
                        495.0,
                        230.0,
                        452.0,
                        306.0,
                        642.0,
                        506.0,
                        244.0
                    ]
                },
                "workstation": {
                    "valid": 1,
                    "score": 314.0,
                    "ratio": 1.7541899441340782,
                    "maximum": 719.0,
                    "average": 351.0,
                    "geometric": 314.0,
                    "harmonic": 282.0,
                    "minimum": 135.0,
                    "kernels": [
                        523.0,
                        446.0,
                        240.0,
                        229.0,
                        232.0,
                        218.0,
                        715.0,
                        507.0,
                        719.0,
                        168.0,
                        172.0,
                        215.0,
                        135.0,
                        197.0,
                        400.0,
                        272.0,
                        434.0,
                        441.0,
                        203.0,
                        411.0,
                        294.0,
                        569.0,
                        471.0,
                        220.0
                    ]
                }
            }
        },
        "optimized": {
            "score": 933.4789108664912,
            "detailed": {
                "single_core": {
                    "valid": 1,
                    "score": 659.0,
                    "ratio": 0.0,
                    "maximum": 1942.0,
                    "average": 789.0,
                    "geometric": 659.0,
                    "harmonic": 554.0,
                    "minimum": 225.0,
                    "kernels": [
                        1213.0,
                        523.0,
                        555.0,
                        739.0,
                        274.0,
                        331.0,
                        1937.0,
                        1942.0,
                        1639.0,
                        674.0,
                        295.0,
                        1012.0,
                        312.0,
                        501.0,
                        867.0,
                        892.0,
                        534.0,
                        1300.0,
                        225.0,
                        713.0,
                        981.0,
                        617.0,
                        486.0,
                        385.0
                    ]
                },
                "multi_core": {
                    "valid": 1,
                    "score": 1111.0,
                    "ratio": 1.6858877086494688,
                    "maximum": 3296.0,
                    "average": 1333.0,
                    "geometric": 1111.0,
                    "harmonic": 932.0,
                    "minimum": 364.0,
                    "kernels": [
                        2306.0,
                        1038.0,
                        1039.0,
                        1274.0,
                        482.0,
                        573.0,
                        3284.0,
                        3296.0,
                        2752.0,
                        1156.0,
                        485.0,
                        1541.0,
                        501.0,
                        809.0,
                        1377.0,
                        1414.0,
                        893.0,
                        2096.0,
                        364.0,
                        1180.0,
                        1645.0,
                        1028.0,
                        810.0,
                        640.0
                    ]
                },
                "quad_core": {
                    "valid": 1,
                    "score": 1111.0,
                    "ratio": 1.6858877086494688,
                    "maximum": 3296.0,
                    "average": 1333.0,
                    "geometric": 1111.0,
                    "harmonic": 932.0,
                    "minimum": 364.0,