{
    "system_info": {
        "compiler_info": "cc (Debian 12.2.0-14) 12.2.0",
        "version_info": "3.3.0",
        "cpu_name": "AMD Ryzen 9 9950X 16-Core Processor",
        "cpu_core_count": 32,
        "System": "AMD_Ryzen_9_9950X_Linux"
    },
    "timestamp": "21:08 25/10/2024",
    "comment": "AMD Ryzen 9 9950X / PBO=off / Real TDP=200 Watt / 64-bit Linux Debian 12",
    "full_result": {
        "non_optimized": {
            "score": 6665.934086321296,
            "detailed": {
                "single_core": {
                    "valid": 1,
                    "score": 1595.0,
                    "ratio": 0.0,
                    "maximum": 5349.0,
                    "average": 1990.0,
                    "geometric": 1595.0,
                    "harmonic": 1292.0,
                    "minimum": 454.0,
                    "kernels": [
                        3673.0,
                        2906.0,
                        965.0,
                        1367.0,
                        715.0,
                        798.0,
                        5349.0,
                        2968.0,
                        4589.0,
                        751.0,
                        454.0,
                        1279.0,
                        874.0,
                        1410.0,
                        2019.0,
                        1812.0,
                        1436.0,
                        1968.0,
                        613.0,
                        3012.0,
                        1402.0,
                        4584.0,
                        1702.0,
                        1126.0
                    ]
                },
                "multi_core": {
                    "valid": 1,
                    "score": 29505.0,
                    "ratio": 18.49843260188088,
                    "maximum": 84092.0,
                    "average": 33956.0,
                    "geometric": 29505.0,
                    "harmonic": 26115.0,
                    "minimum": 13611.0,
                    "kernels": [
                        57348.0,
                        39084.0,
                        27856.0,
                        27365.0,
                        22286.0,
                        22160.0,
                        84092.0,
                        39544.0,
                        56092.0,
                        14152.0,
                        14203.0,
                        21013.0,
                        13611.0,
                        20185.0,
                        33704.0,
                        25837.0,
                        36778.0,
                        26261.0,
                        17129.0,
                        72498.0,
                        18600.0,
                        68487.0,
                        33142.0,
                        23525.0
                    ]
                },
                "quad_core": {
                    "valid": 1,
                    "score": 6294.0,
                    "ratio": 3.946081504702194,
                    "maximum": 21146.0,
                    "average": 7840.0,
                    "geometric": 6294.0,
                    "harmonic": 5113.0,
                    "minimum": 1835.0,
                    "kernels": [
                        14727.0,
                        11382.0,
                        3752.0,
                        5524.0,
                        2912.0,
                        3134.0,
                        21146.0,
                        11648.0,
                        18016.0,
                        2970.0,
                        1835.0,
                        5000.0,
                        3377.0,
                        5484.0,
                        7824.0,
                        7095.0,
                        5594.0,
                        7753.0,
                        2399.0,
                        11835.0,
                        5701.0,
                        17851.0,
                        6647.0,
                        4555.0
                    ]
                },
                "workstation": {
                    "valid": 1,
                    "score": 29624.0,
                    "ratio": 18.573040752351098,
                    "maximum": 83396.0,
                    "average": 34057.0,
                    "geometric": 29624.0,
                    "harmonic": 26220.0,
                    "minimum": 13442.0,
                    "kernels": [
                        56900.0,
                        39067.0,
                        27855.0,
                        28353.0,
                        22329.0,
                        22237.0,
                        83396.0,
                        40034.0,
                        56643.0,
                        14168.0,
                        14150.0,
                        21002.0,
                        13442.0,
                        21010.0,
                        34090.0,
                        26144.0,
                        37032.0,
                        26051.0,
                        17178.0,
                        73165.0,
                        18824.0,
                        68240.0,
                        32389.0,
                        23674.0
                    ]
                }
            }
        },
        "optimized": {
            "score": 30415.386541934262,
            "detailed": {
                "single_core": {
                    "valid": 1,
                    "score": 7466.0,
                    "ratio": 0.0,
                    "maximum": 34879.0,
                    "average": 9855.0,
                    "geometric": 7466.0,
                    "harmonic": 5841.0,
                    "minimum": 2047.0,
                    "kernels": [
                        26352.0,
                        6361.0,
                        8840.0,
                        8794.0,
                        3138.0,
                        4129.0,
                        34879.0,
                        15703.0,
                        17872.0,
                        8949.0,
                        3950.0,
                        8504.0,
                        3764.0,
                        4941.0,
                        7608.0,
                        8934.0,
                        5497.0,
                        19969.0,
                        2047.0,
                        2238.0,
                        17170.0,
                        7179.0,
                        5467.0,
                        4232.0
                    ]
                },
                "multi_core": {
                    "valid": 1,
                    "score": 129105.0,
                    "ratio": 17.292392177873026,
                    "maximum": 471654.0,
                    "average": 153911.0,
                    "geometric": 129105.0,
                    "harmonic": 110901.0,
                    "minimum": 50346.0,
                    "kernels": [
                        351789.0,
                        113515.0,
                        151180.0,
                        134966.0,
                        63985.0,
                        89878.0,
                        471654.0,
                        220848.0,
                        252620.0,
                        123533.0,
                        73671.0,
                        135022.0,
                        50346.0,
                        77365.0,
                        142077.0,
                        122172.0,
                        132254.0,
                        254413.0,
                        58595.0,
                        62368.0,
                        269351.0,
                        115436.0,
                        146891.0,
                        79938.0
                    ]
                },
                "quad_core": {
                    "valid": 1,
                    "score": 29191.0,
                    "ratio": 3.909858023037771,