{
    "system_info": {
        "compiler_info": "cc (Debian 12.2.0-14) 12.2.0",
        "version_info": "3.3.0",
        "cpu_name": "BCM2837 / 4x Cortex A53(ARMv8) @ 1.20GHz",
        "cpu_core_count": 4,
        "System": "Raspberry_Pi_3_Linux"
    },
    "timestamp": "23:47 22/12/2023",
    "comment": "Raspberry Pi 3 / Debian 12 / No cooling / BCM2837 / 4x Cortex A53(ARMv8) @ 1.20GHz / Year 2016",
    "full_result": {
        "non_optimized": {
            "score": 127.75587012495872,
            "detailed": {
                "single_core": {
                    "valid": 1,
                    "score": 50.6,
                    "ratio": 0.0,
                    "maximum": 130.0,
                    "average": 56.1,
                    "geometric": 50.6,
                    "harmonic": 45.8,
                    "minimum": 24.2,
                    "kernels": [
                        73.0,
                        53.8,
                        49.1,
                        53.7,
                        44.5,
                        42.7,
                        103.0,
                        60.1,
                        68.2,
                        25.9,
                        30.1,
                        32.7,
                        24.2,
                        28.2,
                        76.8,
                        46.9,
                        88.0,
                        55.1,
                        46.8,
                        94.9,
                        29.6,
                        130.0,
                        58.3,
                        31.4
                    ]
                },
                "multi_core": {
                    "valid": 1,
                    "score": 203.0,
                    "ratio": 4.011857707509881,
                    "maximum": 522.0,
                    "average": 225.0,
                    "geometric": 203.0,
                    "harmonic": 184.0,
                    "minimum": 98.2,
                    "kernels": [
                        292.0,
                        215.0,
                        196.0,
                        215.0,
                        178.0,
                        171.0,
                        411.0,
                        246.0,
                        273.0,
                        103.0,
                        120.0,
                        131.0,
                        98.2,
                        115.0,
                        308.0,
                        188.0,
                        352.0,
                        220.0,
                        187.0,
                        380.0,
                        118.0,
                        522.0,
                        233.0,
                        125.0
                    ]
                },
                "quad_core": {
                    "valid": 1,
                    "score": 203.0,
                    "ratio": 4.011857707509881,
                    "maximum": 522.0,
                    "average": 225.0,
                    "geometric": 203.0,
                    "harmonic": 184.0,
                    "minimum": 98.2,
                    "kernels": [
                        292.0,
                        215.0,
                        196.0,
                        215.0,
                        178.0,
                        171.0,
                        411.0,
                        246.0,
                        273.0,
                        103.0,
                        120.0,
                        131.0,
                        98.2,
                        115.0,
                        308.0,
                        188.0,
                        352.0,
                        220.0,
                        187.0,
                        380.0,
                        118.0,
                        522.0,
                        233.0,
                        125.0
                    ]
                },
                "workstation": {
                    "valid": 1,
                    "score": 198.0,
                    "ratio": 3.9130434782608696,
                    "maximum": 518.0,
                    "average": 220.0,
                    "geometric": 198.0,
                    "harmonic": 179.0,
                    "minimum": 96.2,
                    "kernels": [
                        289.0,
                        213.0,
                        174.0,
                        210.0,
                        175.0,
                        167.0,
                        405.0,
                        243.0,
                        271.0,
                        103.0,
                        119.0,
                        128.0,
                        96.2,
                        106.0,
                        291.0,
                        187.0,
                        346.0,
                        216.0,
                        183.0,
                        372.0,
                        117.0,
                        518.0,
                        230.0,
                        123.0
                    ]
                }
            }
        },
        "optimized": {
            "score": 649.4963538396983,
            "detailed": {
                "single_core": {
                    "valid": 1,
                    "score": 267.0,
                    "ratio": 0.0,
                    "maximum": 737.0,
                    "average": 298.0,
                    "geometric": 267.0,
                    "harmonic": 239.0,
                    "minimum": 106.0,
                    "kernels": [
                        456.0,
                        272.0,
                        454.0,
                        354.0,
                        193.0,
                        139.0,
                        737.0,
                        474.0,
                        465.0,
                        228.0,
                        144.0,
                        188.0,
                        106.0,
                        174.0,
                        259.0,
                        237.0,
                        349.0,
                        456.0,
                        266.0,
                        236.0,
                        336.0,
                        175.0,
                        317.0,
                        148.0
                    ]
                },
                "multi_core": {
                    "valid": 1,
                    "score": 1013.0,
                    "ratio": 3.7940074906367043,
                    "maximum": 2843.0,
                    "average": 1134.0,
                    "geometric": 1013.0,
                    "harmonic": 911.0,
                    "minimum": 413.0,
                    "kernels": [
                        1790.0,
                        1072.0,
                        1770.0,
                        1361.0,
                        730.0,
                        540.0,
                        2843.0,
                        1824.0,
                        1829.0,
                        890.0,
                        569.0,
                        733.0,
                        413.0,
                        659.0,
                        984.0,
                        921.0,
                        1338.0,
                        1553.0,
                        866.0,
                        776.0,
                        1189.0,
                        699.0,
                        1276.0,
                        588.0
                    ]
                },
                "quad_core": {
                    "valid": 1,
                    "score": 1013.0,
                    "ratio": 3.7940074906367043,
                    "maximum": 2843.0,
                    "average": 1134.0,
                    "geometric": 1013.0,
                    "harmonic": 911.0,
                    "minimum": 413.0,