{
    "system_info": {
        "compiler_info": "gcc (Debian 12.2.0-14) 12.2.0 64-bit",
        "version_info": "3.3.0",
        "cpu_name": "AMD Ryzen 5 4500U with Radeon Graphics",
        "cpu_core_count": 6,
        "System": "AMD_Ryzen_5_4500U_Linux"
    },
    "timestamp": "17:29 9/12/2023",
    "comment": "Linux Debian 12 / Multi-core = 25 W TDP / Workstation = 15 W TDP",
    "full_result": {
        "non_optimized": {
            "score": 2353.1441994077295,
            "detailed": {
                "single_core": {
                    "valid": 1,
                    "score": 857.0,
                    "ratio": 0.0,
                    "maximum": 2485.0,
                    "average": 997.0,
                    "geometric": 857.0,
                    "harmonic": 749.0,
                    "minimum": 348.0,
                    "kernels": [
                        1743.0,
                        1288.0,
                        744.0,
                        789.0,
                        573.0,
                        660.0,
                        2485.0,
                        1468.0,
                        2049.0,
                        474.0,
                        348.0,
                        548.0,
                        399.0,
                        543.0,
                        1138.0,
                        749.0,
                        815.0,
                        920.0,
                        470.0,
                        1384.0,
                        652.0,
                        2056.0,
                        1059.0,
                        570.0
                    ]
                },
                "multi_core": {
                    "valid": 1,
                    "score": 4489.0,
                    "ratio": 5.238039673278879,
                    "maximum": 12596.0,
                    "average": 5169.0,
                    "geometric": 4489.0,
                    "harmonic": 3956.0,
                    "minimum": 2000.0,
                    "kernels": [
                        8891.0,
                        6590.0,
                        4012.0,
                        4172.0,
                        3214.0,
                        3444.0,
                        12596.0,
                        7429.0,
                        10222.0,
                        2465.0,
                        2000.0,
                        2863.0,
                        2043.0,
                        2757.0,
                        6023.0,
                        3903.0,
                        4465.0,
                        4796.0,
                        2591.0,
                        7583.0,
                        3304.0,
                        10312.0,
                        5398.0,
                        2983.0
                    ]
                },
                "quad_core": {
                    "valid": 1,
                    "score": 3387.0,
                    "ratio": 3.952158693115519,
                    "maximum": 9784.0,
                    "average": 3920.0,
                    "geometric": 3387.0,
                    "harmonic": 2976.0,
                    "minimum": 1471.0,
                    "kernels": [
                        6811.0,
                        5054.0,
                        2973.0,
                        3097.0,
                        2356.0,
                        2616.0,
                        9784.0,
                        5689.0,
                        7807.0,
                        1865.0,
                        1471.0,
                        2166.0,
                        1563.0,
                        2089.0,
                        4517.0,
                        2962.0,
                        3244.0,
                        3651.0,
                        1884.0,
                        5476.0,
                        2556.0,
                        8061.0,
                        4118.0,
                        2279.0
                    ]
                },
                "workstation": {
                    "valid": 1,
                    "score": 3862.0,
                    "ratio": 4.506417736289381,
                    "maximum": 10965.0,
                    "average": 4456.0,
                    "geometric": 3862.0,
                    "harmonic": 3397.0,
                    "minimum": 1701.0,
                    "kernels": [
                        7948.0,
                        5849.0,
                        3574.0,
                        3676.0,
                        2839.0,
                        3016.0,
                        10965.0,
                        6375.0,
                        8772.0,
                        2124.0,
                        1701.0,
                        2424.0,
                        1746.0,
                        2341.0,
                        5109.0,
                        3315.0,
                        3832.0,
                        4048.0,
                        2218.0,
                        6487.0,
                        2786.0,
                        8687.0,
                        4595.0,
                        2512.0
                    ]
                }
            }
        },
        "optimized": {
            "score": 9351.814746294687,
            "detailed": {
                "single_core": {
                    "valid": 1,
                    "score": 3731.0,
                    "ratio": 0.0,
                    "maximum": 17560.0,
                    "average": 5161.0,
                    "geometric": 3731.0,
                    "harmonic": 2840.0,
                    "minimum": 1181.0,
                    "kernels": [
                        16455.0,
                        4692.0,
                        4325.0,
                        4309.0,
                        1726.0,
                        2137.0,
                        17560.0,
                        8457.0,
                        8967.0,
                        4154.0,
                        1610.0,
                        3958.0,
                        1305.0,
                        1816.0,
                        4792.0,
                        3323.0,
                        3158.0,
                        10042.0,
                        1284.0,
                        1549.0,
                        11001.0,
                        3117.0,
                        2944.0,
                        1181.0
                    ]
                },
                "multi_core": {
                    "valid": 1,
                    "score": 16533.0,
                    "ratio": 4.4312516751541144,
                    "maximum": 72829.0,
                    "average": 22021.0,
                    "geometric": 16533.0,
                    "harmonic": 12998.0,
                    "minimum": 5655.0,
                    "kernels": [
                        65321.0,
                        19291.0,
                        19303.0,
                        18022.0,
                        8076.0,
                        9615.0,
                        72829.0,
                        35684.0,
                        38440.0,
                        17918.0,
                        7195.0,
                        16888.0,
                        5852.0,
                        8074.0,
                        22354.0,
                        14448.0,
                        14603.0,
                        40925.0,
                        6416.0,
                        8495.0,
                        46164.0,
                        12962.0,
                        13966.0,
                        5655.0
                    ]
                },
                "quad_core": {
                    "valid": 1,
                    "score": 13259.0,
                    "ratio": 3.5537389439828466,
                    "maximum": 59906.0,
                    "average": 17855.0,
                    "geometric": 13259.0,