{
    "system_info": {
        "compiler_info": "cc (Debian 12.2.0-14) 12.2.0",
        "version_info": "3.3.0",
        "cpu_name": "Intel(R) Core(TM) i5-4300U CPU @ 1.90GHz",
        "cpu_core_count": 4,
        "System": "Intel_Core_i5_4300U_Linux"
    },
    "timestamp": "15:18 4/1/2024",
    "comment": "Debian 12",
    "full_result": {
        "non_optimized": {
            "score": 951.6526652904038,
            "detailed": {
                "single_core": {
                    "valid": 1,
                    "score": 580.0,
                    "ratio": 0.0,
                    "maximum": 1389.0,
                    "average": 648.0,
                    "geometric": 580.0,
                    "harmonic": 522.0,
                    "minimum": 276.0,
                    "kernels": [
                        1152.0,
                        794.0,
                        633.0,
                        585.0,
                        424.0,
                        490.0,
                        1389.0,
                        866.0,
                        1156.0,
                        349.0,
                        303.0,
                        329.0,
                        276.0,
                        400.0,
                        726.0,
                        502.0,
                        811.0,
                        572.0,
                        378.0,
                        1000.0,
                        377.0,
                        1032.0,
                        661.0,
                        335.0
                    ]
                },
                "multi_core": {
                    "valid": 1,
                    "score": 1219.0,
                    "ratio": 2.1017241379310345,
                    "maximum": 2539.0,
                    "average": 1345.0,
                    "geometric": 1219.0,
                    "harmonic": 1110.0,
                    "minimum": 572.0,
                    "kernels": [
                        2052.0,
                        1525.0,
                        1294.0,
                        1245.0,
                        1142.0,
                        934.0,
                        2539.0,
                        1564.0,
                        2070.0,
                        659.0,
                        750.0,
                        745.0,
                        572.0,
                        782.0,
                        1386.0,
                        1009.0,
                        2075.0,
                        1030.0,
                        1075.0,
                        2446.0,
                        701.0,
                        2444.0,
                        1383.0,
                        858.0
                    ]
                },
                "quad_core": {
                    "valid": 1,
                    "score": 1219.0,
                    "ratio": 2.1017241379310345,
                    "maximum": 2539.0,
                    "average": 1345.0,
                    "geometric": 1219.0,
                    "harmonic": 1110.0,
                    "minimum": 572.0,
                    "kernels": [
                        2052.0,
                        1525.0,
                        1294.0,
                        1245.0,
                        1142.0,
                        934.0,
                        2539.0,
                        1564.0,
                        2070.0,
                        659.0,
                        750.0,
                        745.0,
                        572.0,
                        782.0,
                        1386.0,
                        1009.0,
                        2075.0,
                        1030.0,
                        1075.0,
                        2446.0,
                        701.0,
                        2444.0,
                        1383.0,
                        858.0
                    ]
                },
                "workstation": {
                    "valid": 1,
                    "score": 1177.0,
                    "ratio": 2.029310344827586,
                    "maximum": 2544.0,
                    "average": 1299.0,
                    "geometric": 1177.0,
                    "harmonic": 1070.0,
                    "minimum": 548.0,
                    "kernels": [
                        2027.0,
                        1470.0,
                        1280.0,
                        1199.0,
                        1110.0,
                        914.0,
                        2544.0,
                        1551.0,
                        2015.0,
                        635.0,
                        713.0,
                        701.0,
                        548.0,
                        742.0,
                        1378.0,
                        988.0,
                        1984.0,
                        1021.0,
                        1046.0,
                        2405.0,
                        679.0,
                        2147.0,
                        1254.0,
                        824.0
                    ]
                }
            }
        },
        "optimized": {
            "score": 3711.1409423559166,
            "detailed": {
                "single_core": {
                    "valid": 1,
                    "score": 2134.0,
                    "ratio": 0.0,
                    "maximum": 10071.0,
                    "average": 2815.0,
                    "geometric": 2134.0,
                    "harmonic": 1720.0,
                    "minimum": 778.0,
                    "kernels": [
                        8054.0,
                        2701.0,
                        1824.0,
                        2357.0,
                        928.0,
                        1498.0,
                        10071.0,
                        4192.0,
                        5245.0,
                        2273.0,
                        1141.0,
                        2537.0,
                        973.0,
                        1218.0,
                        1715.0,
                        2334.0,
                        1884.0,
                        4431.0,
                        788.0,
                        778.0,
                        6365.0,
                        1341.0,
                        1721.0,
                        1182.0
                    ]
                },
                "multi_core": {
                    "valid": 1,
                    "score": 4894.0,
                    "ratio": 2.293345829428304,
                    "maximum": 17803.0,
                    "average": 5891.0,
                    "geometric": 4894.0,
                    "harmonic": 4202.0,
                    "minimum": 1925.0,
                    "kernels": [
                        14928.0,
                        5512.0,
                        6750.0,
                        5499.0,
                        2778.0,
                        3853.0,
                        17803.0,
                        7703.0,
                        9352.0,
                        3873.0,
                        3270.0,
                        5274.0,
                        1925.0,
                        2388.0,
                        3411.0,
                        4444.0,
                        5678.0,
                        8786.0,
                        2858.0,
                        2605.0,
                        11766.0,
                        2970.0,
                        5300.0,
                        2657.0
                    ]
                },
                "quad_core": {
                    "valid": 1,
                    "score": 4894.0,
                    "ratio": 2.293345829428304,
                    "maximum": 17803.0,
                    "average": 5891.0,
                    "geometric": 4894.0,
                    "harmonic": 4202.0,
                    "minimum": 1925.0,