{
    "system_info": {
        "compiler_info": "cc (Debian 12.2.0-14) 12.2.0",
        "version_info": "3.3.0",
        "cpu_name": "AMD Ryzen Threadripper 2950X 16-Core Processor",
        "cpu_core_count": 32,
        "System": "AMD_Threadripper_2950X_Linux"
    },
    "timestamp": "15:32 18/12/2023",
    "comment": "",
    "full_result": {
        "non_optimized": {
            "score": 3504.9070564953936,
            "detailed": {
                "single_core": {
                    "valid": 1,
                    "score": 844.0,
                    "ratio": 0.0,
                    "maximum": 2595.0,
                    "average": 982.0,
                    "geometric": 844.0,
                    "harmonic": 734.0,
                    "minimum": 318.0,
                    "kernels": [
                        1697.0,
                        1185.0,
                        771.0,
                        801.0,
                        585.0,
                        694.0,
                        2595.0,
                        1466.0,
                        2014.0,
                        474.0,
                        383.0,
                        465.0,
                        318.0,
                        543.0,
                        1136.0,
                        813.0,
                        834.0,
                        918.0,
                        499.0,
                        1447.0,
                        637.0,
                        1768.0,
                        1015.0,
                        515.0
                    ]
                },
                "multi_core": {
                    "valid": 1,
                    "score": 15269.0,
                    "ratio": 18.091232227488153,
                    "maximum": 37711.0,
                    "average": 17218.0,
                    "geometric": 15269.0,
                    "harmonic": 13706.0,
                    "minimum": 6771.0,
                    "kernels": [
                        25677.0,
                        18128.0,
                        15651.0,
                        15088.0,
                        13456.0,
                        11244.0,
                        37711.0,
                        19724.0,
                        26851.0,
                        8416.0,
                        8769.0,
                        8789.0,
                        6771.0,
                        9509.0,
                        17246.0,
                        12665.0,
                        25070.0,
                        12858.0,
                        12880.0,
                        37531.0,
                        8883.0,
                        32265.0,
                        16504.0,
                        11557.0
                    ]
                },
                "quad_core": {
                    "valid": 1,
                    "score": 3341.0,
                    "ratio": 3.9585308056872037,
                    "maximum": 10232.0,
                    "average": 3888.0,
                    "geometric": 3341.0,
                    "harmonic": 2910.0,
                    "minimum": 1261.0,
                    "kernels": [
                        6896.0,
                        4646.0,
                        3054.0,
                        3186.0,
                        2349.0,
                        2722.0,
                        10232.0,
                        5816.0,
                        7958.0,
                        1884.0,
                        1593.0,
                        1836.0,
                        1261.0,
                        2088.0,
                        4503.0,
                        3204.0,
                        3240.0,
                        3629.0,
                        1977.0,
                        5720.0,
                        2524.0,
                        6945.0,
                        4013.0,
                        2026.0
                    ]
                },
                "workstation": {
                    "valid": 1,
                    "score": 15032.0,
                    "ratio": 17.81042654028436,
                    "maximum": 36821.0,
                    "average": 16925.0,
                    "geometric": 15032.0,
                    "harmonic": 13501.0,
                    "minimum": 6671.0,
                    "kernels": [
                        25213.0,
                        17930.0,
                        15430.0,
                        15068.0,
                        13237.0,
                        11041.0,
                        36721.0,
                        19686.0,
                        26741.0,
                        8368.0,
                        8589.0,
                        8600.0,
                        6671.0,
                        9446.0,
                        17067.0,
                        12484.0,
                        25005.0,
                        12613.0,
                        12911.0,
                        36821.0,
                        8701.0,
                        30580.0,
                        16025.0,
                        11242.0
                    ]
                }
            }
        },
        "optimized": {
            "score": 14984.214630567993,
            "detailed": {
                "single_core": {
                    "valid": 1,
                    "score": 3595.0,
                    "ratio": 0.0,
                    "maximum": 17002.0,
                    "average": 4962.0,
                    "geometric": 3595.0,
                    "harmonic": 2677.0,
                    "minimum": 819.0,
                    "kernels": [
                        15074.0,
                        4422.0,
                        4044.0,
                        4141.0,
                        1568.0,
                        2154.0,
                        17002.0,
                        8472.0,
                        9076.0,
                        4129.0,
                        1788.0,
                        4288.0,
                        819.0,
                        1792.0,
                        5268.0,
                        3414.0,
                        3090.0,
                        8926.0,
                        1238.0,
                        1598.0,
                        9924.0,
                        2824.0,
                        2831.0,
                        1218.0
                    ]
                },
                "multi_core": {
                    "valid": 1,
                    "score": 65439.0,
                    "ratio": 18.20278164116829,
                    "maximum": 245098.0,
                    "average": 80000.0,
                    "geometric": 65439.0,
                    "harmonic": 54288.0,
                    "minimum": 20672.0,
                    "kernels": [
                        205385.0,
                        71437.0,
                        88167.0,
                        76546.0,
                        37178.0,
                        46144.0,
                        245098.0,
                        110880.0,
                        119429.0,
                        54048.0,
                        40538.0,
                        60568.0,
                        20672.0,
                        32259.0,
                        85486.0,
                        54626.0,
                        78632.0,
                        135255.0,
                        34846.0,
                        44437.0,
                        138925.0,
                        49279.0,
                        68584.0,
                        21586.0
                    ]
                },
                "quad_core": {
                    "valid": 1,
                    "score": 14301.0,
                    "ratio": 3.9780250347705146,
                    "maximum": 67924.0,
                    "average": 19898.0,
                    "geometric": 14301.0,