{
    "system_info": {
        "compiler_info": "cc (Debian 12.2.0-14) 12.2.0",
        "version_info": "3.3.0",
        "cpu_name": "AMD Ryzen 9 7900 12-Core Processor",
        "cpu_core_count": 24,
        "System": "AMD_Ryzen_9_7900_Linux"
    },
    "timestamp": "16:06 10/01/2024",
    "comment": "Debian 12",
    "full_result": {
        "non_optimized": {
            "score": 4911.9861507866,
            "detailed": {
                "single_core": {
                    "valid": 1,
                    "score": 1296.0,
                    "ratio": 0.0,
                    "maximum": 4351.0,
                    "average": 1562.0,
                    "geometric": 1296.0,
                    "harmonic": 1101.0,
                    "minimum": 455.0,
                    "kernels": [
                        2962.0,
                        2046.0,
                        910.0,
                        1000.0,
                        753.0,
                        793.0,
                        4351.0,
                        2328.0,
                        3094.0,
                        719.0,
                        455.0,
                        861.0,
                        654.0,
                        895.0,
                        1914.0,
                        1353.0,
                        1082.0,
                        1619.0,
                        600.0,
                        1728.0,
                        1163.0,
                        3658.0,
                        1644.0,
                        899.0
                    ]
                },
                "multi_core": {
                    "valid": 1,
                    "score": 18271.0,
                    "ratio": 14.097993827160494,
                    "maximum": 47242.0,
                    "average": 20640.0,
                    "geometric": 18271.0,
                    "harmonic": 16385.0,
                    "minimum": 9141.0,
                    "kernels": [
                        34545.0,
                        23821.0,
                        17800.0,
                        17385.0,
                        15038.0,
                        14320.0,
                        47242.0,
                        24552.0,
                        33089.0,
                        9688.0,
                        9165.0,
                        10376.0,
                        9141.0,
                        12177.0,
                        23905.0,
                        15427.0,
                        25074.0,
                        17367.0,
                        12008.0,
                        35737.0,
                        12304.0,
                        43462.0,
                        19196.0,
                        12547.0
                    ]
                },
                "quad_core": {
                    "valid": 1,
                    "score": 5005.0,
                    "ratio": 3.861882716049383,
                    "maximum": 16952.0,
                    "average": 6038.0,
                    "geometric": 5005.0,
                    "harmonic": 4248.0,
                    "minimum": 1777.0,
                    "kernels": [
                        11557.0,
                        7961.0,
                        3610.0,
                        4164.0,
                        2986.0,
                        3098.0,
                        16952.0,
                        8959.0,
                        11857.0,
                        2759.0,
                        1777.0,
                        3357.0,
                        2343.0,
                        3374.0,
                        7465.0,
                        5196.0,
                        4263.0,
                        6250.0,
                        2358.0,
                        6807.0,
                        3895.0,
                        14059.0,
                        6353.0,
                        3522.0
                    ]
                },
                "workstation": {
                    "valid": 1,
                    "score": 17185.0,
                    "ratio": 13.260030864197532,
                    "maximum": 44555.0,
                    "average": 19403.0,
                    "geometric": 17185.0,
                    "harmonic": 15411.0,
                    "minimum": 8469.0,
                    "kernels": [
                        32410.0,
                        22322.0,
                        16843.0,
                        16358.0,
                        14208.0,
                        13334.0,
                        44555.0,
                        22972.0,
                        30856.0,
                        9037.0,
                        8646.0,
                        9780.0,
                        8469.0,
                        11391.0,
                        22308.0,
                        14368.0,
                        23778.0,
                        16098.0,
                        11359.0,
                        34061.0,
                        11432.0,
                        40140.0,
                        18557.0,
                        12388.0
                    ]
                }
            }
        },
        "optimized": {
            "score": 21598.645828479002,
            "detailed": {
                "single_core": {
                    "valid": 1,
                    "score": 5744.0,
                    "ratio": 0.0,
                    "maximum": 25935.0,
                    "average": 7689.0,
                    "geometric": 5744.0,
                    "harmonic": 4513.0,
                    "minimum": 1738.0,
                    "kernels": [
                        23920.0,
                        6111.0,
                        6021.0,
                        6221.0,
                        2635.0,
                        2964.0,
                        25935.0,
                        13159.0,
                        12886.0,
                        6709.0,
                        2865.0,
                        8001.0,
                        3124.0,
                        3475.0,
                        6278.0,
                        5781.0,
                        4412.0,
                        13996.0,
                        1738.0,
                        1984.0,
                        15450.0,
                        4315.0,
                        3991.0,
                        2575.0
                    ]
                },
                "multi_core": {
                    "valid": 1,
                    "score": 76926.0,
                    "ratio": 13.392409470752089,
                    "maximum": 269653.0,
                    "average": 92224.0,
                    "geometric": 76926.0,
                    "harmonic": 66264.0,
                    "minimum": 31571.0,
                    "kernels": [
                        246797.0,
                        71353.0,
                        94774.0,
                        78777.0,
                        45058.0,
                        49058.0,
                        269653.0,
                        132260.0,
                        131352.0,
                        63069.0,
                        44159.0,
                        94375.0,
                        31571.0,
                        43381.0,
                        92467.0,
                        63784.0,
                        82195.0,
                        155406.0,
                        37150.0,
                        42753.0,
                        165158.0,
                        60779.0,
                        77775.0,
                        40279.0
                    ]
                },
                "quad_core": {
                    "valid": 1,
                    "score": 22803.0,
                    "ratio": 3.9698816155988856,
                    "maximum": 103292.0,
                    "average": 30665.0,