{
    "system_info": {
        "compiler_info": "cc (Debian 12.2.0-14) 12.2.0",
        "version_info": "3.3.0",
        "cpu_name": "Intel(R) Core(TM) i5-8350U CPU @ 1.70GHz",
        "cpu_core_count": 8,
        "System": "Intel_Core_i5_8350U_Linux"
    },
    "timestamp": "16:45 29/06/2024",
    "comment": "Debian 12 / HP Elitebook 840 G5",
    "full_result": {
        "non_optimized": {
            "score": 1665.861589083779,
            "detailed": {
                "single_core": {
                    "valid": 1,
                    "score": 755.0,
                    "ratio": 0.0,
                    "maximum": 1723.0,
                    "average": 846.0,
                    "geometric": 755.0,
                    "harmonic": 679.0,
                    "minimum": 357.0,
                    "kernels": [
                        1441.0,
                        989.0,
                        785.0,
                        732.0,
                        562.0,
                        625.0,
                        1723.0,
                        1098.0,
                        1515.0,
                        453.0,
                        391.0,
                        445.0,
                        357.0,
                        487.0,
                        992.0,
                        636.0,
                        1052.0,
                        761.0,
                        481.0,
                        1424.0,
                        525.0,
                        1524.0,
                        843.0,
                        453.0
                    ]
                },
                "multi_core": {
                    "valid": 1,
                    "score": 2483.0,
                    "ratio": 3.2887417218543047,
                    "maximum": 5447.0,
                    "average": 2752.0,
                    "geometric": 2483.0,
                    "harmonic": 2256.0,
                    "minimum": 1224.0,
                    "kernels": [
                        3978.0,
                        2955.0,
                        2597.0,
                        2455.0,
                        2331.0,
                        1876.0,
                        5173.0,
                        3280.0,
                        4366.0,
                        1388.0,
                        1429.0,
                        1447.0,
                        1224.0,
                        1536.0,
                        3075.0,
                        2077.0,
                        3826.0,
                        2240.0,
                        2152.0,
                        5447.0,
                        1484.0,
                        5374.0,
                        2616.0,
                        1717.0
                    ]
                },
                "quad_core": {
                    "valid": 1,
                    "score": 2466.0,
                    "ratio": 3.266225165562914,
                    "maximum": 5778.0,
                    "average": 2761.0,
                    "geometric": 2466.0,
                    "harmonic": 2215.0,
                    "minimum": 1174.0,
                    "kernels": [
                        4706.0,
                        3240.0,
                        2601.0,
                        2536.0,
                        1893.0,
                        2109.0,
                        5778.0,
                        3658.0,
                        4994.0,
                        1496.0,
                        1304.0,
                        1492.0,
                        1174.0,
                        1582.0,
                        3326.0,
                        2113.0,
                        3465.0,
                        2530.0,
                        1630.0,
                        4867.0,
                        1621.0,
                        4353.0,
                        2491.0,
                        1299.0
                    ]
                },
                "workstation": {
                    "valid": 1,
                    "score": 2491.0,
                    "ratio": 3.299337748344371,
                    "maximum": 5484.0,
                    "average": 2762.0,
                    "geometric": 2491.0,
                    "harmonic": 2262.0,
                    "minimum": 1229.0,
                    "kernels": [
                        3958.0,
                        2970.0,
                        2592.0,
                        2465.0,
                        2325.0,
                        1889.0,
                        5188.0,
                        3253.0,
                        4349.0,
                        1393.0,
                        1440.0,
                        1454.0,
                        1229.0,
                        1540.0,
                        3072.0,
                        2073.0,
                        3927.0,
                        2260.0,
                        2189.0,
                        5422.0,
                        1500.0,
                        5484.0,
                        2688.0,
                        1638.0
                    ]
                }
            }
        },
        "optimized": {
            "score": 6449.6770984315635,
            "detailed": {
                "single_core": {
                    "valid": 1,
                    "score": 2914.0,
                    "ratio": 0.0,
                    "maximum": 12617.0,
                    "average": 3874.0,
                    "geometric": 2914.0,
                    "harmonic": 2290.0,
                    "minimum": 901.0,
                    "kernels": [
                        10979.0,
                        3805.0,
                        2780.0,
                        2646.0,
                        1210.0,
                        1631.0,
                        12617.0,
                        6529.0,
                        6422.0,
                        3269.0,
                        1351.0,
                        3172.0,
                        1360.0,
                        1755.0,
                        5716.0,
                        2748.0,
                        2102.0,
                        7331.0,
                        901.0,
                        1130.0,
                        7618.0,
                        2480.0,
                        2020.0,
                        1393.0
                    ]
                },
                "multi_core": {
                    "valid": 1,
                    "score": 10285.0,
                    "ratio": 3.529512697323267,
                    "maximum": 34807.0,
                    "average": 12247.0,
                    "geometric": 10285.0,
                    "harmonic": 8904.0,
                    "minimum": 4386.0,
                    "kernels": [
                        29270.0,
                        10545.0,
                        11005.0,
                        9147.0,
                        5743.0,
                        7223.0,
                        34807.0,
                        16958.0,
                        17947.0,
                        8403.0,
                        5721.0,
                        10972.0,
                        4386.0,
                        5194.0,
                        16563.0,
                        8140.0,
                        10732.0,
                        21293.0,
                        5271.0,
                        7020.0,
                        24286.0,
                        7931.0,
                        9804.0,
                        5556.0
                    ]
                },
                "quad_core": {
                    "valid": 1,
                    "score": 8952.0,
                    "ratio": 3.0720658888126287,
                    "maximum": 40648.0,
                    "average": 12002.0,
                    "geometric": 8952.0,
                    "harmonic": 7053.0,