{
    "system_info": {
        "compiler_info": "Apple clang version 15.0.0 (clang-1500.3.9.4)",
        "version_info": "3.3.0",
        "cpu_name": "Apple A8 / T7000-64bit",
        "cpu_core_count": 2,
        "System": "Apple_A8_iPhone_6_2014"
    },
    "timestamp": "09:31 27/11/2024",
    "comment": "Apple A8 / iPhone 6 / Year 2014",
    "full_result": {
        "non_optimized": {
            "score": 331.8416316584484,
            "detailed": {
                "single_core": {
                    "valid": 1,
                    "score": 225.0,
                    "ratio": 0.0,
                    "maximum": 541.0,
                    "average": 251.0,
                    "geometric": 225.0,
                    "harmonic": 201.0,
                    "minimum": 88.1,
                    "kernels": [
                        365.0,
                        304.0,
                        206.0,
                        192.0,
                        155.0,
                        162.0,
                        541.0,
                        360.0,
                        457.0,
                        130.0,
                        116.0,
                        135.0,
                        88.1,
                        135.0,
                        328.0,
                        176.0,
                        325.0,
                        324.0,
                        164.0,
                        291.0,
                        198.0,
                        401.0,
                        321.0,
                        153.0
                    ]
                },
                "multi_core": {
                    "valid": 1,
                    "score": 403.0,
                    "ratio": 1.791111111111111,
                    "maximum": 990.0,
                    "average": 452.0,
                    "geometric": 403.0,
                    "harmonic": 361.0,
                    "minimum": 162.0,
                    "kernels": [
                        671.0,
                        557.0,
                        377.0,
                        344.0,
                        278.0,
                        297.0,
                        990.0,
                        662.0,
                        837.0,
                        232.0,
                        210.0,
                        248.0,
                        162.0,
                        246.0,
                        582.0,
                        310.0,
                        567.0,
                        574.0,
                        289.0,
                        516.0,
                        350.0,
                        705.0,
                        574.0,
                        263.0
                    ]
                },
                "quad_core": {
                    "valid": 1,
                    "score": 403.0,
                    "ratio": 1.791111111111111,
                    "maximum": 990.0,
                    "average": 452.0,
                    "geometric": 403.0,
                    "harmonic": 361.0,
                    "minimum": 162.0,
                    "kernels": [
                        671.0,
                        557.0,
                        377.0,
                        344.0,
                        278.0,
                        297.0,
                        990.0,
                        662.0,
                        837.0,
                        232.0,
                        210.0,
                        248.0,
                        162.0,
                        246.0,
                        582.0,
                        310.0,
                        567.0,
                        574.0,
                        289.0,
                        516.0,
                        350.0,
                        705.0,
                        574.0,
                        263.0
                    ]
                },
                "workstation": {
                    "valid": 1,
                    "score": 368.0,
                    "ratio": 1.6355555555555557,
                    "maximum": 900.0,
                    "average": 412.0,
                    "geometric": 368.0,
                    "harmonic": 330.0,
                    "minimum": 144.0,
                    "kernels": [
                        609.0,
                        487.0,
                        322.0,
                        310.0,
                        256.0,
                        275.0,
                        900.0,
                        597.0,
                        743.0,
                        208.0,
                        197.0,
                        226.0,
                        144.0,
                        228.0,
                        554.0,
                        296.0,
                        528.0,
                        514.0,
                        261.0,
                        481.0,
                        341.0,
                        643.0,
                        517.0,
                        240.0
                    ]
                }
            }
        },
        "optimized": {
            "score": 1150.6576190847468,
            "detailed": {
                "single_core": {
                    "valid": 1,
                    "score": 831.0,
                    "ratio": 0.0,
                    "maximum": 2700.0,
                    "average": 979.0,
                    "geometric": 831.0,
                    "harmonic": 712.0,
                    "minimum": 349.0,
                    "kernels": [
                        1506.0,
                        737.0,
                        618.0,
                        860.0,
                        349.0,
                        370.0,
                        2700.0,
                        2315.0,
                        1779.0,
                        846.0,
                        476.0,
                        1062.0,
                        350.0,
                        590.0,
                        941.0,
                        1100.0,
                        973.0,
                        1475.0,
                        362.0,
                        950.0,
                        1071.0,
                        748.0,
                        875.0,
                        435.0
                    ]
                },
                "multi_core": {
                    "valid": 1,
                    "score": 1354.0,
                    "ratio": 1.6293622141997592,
                    "maximum": 4792.0,
                    "average": 1614.0,
                    "geometric": 1354.0,
                    "harmonic": 1157.0,
                    "minimum": 553.0,
                    "kernels": [
                        2689.0,
                        1382.0,
                        1061.0,
                        1368.0,
                        605.0,
                        682.0,
                        4792.0,
                        4037.0,
                        3025.0,
                        1445.0,
                        775.0,
                        1715.0,
                        553.0,
                        929.0,
                        1493.0,
                        1677.0,
                        1443.0,
                        2274.0,
                        559.0,
                        1463.0,
                        1642.0,
                        1132.0,
                        1341.0,
                        665.0
                    ]
                },
                "quad_core": {
                    "valid": 1,
                    "score": 1354.0,
                    "ratio": 1.6293622141997592,
                    "maximum": 4792.0,
                    "average": 1614.0,
                    "geometric": 1354.0,
                    "harmonic": 1157.0,
                    "minimum": 553.0,