{
    "system_info": {
        "compiler_info": "cc (Debian 12.2.0-14) 12.2.0",
        "version_info": "3.3.0",
        "cpu_name": "Intel(R) Core(TM) i9-10900K CPU @ 3.70GHz",
        "cpu_core_count": 20,
        "System": "Intel_Core_i9_10900K_Linux"
    },
    "timestamp": "00:10 08/01/2024",
    "comment": "Debian 12; Reconstructed from LFKv2 results.",
    "full_result": {
        "non_optimized": {
            "score": 3667.4913202176062,
            "detailed": {
                "single_core": {
                    "valid": 1,
                    "score": 1044.0,
                    "ratio": 0.0,
                    "maximum": 2433.0,
                    "average": 1179.0,
                    "geometric": 1044.0,
                    "harmonic": 928.0,
                    "minimum": 482.0,
                    "kernels": [
                        2023.0,
                        1409.0,
                        1081.0,
                        1067.0,
                        777.0,
                        856.0,
                        2433.0,
                        1542.0,
                        2146.0,
                        645.0,
                        539.0,
                        613.0,
                        482.0,
                        501.0,
                        1425.0,
                        890.0,
                        1495.0,
                        1072.0,
                        692.0,
                        2006.0,
                        690.0,
                        2084.0,
                        1193.0,
                        638.0
                    ]
                },
                "multi_core": {
                    "valid": 1,
                    "score": 11687.0,
                    "ratio": 11.194444444444445,
                    "maximum": 25694.0,
                    "average": 12985.0,
                    "geometric": 11687.0,
                    "harmonic": 10582.0,
                    "minimum": 5562.0,
                    "kernels": [
                        19034.0,
                        14405.0,
                        11952.0,
                        11526.0,
                        10651.0,
                        8590.0,
                        23728.0,
                        15143.0,
                        20372.0,
                        6583.0,
                        6551.0,
                        6639.0,
                        5562.0,
                        7377.0,
                        14554.0,
                        9765.0,
                        19067.0,
                        10717.0,
                        10202.0,
                        25694.0,
                        6864.0,
                        25443.0,
                        13002.0,
                        8209.0
                    ]
                },
                "quad_core": {
                    "valid": 1,
                    "score": 4043.0,
                    "ratio": 3.8726053639846745,
                    "maximum": 9424.0,
                    "average": 4567.0,
                    "geometric": 4043.0,
                    "harmonic": 3594.0,
                    "minimum": 1867.0,
                    "kernels": [
                        7836.0,
                        5457.0,
                        4187.0,
                        4133.0,
                        3009.0,
                        3315.0,
                        9424.0,
                        5973.0,
                        8312.0,
                        2498.0,
                        2087.0,
                        2374.0,
                        1867.0,
                        1940.0,
                        5519.0,
                        3447.0,
                        5790.0,
                        4152.0,
                        2680.0,
                        7770.0,
                        2672.0,
                        8072.0,
                        4621.0,
                        2471.0
                    ]
                },
                "workstation": {
                    "valid": 0,
                    "score": 0.0,
                    "ratio": 0.0,
                    "maximum": null,
                    "average": null,
                    "geometric": null,
                    "harmonic": null,
                    "minimum": null,
                    "kernels": [
                        0.0,
                        0.0,
                        0.0,
                        0.0,
                        0.0,
                        0.0,
                        0.0,
                        0.0,
                        0.0,
                        0.0,
                        0.0,
                        0.0,
                        0.0,
                        0.0,
                        0.0,
                        0.0,
                        0.0,
                        0.0,
                        0.0,
                        0.0,
                        0.0,
                        0.0,
                        0.0,
                        0.0
                    ]
                }
            }
        },
        "optimized": {
            "score": 14827.151434663374,
            "detailed": {
                "single_core": {
                    "valid": 1,
                    "score": 4167.0,
                    "ratio": 0.0,
                    "maximum": 17051.0,
                    "average": 5527.0,
                    "geometric": 4167.0,
                    "harmonic": 3274.0,
                    "minimum": 1270.0,
                    "kernels": [
                        16123.0,
                        5160.0,
                        4094.0,
                        4205.0,
                        1747.0,
                        2351.0,
                        17051.0,
                        9048.0,
                        9299.0,
                        4574.0,
                        2024.0,
                        4439.0,
                        1914.0,
                        2341.0,
                        8023.0,
                        4118.0,
                        3031.0,
                        10169.0,
                        1270.0,
                        1602.0,
                        11741.0,
                        3436.0,
                        2896.0,
                        1995.0
                    ]
                },
                "multi_core": {
                    "valid": 1,
                    "score": 48467.0,
                    "ratio": 11.631149508039357,
                    "maximum": 161317.0,
                    "average": 57852.0,
                    "geometric": 48467.0,
                    "harmonic": 41788.0,
                    "minimum": 19723.0,
                    "kernels": [
                        145605.0,
                        52209.0,
                        54594.0,
                        49735.0,
                        27763.0,
                        35130.0,
                        161317.0,
                        79074.0,
                        84541.0,
                        35805.0,
                        27456.0,
                        49035.0,
                        19723.0,
                        25777.0,
                        75647.0,
                        41573.0,
                        50686.0,
                        101040.0,
                        23753.0,
                        29392.0,
                        110977.0,
                        36830.0,
                        45269.0,
                        25505.0
                    ]
                },
                "quad_core": {
                    "valid": 1,
                    "score": 16140.0,
                    "ratio": 3.873290136789057,
                    "maximum": 66047.0,
                    "average": 21409.0,
                    "geometric": 16140.0,
                    "harmonic": 12682.0,
                    "minimum": 4919.0,