{
    "system_info": {
        "compiler_info": "cc (Debian 12.2.0-14) 12.2.0",
        "version_info": "3.3.0",
        "cpu_name": "12th Gen Intel(R) Core(TM) i9-12900K",
        "cpu_core_count": 24,
        "System": "Intel_Core_i9_12900K_Linux"
    },
    "timestamp": "03:58 11/01/2024",
    "comment": "Debian 12",
    "full_result": {
        "non_optimized": {
            "score": 5515.433998264498,
            "detailed": {
                "single_core": {
                    "valid": 1,
                    "score": 1522.0,
                    "ratio": 0.0,
                    "maximum": 4663.0,
                    "average": 1798.0,
                    "geometric": 1522.0,
                    "harmonic": 1311.0,
                    "minimum": 642.0,
                    "kernels": [
                        3233.0,
                        2185.0,
                        1325.0,
                        1332.0,
                        967.0,
                        1170.0,
                        4663.0,
                        2352.0,
                        3201.0,
                        921.0,
                        642.0,
                        820.0,
                        644.0,
                        1015.0,
                        2108.0,
                        1474.0,
                        1822.0,
                        1621.0,
                        780.0,
                        3218.0,
                        1046.0,
                        3987.0,
                        1718.0,
                        915.0
                    ]
                },
                "multi_core": {
                    "valid": 1,
                    "score": 18786.0,
                    "ratio": 12.342969776609724,
                    "maximum": 49555.0,
                    "average": 21414.0,
                    "geometric": 18786.0,
                    "harmonic": 16724.0,
                    "minimum": 9054.0,
                    "kernels": [
                        36027.0,
                        25515.0,
                        17641.0,
                        17216.0,
                        14903.0,
                        13482.0,
                        49555.0,
                        26037.0,
                        34287.0,
                        9903.0,
                        9054.0,
                        11562.0,
                        9151.0,
                        11756.0,
                        23360.0,
                        16693.0,
                        25984.0,
                        16906.0,
                        12888.0,
                        41521.0,
                        11644.0,
                        43937.0,
                        21590.0,
                        13315.0
                    ]
                },
                "quad_core": {
                    "valid": 1,
                    "score": 5868.0,
                    "ratio": 3.8554533508541393,
                    "maximum": 17945.0,
                    "average": 6919.0,
                    "geometric": 5868.0,
                    "harmonic": 5070.0,
                    "minimum": 2475.0,
                    "kernels": [
                        12446.0,
                        7914.0,
                        5092.0,
                        5127.0,
                        3746.0,
                        4512.0,
                        17945.0,
                        9173.0,
                        12302.0,
                        3542.0,
                        2490.0,
                        3344.0,
                        2475.0,
                        3904.0,
                        8087.0,
                        5796.0,
                        7034.0,
                        6242.0,
                        3004.0,
                        12377.0,
                        4050.0,
                        15311.0,
                        6588.0,
                        3546.0
                    ]
                },
                "workstation": {
                    "valid": 1,
                    "score": 18524.0,
                    "ratio": 12.170827858081472,
                    "maximum": 48684.0,
                    "average": 21099.0,
                    "geometric": 18524.0,
                    "harmonic": 16504.0,
                    "minimum": 8955.0,
                    "kernels": [
                        34409.0,
                        24593.0,
                        16999.0,
                        16683.0,
                        14417.0,
                        12979.0,
                        48684.0,
                        26004.0,
                        34296.0,
                        9833.0,
                        8955.0,
                        11420.0,
                        8992.0,
                        11695.0,
                        23222.0,
                        16524.0,
                        26144.0,
                        17056.0,
                        12887.0,
                        41306.0,
                        11704.0,
                        43127.0,
                        21207.0,
                        13250.0
                    ]
                }
            }
        },
        "optimized": {
            "score": 23971.202681879022,
            "detailed": {
                "single_core": {
                    "valid": 1,
                    "score": 6638.0,
                    "ratio": 0.0,
                    "maximum": 29757.0,
                    "average": 9081.0,
                    "geometric": 6638.0,
                    "harmonic": 4985.0,
                    "minimum": 1725.0,
                    "kernels": [
                        24864.0,
                        7779.0,
                        8158.0,
                        7794.0,
                        2956.0,
                        4125.0,
                        29757.0,
                        14915.0,
                        15185.0,
                        6801.0,
                        3999.0,
                        9235.0,
                        2464.0,
                        4136.0,
                        8448.0,
                        5129.0,
                        5362.0,
                        19977.0,
                        1725.0,
                        1873.0,
                        20354.0,
                        5493.0,
                        4879.0,
                        2533.0
                    ]
                },
                "multi_core": {
                    "valid": 1,
                    "score": 80137.0,
                    "ratio": 12.072461584814704,
                    "maximum": 295501.0,
                    "average": 100093.0,
                    "geometric": 80137.0,
                    "harmonic": 66404.0,
                    "minimum": 32864.0,
                    "kernels": [
                        261435.0,
                        90249.0,
                        103985.0,
                        85726.0,
                        37530.0,
                        48717.0,
                        295501.0,
                        142069.0,
                        155070.0,
                        75137.0,
                        44079.0,
                        87419.0,
                        40896.0,
                        41243.0,
                        101375.0,
                        61417.0,
                        79595.0,
                        173051.0,
                        32864.0,
                        35097.0,
                        230736.0,
                        62884.0,
                        81906.0,
                        34242.0
                    ]
                },
                "quad_core": {
                    "valid": 1,
                    "score": 25894.0,
                    "ratio": 3.90087375715577,
                    "maximum": 114564.0,
                    "average": 35170.0,