{
    "system_info": {
        "compiler_info": "cc (Debian 12.2.0-14) 12.2.0",
        "version_info": "3.3.0",
        "cpu_name": "Intel(R) Core(TM) i7 CPU         870  @ 2.93GHz",
        "cpu_core_count": 8,
        "System": "Intel_Core_i7_870_Linux"
    },
    "timestamp": "02:28 13/01/2024",
    "comment": "Debian 12",
    "full_result": {
        "non_optimized": {
            "score": 999.7379339940743,
            "detailed": {
                "single_core": {
                    "valid": 1,
                    "score": 404.0,
                    "ratio": 0.0,
                    "maximum": 1037.0,
                    "average": 460.0,
                    "geometric": 404.0,
                    "harmonic": 353.0,
                    "minimum": 160.0,
                    "kernels": [
                        728.0,
                        538.0,
                        419.0,
                        458.0,
                        364.0,
                        288.0,
                        1037.0,
                        544.0,
                        821.0,
                        160.0,
                        219.0,
                        216.0,
                        185.0,
                        203.0,
                        543.0,
                        363.0,
                        645.0,
                        457.0,
                        337.0,
                        832.0,
                        242.0,
                        672.0,
                        511.0,
                        248.0
                    ]
                },
                "multi_core": {
                    "valid": 1,
                    "score": 1714.0,
                    "ratio": 4.242574257425742,
                    "maximum": 3890.0,
                    "average": 1920.0,
                    "geometric": 1714.0,
                    "harmonic": 1533.0,
                    "minimum": 756.0,
                    "kernels": [
                        2769.0,
                        1973.0,
                        1821.0,
                        1868.0,
                        1483.0,
                        1197.0,
                        3890.0,
                        2272.0,
                        3114.0,
                        902.0,
                        950.0,
                        932.0,
                        756.0,
                        985.0,
                        2406.0,
                        1440.0,
                        2787.0,
                        1701.0,
                        1550.0,
                        3676.0,
                        1021.0,
                        3468.0,
                        1942.0,
                        1187.0
                    ]
                },
                "quad_core": {
                    "valid": 1,
                    "score": 1443.0,
                    "ratio": 3.5717821782178216,
                    "maximum": 3746.0,
                    "average": 1644.0,
                    "geometric": 1443.0,
                    "harmonic": 1262.0,
                    "minimum": 571.0,
                    "kernels": [
                        2639.0,
                        1911.0,
                        1491.0,
                        1655.0,
                        1333.0,
                        1027.0,
                        3746.0,
                        1943.0,
                        2933.0,
                        571.0,
                        782.0,
                        789.0,
                        652.0,
                        715.0,
                        1935.0,
                        1297.0,
                        2291.0,
                        1632.0,
                        1205.0,
                        2961.0,
                        861.0,
                        2383.0,
                        1822.0,
                        887.0
                    ]
                },
                "workstation": {
                    "valid": 1,
                    "score": 1693.0,
                    "ratio": 4.1905940594059405,
                    "maximum": 3850.0,
                    "average": 1897.0,
                    "geometric": 1693.0,
                    "harmonic": 1514.0,
                    "minimum": 746.0,
                    "kernels": [
                        2737.0,
                        1956.0,
                        1817.0,
                        1855.0,
                        1474.0,
                        1189.0,
                        3850.0,
                        2226.0,
                        3049.0,
                        889.0,
                        941.0,
                        926.0,
                        746.0,
                        968.0,
                        2382.0,
                        1410.0,
                        2702.0,
                        1695.0,
                        1503.0,
                        3600.0,
                        997.0,
                        3444.0,
                        2014.0,
                        1155.0
                    ]
                }
            }
        },
        "optimized": {
            "score": 4988.385097647593,
            "detailed": {
                "single_core": {
                    "valid": 1,
                    "score": 1973.0,
                    "ratio": 0.0,
                    "maximum": 9147.0,
                    "average": 2650.0,
                    "geometric": 1973.0,
                    "harmonic": 1561.0,
                    "minimum": 528.0,
                    "kernels": [
                        8328.0,
                        2143.0,
                        2348.0,
                        2212.0,
                        882.0,
                        1592.0,
                        9147.0,
                        4980.0,
                        5381.0,
                        1579.0,
                        1247.0,
                        2242.0,
                        528.0,
                        1114.0,
                        1095.0,
                        1598.0,
                        2097.0,
                        3579.0,
                        906.0,
                        892.0,
                        5493.0,
                        1117.0,
                        1962.0,
                        1143.0
                    ]
                },
                "multi_core": {
                    "valid": 1,
                    "score": 9011.0,
                    "ratio": 4.567156614292955,
                    "maximum": 30561.0,
                    "average": 10755.0,
                    "geometric": 9011.0,
                    "harmonic": 7784.0,
                    "minimum": 3326.0,
                    "kernels": [
                        26678.0,
                        7730.0,
                        13391.0,
                        9197.0,
                        5670.0,
                        6005.0,
                        30561.0,
                        16354.0,
                        17897.0,
                        6498.0,
                        6121.0,
                        9105.0,
                        3326.0,
                        5251.0,
                        6473.0,
                        6569.0,
                        11556.0,
                        14328.0,
                        6351.0,
                        5866.0,
                        20752.0,
                        4938.0,
                        12527.0,
                        4987.0
                    ]
                },
                "quad_core": {
                    "valid": 1,
                    "score": 6982.0,
                    "ratio": 3.538773441459706,
                    "maximum": 31582.0,
                    "average": 9303.0,
                    "geometric": 6982.0,
                    "harmonic": 5546.0,
                    "minimum": 1881.0,