{
    "system_info": {
        "compiler_info": "cc (Debian 12.2.0-14) 12.2.0",
        "version_info": "3.3.0",
        "cpu_name": "Intel(R) Core(TM) i7-7700 CPU @ 3.60GHz",
        "cpu_core_count": 8,
        "System": "Intel_Core_i7_7700_Linux"
    },
    "timestamp": "16:27 17/12/2023",
    "comment": "",
    "full_result": {
        "non_optimized": {
            "score": 2216.765792113721,
            "detailed": {
                "single_core": {
                    "valid": 1,
                    "score": 842.0,
                    "ratio": 0.0,
                    "maximum": 1912.0,
                    "average": 946.0,
                    "geometric": 842.0,
                    "harmonic": 753.0,
                    "minimum": 390.0,
                    "kernels": [
                        1459.0,
                        1140.0,
                        884.0,
                        778.0,
                        586.0,
                        711.0,
                        1912.0,
                        1247.0,
                        1732.0,
                        517.0,
                        439.0,
                        409.0,
                        390.0,
                        562.0,
                        1139.0,
                        727.0,
                        1208.0,
                        869.0,
                        555.0,
                        1610.0,
                        591.0,
                        1744.0,
                        958.0,
                        526.0
                    ]
                },
                "multi_core": {
                    "valid": 1,
                    "score": 3870.0,
                    "ratio": 4.596199524940618,
                    "maximum": 8567.0,
                    "average": 4294.0,
                    "geometric": 3870.0,
                    "harmonic": 3512.0,
                    "minimum": 1901.0,
                    "kernels": [
                        6338.0,
                        4771.0,
                        4046.0,
                        3792.0,
                        3607.0,
                        2900.0,
                        7886.0,
                        5007.0,
                        6750.0,
                        2182.0,
                        2212.0,
                        2257.0,
                        1901.0,
                        2470.0,
                        4807.0,
                        3199.0,
                        6220.0,
                        3529.0,
                        3348.0,
                        8430.0,
                        2322.0,
                        8567.0,
                        3981.0,
                        2544.0
                    ]
                },
                "quad_core": {
                    "valid": 1,
                    "score": 3343.0,
                    "ratio": 3.9703087885985746,
                    "maximum": 7578.0,
                    "average": 3743.0,
                    "geometric": 3343.0,
                    "harmonic": 3002.0,
                    "minimum": 1491.0,
                    "kernels": [
                        6456.0,
                        4554.0,
                        3518.0,
                        3337.0,
                        2495.0,
                        2755.0,
                        7578.0,
                        4820.0,
                        6661.0,
                        1996.0,
                        1743.0,
                        2012.0,
                        1491.0,
                        2128.0,
                        4383.0,
                        2796.0,
                        4653.0,
                        3344.0,
                        2152.0,
                        6295.0,
                        2309.0,
                        6632.0,
                        3682.0,
                        2033.0
                    ]
                },
                "workstation": {
                    "valid": 1,
                    "score": 3913.0,
                    "ratio": 4.647268408551069,
                    "maximum": 8821.0,
                    "average": 4337.0,
                    "geometric": 3913.0,
                    "harmonic": 3555.0,
                    "minimum": 1901.0,
                    "kernels": [
                        6373.0,
                        4820.0,
                        4090.0,
                        3857.0,
                        3633.0,
                        2917.0,
                        7821.0,
                        5014.0,
                        6766.0,
                        2208.0,
                        2231.0,
                        2274.0,
                        1901.0,
                        2471.0,
                        4813.0,
                        3216.0,
                        6241.0,
                        3512.0,
                        3385.0,
                        8431.0,
                        2377.0,
                        8821.0,
                        4189.0,
                        2719.0
                    ]
                }
            }
        },
        "optimized": {
            "score": 8811.167877066551,
            "detailed": {
                "single_core": {
                    "valid": 1,
                    "score": 3290.0,
                    "ratio": 0.0,
                    "maximum": 14319.0,
                    "average": 4445.0,
                    "geometric": 3290.0,
                    "harmonic": 2530.0,
                    "minimum": 1034.0,
                    "kernels": [
                        12457.0,
                        4321.0,
                        3193.0,
                        2996.0,
                        1386.0,
                        1864.0,
                        14319.0,
                        7704.0,
                        7330.0,
                        3755.0,
                        1560.0,
                        3633.0,
                        1449.0,
                        1888.0,
                        6429.0,
                        3562.0,
                        2412.0,
                        7995.0,
                        1034.0,
                        1291.0,
                        9883.0,
                        2814.0,
                        2320.0,
                        1082.0
                    ]
                },
                "multi_core": {
                    "valid": 1,
                    "score": 16318.0,
                    "ratio": 4.959878419452887,
                    "maximum": 57582.0,
                    "average": 19931.0,
                    "geometric": 16318.0,
                    "harmonic": 13581.0,
                    "minimum": 4776.0,
                    "kernels": [
                        50322.0,
                        18093.0,
                        17846.0,
                        14798.0,
                        9058.0,
                        11795.0,
                        57582.0,
                        28811.0,
                        30150.0,
                        14491.0,
                        9406.0,
                        18910.0,
                        6766.0,
                        8910.0,
                        25821.0,
                        14988.0,
                        16993.0,
                        34456.0,
                        8008.0,
                        9714.0,
                        38552.0,
                        12957.0,
                        15130.0,
                        4776.0
                    ]
                },
                "quad_core": {
                    "valid": 1,
                    "score": 12742.0,
                    "ratio": 3.8729483282674773,
                    "maximum": 55893.0,
                    "average": 17223.0,
                    "geometric": 12742.0,
                    "harmonic": 9807.0,
                    "minimum": 4007.0,