{
    "system_info": {
        "compiler_info": "cc (Debian 12.2.0-14) 12.2.0",
        "version_info": "3.3.0",
        "cpu_name": "Intel(R) Core(TM)2 CPU          E6400  @ 2.13GHz",
        "cpu_core_count": 2,
        "System": "Intel_Core_2_Duo_E6400_2"
    },
    "timestamp": "05:14 23/06/2024",
    "comment": "Intel Core 2 Duo E6400 @ 2.13GHz / Conroe / 2MB cache / 64-bit Linux Debian 12",
    "full_result": {
        "non_optimized": {
            "score": 416.41994851898505,
            "detailed": {
                "single_core": {
                    "valid": 1,
                    "score": 260.0,
                    "ratio": 0.0,
                    "maximum": 536.0,
                    "average": 281.0,
                    "geometric": 260.0,
                    "harmonic": 241.0,
                    "minimum": 141.0,
                    "kernels": [
                        437.0,
                        307.0,
                        262.0,
                        277.0,
                        227.0,
                        193.0,
                        536.0,
                        387.0,
                        522.0,
                        175.0,
                        171.0,
                        141.0,
                        143.0,
                        178.0,
                        235.0,
                        223.0,
                        426.0,
                        271.0,
                        233.0,
                        398.0,
                        184.0,
                        334.0,
                        331.0,
                        159.0
                    ]
                },
                "multi_core": {
                    "valid": 1,
                    "score": 527.0,
                    "ratio": 2.026923076923077,
                    "maximum": 1102.0,
                    "average": 573.0,
                    "geometric": 527.0,
                    "harmonic": 487.0,
                    "minimum": 264.0,
                    "kernels": [
                        996.0,
                        590.0,
                        527.0,
                        565.0,
                        543.0,
                        385.0,
                        1066.0,
                        783.0,
                        1102.0,
                        358.0,
                        333.0,
                        344.0,
                        264.0,
                        312.0,
                        467.0,
                        446.0,
                        872.0,
                        544.0,
                        465.0,
                        789.0,
                        367.0,
                        666.0,
                        654.0,
                        320.0
                    ]
                },
                "quad_core": {
                    "valid": 1,
                    "score": 527.0,
                    "ratio": 2.026923076923077,
                    "maximum": 1102.0,
                    "average": 573.0,
                    "geometric": 527.0,
                    "harmonic": 487.0,
                    "minimum": 264.0,
                    "kernels": [
                        996.0,
                        590.0,
                        527.0,
                        565.0,
                        543.0,
                        385.0,
                        1066.0,
                        783.0,
                        1102.0,
                        358.0,
                        333.0,
                        344.0,
                        264.0,
                        312.0,
                        467.0,
                        446.0,
                        872.0,
                        544.0,
                        465.0,
                        789.0,
                        367.0,
                        666.0,
                        654.0,
                        320.0
                    ]
                },
                "workstation": {
                    "valid": 1,
                    "score": 527.0,
                    "ratio": 2.026923076923077,
                    "maximum": 1103.0,
                    "average": 573.0,
                    "geometric": 527.0,
                    "harmonic": 487.0,
                    "minimum": 264.0,
                    "kernels": [
                        996.0,
                        589.0,
                        528.0,
                        565.0,
                        543.0,
                        385.0,
                        1066.0,
                        783.0,
                        1103.0,
                        359.0,
                        333.0,
                        344.0,
                        264.0,
                        310.0,
                        467.0,
                        446.0,
                        872.0,
                        544.0,
                        466.0,
                        788.0,
                        367.0,
                        666.0,
                        653.0,
                        320.0
                    ]
                }
            }
        },
        "optimized": {
            "score": 1379.9793805992867,
            "detailed": {
                "single_core": {
                    "valid": 1,
                    "score": 871.0,
                    "ratio": 0.0,
                    "maximum": 2952.0,
                    "average": 1063.0,
                    "geometric": 871.0,
                    "harmonic": 741.0,
                    "minimum": 395.0,
                    "kernels": [
                        1934.0,
                        855.0,
                        1316.0,
                        1015.0,
                        411.0,
                        830.0,
                        2672.0,
                        2664.0,
                        2952.0,
                        556.0,
                        739.0,
                        583.0,
                        424.0,
                        708.0,
                        395.0,
                        742.0,
                        914.0,
                        1369.0,
                        454.0,
                        403.0,
                        1325.0,
                        511.0,
                        1095.0,
                        634.0
                    ]
                },
                "multi_core": {
                    "valid": 1,
                    "score": 1737.0,
                    "ratio": 1.9942594718714122,
                    "maximum": 5905.0,
                    "average": 2122.0,
                    "geometric": 1737.0,
                    "harmonic": 1478.0,
                    "minimum": 790.0,
                    "kernels": [
                        3867.0,
                        1709.0,
                        2631.0,
                        2029.0,
                        822.0,
                        1660.0,
                        5335.0,
                        5342.0,
                        5905.0,
                        1113.0,
                        1477.0,
                        1165.0,
                        847.0,
                        1371.0,
                        790.0,
                        1477.0,
                        1828.0,
                        2737.0,
                        908.0,
                        807.0,
                        2653.0,
                        1022.0,
                        2191.0,
                        1246.0
                    ]
                },
                "quad_core": {
                    "valid": 1,
                    "score": 1737.0,
                    "ratio": 1.9942594718714122,
                    "maximum": 5905.0,
                    "average": 2122.0,
                    "geometric": 1737.0,
                    "harmonic": 1478.0,
                    "minimum": 790.0,