{
    "system_info": {
        "compiler_info": "cc (Debian 12.2.0-14) 12.2.0",
        "version_info": "3.3.0",
        "cpu_name": "Intel(R) Core(TM)2 CPU          E6600  @ 2.40GHz",
        "cpu_core_count": 2,
        "System": "Intel_Core_2_Duo_E6600_2"
    },
    "timestamp": "22:03 23/06/2024",
    "comment": "Intel Core 2 Duo E6600 @ 2.40GHz / Conroe / 4MB cache / 64-bit Linux Debian 12",
    "full_result": {
        "non_optimized": {
            "score": 468.27116167760846,
            "detailed": {
                "single_core": {
                    "valid": 1,
                    "score": 292.0,
                    "ratio": 0.0,
                    "maximum": 603.0,
                    "average": 316.0,
                    "geometric": 292.0,
                    "harmonic": 271.0,
                    "minimum": 158.0,
                    "kernels": [
                        492.0,
                        346.0,
                        295.0,
                        312.0,
                        255.0,
                        217.0,
                        603.0,
                        436.0,
                        588.0,
                        197.0,
                        192.0,
                        158.0,
                        161.0,
                        200.0,
                        265.0,
                        251.0,
                        479.0,
                        305.0,
                        262.0,
                        447.0,
                        208.0,
                        376.0,
                        372.0,
                        179.0
                    ]
                },
                "multi_core": {
                    "valid": 1,
                    "score": 593.0,
                    "ratio": 2.030821917808219,
                    "maximum": 1240.0,
                    "average": 645.0,
                    "geometric": 593.0,
                    "harmonic": 548.0,
                    "minimum": 297.0,
                    "kernels": [
                        1121.0,
                        665.0,
                        587.0,
                        636.0,
                        610.0,
                        434.0,
                        1200.0,
                        881.0,
                        1240.0,
                        405.0,
                        375.0,
                        387.0,
                        297.0,
                        350.0,
                        526.0,
                        502.0,
                        981.0,
                        613.0,
                        525.0,
                        886.0,
                        414.0,
                        749.0,
                        736.0,
                        360.0
                    ]
                },
                "quad_core": {
                    "valid": 1,
                    "score": 593.0,
                    "ratio": 2.030821917808219,
                    "maximum": 1240.0,
                    "average": 645.0,
                    "geometric": 593.0,
                    "harmonic": 548.0,
                    "minimum": 297.0,
                    "kernels": [
                        1121.0,
                        665.0,
                        587.0,
                        636.0,
                        610.0,
                        434.0,
                        1200.0,
                        881.0,
                        1240.0,
                        405.0,
                        375.0,
                        387.0,
                        297.0,
                        350.0,
                        526.0,
                        502.0,
                        981.0,
                        613.0,
                        525.0,
                        886.0,
                        414.0,
                        749.0,
                        736.0,
                        360.0
                    ]
                },
                "workstation": {
                    "valid": 1,
                    "score": 593.0,
                    "ratio": 2.030821917808219,
                    "maximum": 1241.0,
                    "average": 645.0,
                    "geometric": 593.0,
                    "harmonic": 548.0,
                    "minimum": 297.0,
                    "kernels": [
                        1121.0,
                        664.0,
                        586.0,
                        635.0,
                        609.0,
                        434.0,
                        1200.0,
                        876.0,
                        1241.0,
                        405.0,
                        375.0,
                        387.0,
                        297.0,
                        350.0,
                        526.0,
                        502.0,
                        981.0,
                        613.0,
                        525.0,
                        887.0,
                        414.0,
                        749.0,
                        736.0,
                        360.0
                    ]
                }
            }
        },
        "optimized": {
            "score": 1553.0062363726142,
            "detailed": {
                "single_core": {
                    "valid": 1,
                    "score": 980.0,
                    "ratio": 0.0,
                    "maximum": 3325.0,
                    "average": 1197.0,
                    "geometric": 980.0,
                    "harmonic": 834.0,
                    "minimum": 445.0,
                    "kernels": [
                        2179.0,
                        963.0,
                        1483.0,
                        1144.0,
                        463.0,
                        933.0,
                        3003.0,
                        3007.0,
                        3325.0,
                        626.0,
                        833.0,
                        657.0,
                        477.0,
                        796.0,
                        445.0,
                        847.0,
                        1030.0,
                        1542.0,
                        511.0,
                        454.0,
                        1494.0,
                        576.0,
                        1233.0,
                        700.0
                    ]
                },
                "multi_core": {
                    "valid": 1,
                    "score": 1955.0,
                    "ratio": 1.9948979591836735,
                    "maximum": 6647.0,
                    "average": 2389.0,
                    "geometric": 1955.0,
                    "harmonic": 1664.0,
                    "minimum": 889.0,
                    "kernels": [
                        4357.0,
                        1926.0,
                        2965.0,
                        2287.0,
                        925.0,
                        1871.0,
                        6009.0,
                        6007.0,
                        6647.0,
                        1252.0,
                        1665.0,
                        1313.0,
                        954.0,
                        1538.0,
                        889.0,
                        1684.0,
                        2059.0,
                        3083.0,
                        1022.0,
                        908.0,
                        2986.0,
                        1151.0,
                        2466.0,
                        1374.0
                    ]
                },
                "quad_core": {
                    "valid": 1,
                    "score": 1955.0,
                    "ratio": 1.9948979591836735,
                    "maximum": 6647.0,
                    "average": 2389.0,
                    "geometric": 1955.0,
                    "harmonic": 1664.0,
                    "minimum": 889.0,