{
    "system_info": {
        "compiler_info": "cc (Debian 12.2.0-14) 12.2.0",
        "version_info": "3.3.0",
        "cpu_name": "AMD Ryzen 7 1700X Eight-Core Processor",
        "cpu_core_count": 16,
        "System": "AMD_Ryzen_7_1700X_Linux"
    },
    "timestamp": "18:56 17/12/2023",
    "comment": "",
    "full_result": {
        "non_optimized": {
            "score": 2410.732391628543,
            "detailed": {
                "single_core": {
                    "valid": 1,
                    "score": 715.0,
                    "ratio": 0.0,
                    "maximum": 2187.0,
                    "average": 829.0,
                    "geometric": 715.0,
                    "harmonic": 624.0,
                    "minimum": 274.0,
                    "kernels": [
                        1411.0,
                        1026.0,
                        643.0,
                        692.0,
                        497.0,
                        585.0,
                        2187.0,
                        1255.0,
                        1665.0,
                        389.0,
                        334.0,
                        391.0,
                        274.0,
                        466.0,
                        963.0,
                        704.0,
                        733.0,
                        761.0,
                        425.0,
                        1202.0,
                        537.0,
                        1483.0,
                        840.0,
                        443.0
                    ]
                },
                "multi_core": {
                    "valid": 1,
                    "score": 7154.0,
                    "ratio": 10.005594405594406,
                    "maximum": 17820.0,
                    "average": 8075.0,
                    "geometric": 7154.0,
                    "harmonic": 6411.0,
                    "minimum": 3081.0,
                    "kernels": [
                        12096.0,
                        8593.0,
                        7288.0,
                        7132.0,
                        6304.0,
                        5327.0,
                        17820.0,
                        9274.0,
                        12682.0,
                        3971.0,
                        4105.0,
                        4094.0,
                        3081.0,
                        4424.0,
                        8038.0,
                        5930.0,
                        11758.0,
                        6051.0,
                        6011.0,
                        17578.0,
                        4230.0,
                        14935.0,
                        7790.0,
                        5289.0
                    ]
                },
                "quad_core": {
                    "valid": 1,
                    "score": 2739.0,
                    "ratio": 3.830769230769231,
                    "maximum": 8459.0,
                    "average": 3191.0,
                    "geometric": 2739.0,
                    "harmonic": 2382.0,
                    "minimum": 1017.0,
                    "kernels": [
                        5607.0,
                        3812.0,
                        2498.0,
                        2602.0,
                        1914.0,
                        2234.0,
                        8459.0,
                        4777.0,
                        6512.0,
                        1546.0,
                        1303.0,
                        1504.0,
                        1017.0,
                        1718.0,
                        3709.0,
                        2640.0,
                        2662.0,
                        2990.0,
                        1616.0,
                        4690.0,
                        2056.0,
                        5763.0,
                        3300.0,
                        1666.0
                    ]
                },
                "workstation": {
                    "valid": 1,
                    "score": 7024.0,
                    "ratio": 9.823776223776223,
                    "maximum": 17307.0,
                    "average": 7913.0,
                    "geometric": 7024.0,
                    "harmonic": 6305.0,
                    "minimum": 3031.0,
                    "kernels": [
                        11944.0,
                        8571.0,
                        7239.0,
                        7120.0,
                        6269.0,
                        5236.0,
                        17307.0,
                        9141.0,
                        12567.0,
                        3966.0,
                        4038.0,
                        4056.0,
                        3031.0,
                        4324.0,
                        7779.0,
                        5724.0,
                        11509.0,
                        5898.0,
                        5956.0,
                        17031.0,
                        4146.0,
                        14474.0,
                        7284.0,
                        5295.0
                    ]
                }
            }
        },
        "optimized": {
            "score": 10371.194275826143,
            "detailed": {
                "single_core": {
                    "valid": 1,
                    "score": 3111.0,
                    "ratio": 0.0,
                    "maximum": 15065.0,
                    "average": 4328.0,
                    "geometric": 3111.0,
                    "harmonic": 2302.0,
                    "minimum": 710.0,
                    "kernels": [
                        13208.0,
                        3908.0,
                        3438.0,
                        3671.0,
                        1315.0,
                        1886.0,
                        15065.0,
                        7548.0,
                        7938.0,
                        3606.0,
                        1514.0,
                        3594.0,
                        710.0,
                        1537.0,
                        4724.0,
                        2811.0,
                        2722.0,
                        7755.0,
                        1084.0,
                        1355.0,
                        8532.0,
                        2490.0,
                        2444.0,
                        1010.0
                    ]
                },
                "multi_core": {
                    "valid": 1,
                    "score": 29827.0,
                    "ratio": 9.587592414014786,
                    "maximum": 111046.0,
                    "average": 35978.0,
                    "geometric": 29827.0,
                    "harmonic": 25054.0,
                    "minimum": 9640.0,
                    "kernels": [
                        86423.0,
                        30528.0,
                        42439.0,
                        36046.0,
                        17793.0,
                        20735.0,
                        111046.0,
                        45125.0,
                        51910.0,
                        21715.0,
                        18851.0,
                        29837.0,
                        9640.0,
                        14974.0,
                        40445.0,
                        25629.0,
                        36036.0,
                        62673.0,
                        15929.0,
                        20114.0,
                        58727.0,
                        23622.0,
                        32645.0,
                        10597.0
                    ]
                },
                "quad_core": {
                    "valid": 1,
                    "score": 12022.0,
                    "ratio": 3.864352298296368,
                    "maximum": 58838.0,
                    "average": 16825.0,
                    "geometric": 12022.0,
                    "harmonic": 8842.0,