{
    "system_info": {
        "compiler_info": "cc (Debian 12.2.0-14) 12.2.0",
        "version_info": "3.3.0",
        "cpu_name": "12th Gen Intel(R) Core(TM) i5-12500",
        "cpu_core_count": 12,
        "System": "Intel_Core_i5_12500_Linux"
    },
    "timestamp": "01:20 23/07/2024",
    "comment": "Debian 12",
    "full_result": {
        "non_optimized": {
            "score": 3861.878872767973,
            "detailed": {
                "single_core": {
                    "valid": 1,
                    "score": 1359.0,
                    "ratio": 0.0,
                    "maximum": 4058.0,
                    "average": 1598.0,
                    "geometric": 1359.0,
                    "harmonic": 1176.0,
                    "minimum": 565.0,
                    "kernels": [
                        2876.0,
                        1905.0,
                        1165.0,
                        1174.0,
                        862.0,
                        1043.0,
                        4058.0,
                        2099.0,
                        2832.0,
                        817.0,
                        573.0,
                        809.0,
                        565.0,
                        899.0,
                        1853.0,
                        1296.0,
                        1613.0,
                        1437.0,
                        689.0,
                        2878.0,
                        929.0,
                        3538.0,
                        1529.0,
                        909.0
                    ]
                },
                "multi_core": {
                    "valid": 1,
                    "score": 8196.0,
                    "ratio": 6.030905077262693,
                    "maximum": 21454.0,
                    "average": 9337.0,
                    "geometric": 8196.0,
                    "harmonic": 7322.0,
                    "minimum": 3875.0,
                    "kernels": [
                        15010.0,
                        10534.0,
                        8242.0,
                        7594.0,
                        7184.0,
                        5973.0,
                        21454.0,
                        10787.0,
                        14446.0,
                        4470.0,
                        4425.0,
                        4799.0,
                        3875.0,
                        5051.0,
                        9763.0,
                        7193.0,
                        12574.0,
                        6518.0,
                        6622.0,
                        19640.0,
                        4876.0,
                        19516.0,
                        7729.0,
                        5822.0
                    ]
                },
                "quad_core": {
                    "valid": 1,
                    "score": 5171.0,
                    "ratio": 3.8050036791758646,
                    "maximum": 15462.0,
                    "average": 6074.0,
                    "geometric": 5171.0,
                    "harmonic": 4477.0,
                    "minimum": 2176.0,
                    "kernels": [
                        10954.0,
                        7280.0,
                        4446.0,
                        4535.0,
                        3305.0,
                        3979.0,
                        15462.0,
                        7975.0,
                        10815.0,
                        3108.0,
                        2191.0,
                        2960.0,
                        2176.0,
                        3350.0,
                        7067.0,
                        4961.0,
                        6164.0,
                        5485.0,
                        2631.0,
                        10912.0,
                        3529.0,
                        13190.0,
                        5816.0,
                        3493.0
                    ]
                },
                "workstation": {
                    "valid": 1,
                    "score": 8160.0,
                    "ratio": 6.004415011037527,
                    "maximum": 21072.0,
                    "average": 9286.0,
                    "geometric": 8160.0,
                    "harmonic": 7290.0,
                    "minimum": 3795.0,
                    "kernels": [
                        14773.0,
                        10343.0,
                        8147.0,
                        7451.0,
                        7178.0,
                        5859.0,
                        21072.0,
                        10580.0,
                        14134.0,
                        4363.0,
                        4383.0,
                        4751.0,
                        3795.0,
                        5038.0,
                        9733.0,
                        7089.0,
                        12793.0,
                        6661.0,
                        6625.0,
                        19575.0,
                        4927.0,
                        19585.0,
                        7881.0,
                        6127.0
                    ]
                }
            }
        },
        "optimized": {
            "score": 17054.49698755241,
            "detailed": {
                "single_core": {
                    "valid": 1,
                    "score": 5922.0,
                    "ratio": 0.0,
                    "maximum": 26110.0,
                    "average": 8008.0,
                    "geometric": 5922.0,
                    "harmonic": 4489.0,
                    "minimum": 1530.0,
                    "kernels": [
                        21290.0,
                        7166.0,
                        7412.0,
                        6203.0,
                        2614.0,
                        3748.0,
                        26110.0,
                        13201.0,
                        13540.0,
                        6004.0,
                        3142.0,
                        7194.0,
                        3120.0,
                        3685.0,
                        7491.0,
                        5292.0,
                        4853.0,
                        17579.0,
                        1530.0,
                        1657.0,
                        17973.0,
                        5004.0,
                        4307.0,
                        2079.0
                    ]
                },
                "multi_core": {
                    "valid": 1,
                    "score": 37188.0,
                    "ratio": 6.279635258358662,
                    "maximum": 131175.0,
                    "average": 45605.0,
                    "geometric": 37188.0,
                    "harmonic": 31244.0,
                    "minimum": 15943.0,
                    "kernels": [
                        108583.0,
                        40744.0,
                        47785.0,
                        38622.0,
                        17968.0,
                        24646.0,
                        131175.0,
                        63088.0,
                        72387.0,
                        32352.0,
                        23751.0,
                        34463.0,
                        18115.0,
                        18362.0,
                        54292.0,
                        30016.0,
                        38597.0,
                        84648.0,
                        15943.0,
                        16931.0,
                        99365.0,
                        28458.0,
                        37303.0,
                        16921.0
                    ]
                },
                "quad_core": {
                    "valid": 1,
                    "score": 22524.0,
                    "ratio": 3.8034447821681865,
                    "maximum": 99897.0,
                    "average": 30472.0,
                    "geometric": 22524.0,