{
    "system_info": {
        "compiler_info": "cc (Debian 12.2.0-14) 12.2.0",
        "version_info": "3.3.1",
        "cpu_name": "No CPUID information",
        "cpu_core_count": 80,
        "System": "Ampere_Altra_Q80-30_Linux"
    },
    "timestamp": "21:46 09/12/2024",
    "comment": "Ampere Altra Q80-30",
    "full_result": {
        "non_optimized": {
            "score": 3965.849623102289,
            "detailed": {
                "single_core": {
                    "valid": 1,
                    "score": 578.0,
                    "ratio": 0.0,
                    "maximum": 1693.0,
                    "average": 663.0,
                    "geometric": 578.0,
                    "harmonic": 509.0,
                    "minimum": 222.0,
                    "kernels": [
                        1129.0,
                        643.0,
                        586.0,
                        614.0,
                        519.0,
                        428.0,
                        1693.0,
                        768.0,
                        1073.0,
                        335.0,
                        287.0,
                        338.0,
                        222.0,
                        324.0,
                        726.0,
                        465.0,
                        795.0,
                        691.0,
                        462.0,
                        867.0,
                        356.0,
                        1520.0,
                        731.0,
                        348.0
                    ]
                },
                "multi_core": {
                    "valid": 1,
                    "score": 46395.0,
                    "ratio": 80.2681660899654,
                    "maximum": 135054.0,
                    "average": 53131.0,
                    "geometric": 46395.0,
                    "harmonic": 40956.0,
                    "minimum": 17657.0,
                    "kernels": [
                        90333.0,
                        51559.0,
                        46422.0,
                        48942.0,
                        41908.0,
                        34467.0,
                        135054.0,
                        61491.0,
                        85698.0,
                        26899.0,
                        25733.0,
                        26365.0,
                        17657.0,
                        25869.0,
                        58064.0,
                        37536.0,
                        64332.0,
                        55171.0,
                        36593.0,
                        69238.0,
                        28442.0,
                        121229.0,
                        58611.0,
                        27538.0
                    ]
                },
                "quad_core": {
                    "valid": 1,
                    "score": 2326.0,
                    "ratio": 4.024221453287197,
                    "maximum": 6765.0,
                    "average": 2662.0,
                    "geometric": 2326.0,
                    "harmonic": 2054.0,
                    "minimum": 882.0,
                    "kernels": [
                        4526.0,
                        2583.0,
                        2322.0,
                        2448.0,
                        2095.0,
                        1727.0,
                        6765.0,
                        3076.0,
                        4290.0,
                        1347.0,
                        1298.0,
                        1352.0,
                        882.0,
                        1294.0,
                        2907.0,
                        1874.0,
                        3236.0,
                        2762.0,
                        1829.0,
                        3467.0,
                        1426.0,
                        6065.0,
                        2933.0,
                        1380.0
                    ]
                },
                "workstation": {
                    "valid": 1,
                    "score": 46322.0,
                    "ratio": 80.14186851211073,
                    "maximum": 135184.0,
                    "average": 53097.0,
                    "geometric": 46322.0,
                    "harmonic": 40849.0,
                    "minimum": 17647.0,
                    "kernels": [
                        90267.0,
                        51460.0,
                        46421.0,
                        48932.0,
                        42167.0,
                        34655.0,
                        135184.0,
                        61432.0,
                        85636.0,
                        26907.0,
                        25595.0,
                        25484.0,
                        17647.0,
                        25816.0,
                        58067.0,
                        37404.0,
                        64618.0,
                        55216.0,
                        36404.0,
                        69238.0,
                        28471.0,
                        121225.0,
                        58556.0,
                        27526.0
                    ]
                }
            }
        },
        "optimized": {
            "score": 20294.250468842678,
            "detailed": {
                "single_core": {
                    "valid": 1,
                    "score": 2968.0,
                    "ratio": 0.0,
                    "maximum": 13032.0,
                    "average": 3788.0,
                    "geometric": 2968.0,
                    "harmonic": 2407.0,
                    "minimum": 933.0,
                    "kernels": [
                        9680.0,
                        2802.0,
                        3016.0,
                        2557.0,
                        1310.0,
                        2048.0,
                        13032.0,
                        6667.0,
                        6421.0,
                        2690.0,
                        1585.0,
                        3503.0,
                        995.0,
                        1602.0,
                        3901.0,
                        2380.0,
                        2394.0,
                        6575.0,
                        1507.0,
                        3089.0,
                        7095.0,
                        2268.0,
                        2860.0,
                        933.0
                    ]
                },
                "multi_core": {
                    "valid": 1,
                    "score": 237309.0,
                    "ratio": 79.95586253369272,
                    "maximum": 1043111.0,
                    "average": 302931.0,
                    "geometric": 237309.0,
                    "harmonic": 192463.0,
                    "minimum": 74694.0,
                    "kernels": [
                        773675.0,
                        224479.0,
                        241110.0,
                        204671.0,
                        104677.0,
                        164023.0,
                        1043111.0,
                        532883.0,
                        512851.0,
                        214974.0,
                        126971.0,
                        281144.0,
                        79542.0,
                        127773.0,
                        312375.0,
                        190155.0,
                        191203.0,
                        525926.0,
                        120557.0,
                        246934.0,
                        567565.0,
                        180593.0,
                        228456.0,
                        74694.0
                    ]
                },
                "quad_core": {
                    "valid": 1,
                    "score": 11867.0,
                    "ratio": 3.9983153638814017,
                    "maximum": 52135.0,
                    "average": 15149.0,