{
    "system_info": {
        "compiler_info": "cc (Debian 10.2.1-6) 10.2.1 20210110",
        "version_info": "3.3.0",
        "cpu_name": "No CPUID information",
        "cpu_core_count": 6,
        "System": "Samsung_Galaxy_S7_Exynos_Linux"
    },
    "timestamp": "4:43 6/1/2024",
    "comment": "Galaxy S7 / SM-G935F / Exynos 8890 / UserLAnd / Debian 11",
    "full_result": {
        "non_optimized": {
            "score": 569.6461330820161,
            "detailed": {
                "single_core": {
                    "valid": 1,
                    "score": 259.0,
                    "ratio": 0.0,
                    "maximum": 607.0,
                    "average": 286.0,
                    "geometric": 259.0,
                    "harmonic": 234.0,
                    "minimum": 129.0,
                    "kernels": [
                        426.0,
                        333.0,
                        232.0,
                        220.0,
                        240.0,
                        189.0,
                        607.0,
                        398.0,
                        547.0,
                        175.0,
                        137.0,
                        139.0,
                        129.0,
                        149.0,
                        298.0,
                        235.0,
                        428.0,
                        300.0,
                        232.0,
                        370.0,
                        190.0,
                        388.0,
                        376.0,
                        135.0
                    ]
                },
                "multi_core": {
                    "valid": 1,
                    "score": 900.0,
                    "ratio": 3.474903474903475,
                    "maximum": 2020.0,
                    "average": 992.0,
                    "geometric": 900.0,
                    "harmonic": 818.0,
                    "minimum": 440.0,
                    "kernels": [
                        1424.0,
                        1101.0,
                        794.0,
                        783.0,
                        808.0,
                        656.0,
                        2020.0,
                        1293.0,
                        1756.0,
                        574.0,
                        474.0,
                        488.0,
                        440.0,
                        514.0,
                        1068.0,
                        801.0,
                        1424.0,
                        1011.0,
                        864.0,
                        1347.0,
                        696.0,
                        1566.0,
                        1379.0,
                        525.0
                    ]
                },
                "quad_core": {
                    "valid": 1,
                    "score": 793.0,
                    "ratio": 3.0617760617760617,
                    "maximum": 1885.0,
                    "average": 878.0,
                    "geometric": 793.0,
                    "harmonic": 717.0,
                    "minimum": 395.0,
                    "kernels": [
                        1336.0,
                        1043.0,
                        727.0,
                        702.0,
                        752.0,
                        589.0,
                        1885.0,
                        1196.0,
                        1651.0,
                        533.0,
                        415.0,
                        422.0,
                        395.0,
                        457.0,
                        943.0,
                        715.0,
                        1235.0,
                        913.0,
                        697.0,
                        1120.0,
                        568.0,
                        1261.0,
                        1113.0,
                        408.0
                    ]
                },
                "workstation": {
                    "valid": 1,
                    "score": 687.0,
                    "ratio": 2.6525096525096523,
                    "maximum": 1564.0,
                    "average": 758.0,
                    "geometric": 687.0,
                    "harmonic": 623.0,
                    "minimum": 335.0,
                    "kernels": [
                        1192.0,
                        906.0,
                        657.0,
                        652.0,
                        667.0,
                        539.0,
                        1564.0,
                        982.0,
                        1345.0,
                        439.0,
                        360.0,
                        375.0,
                        335.0,
                        394.0,
                        824.0,
                        612.0,
                        1090.0,
                        768.0,
                        603.0,
                        970.0,
                        474.0,
                        1155.0,
                        936.0,
                        365.0
                    ]
                }
            }
        },
        "optimized": {
            "score": 1701.7984508205,
            "detailed": {
                "single_core": {
                    "valid": 1,
                    "score": 671.0,
                    "ratio": 0.0,
                    "maximum": 2967.0,
                    "average": 901.0,
                    "geometric": 671.0,
                    "harmonic": 535.0,
                    "minimum": 203.0,
                    "kernels": [
                        2967.0,
                        678.0,
                        652.0,
                        627.0,
                        419.0,
                        447.0,
                        2903.0,
                        2531.0,
                        1337.0,
                        622.0,
                        406.0,
                        711.0,
                        271.0,
                        380.0,
                        320.0,
                        612.0,
                        822.0,
                        1092.0,
                        509.0,
                        314.0,
                        1555.0,
                        303.0,
                        932.0,
                        203.0
                    ]
                },
                "multi_core": {
                    "valid": 1,
                    "score": 3738.0,
                    "ratio": 5.570789865871833,
                    "maximum": 14703.0,
                    "average": 4581.0,
                    "geometric": 3738.0,
                    "harmonic": 3148.0,
                    "minimum": 1545.0,
                    "kernels": [
                        9660.0,
                        3033.0,
                        4188.0,
                        4862.0,
                        2402.0,
                        1991.0,
                        14703.0,
                        10143.0,
                        6540.0,
                        3063.0,
                        2336.0,
                        5918.0,
                        1545.0,
                        2537.0,
                        1968.0,
                        3517.0,
                        4925.0,
                        5905.0,
                        2934.0,
                        1912.0,
                        7713.0,
                        1837.0,
                        4724.0,
                        1589.0
                    ]
                },
                "quad_core": {
                    "valid": 1,
                    "score": 1965.0,
                    "ratio": 2.9284649776453056,
                    "maximum": 9196.0,
                    "average": 2688.0,
                    "geometric": 1965.0,
                    "harmonic": 1536.0,
                    "minimum": 556.0,