{
    "system_info": {
        "compiler_info": "cc (Debian 12.2.0-14) 12.2.0",
        "version_info": "3.3.0",
        "cpu_name": "Intel(R) Xeon(R) CPU E3-1270 v3 @ 3.50GHz",
        "cpu_core_count": 8,
        "System": "Intel_Xeon_E3_1270v3_Linux"
    },
    "timestamp": "03:51 13/01/2024",
    "comment": "Debian 12; A Xeon version of Core i7-4770",
    "full_result": {
        "non_optimized": {
            "score": 1977.4722629315042,
            "detailed": {
                "single_core": {
                    "valid": 1,
                    "score": 767.0,
                    "ratio": 0.0,
                    "maximum": 1851.0,
                    "average": 857.0,
                    "geometric": 767.0,
                    "harmonic": 691.0,
                    "minimum": 367.0,
                    "kernels": [
                        1531.0,
                        1054.0,
                        846.0,
                        779.0,
                        564.0,
                        651.0,
                        1851.0,
                        1150.0,
                        1546.0,
                        464.0,
                        406.0,
                        436.0,
                        367.0,
                        523.0,
                        970.0,
                        652.0,
                        1056.0,
                        753.0,
                        500.0,
                        1318.0,
                        501.0,
                        1349.0,
                        871.0,
                        438.0
                    ]
                },
                "multi_core": {
                    "valid": 1,
                    "score": 3428.0,
                    "ratio": 4.469361147327249,
                    "maximum": 7106.0,
                    "average": 3774.0,
                    "geometric": 3428.0,
                    "harmonic": 3124.0,
                    "minimum": 1629.0,
                    "kernels": [
                        5819.0,
                        4294.0,
                        3670.0,
                        3496.0,
                        3207.0,
                        2638.0,
                        7106.0,
                        4463.0,
                        5898.0,
                        1858.0,
                        2097.0,
                        2059.0,
                        1629.0,
                        2233.0,
                        3930.0,
                        2866.0,
                        5920.0,
                        2914.0,
                        3071.0,
                        6816.0,
                        1967.0,
                        6433.0,
                        3770.0,
                        2416.0
                    ]
                },
                "quad_core": {
                    "valid": 1,
                    "score": 2941.0,
                    "ratio": 3.834419817470665,
                    "maximum": 7018.0,
                    "average": 3287.0,
                    "geometric": 2941.0,
                    "harmonic": 2645.0,
                    "minimum": 1369.0,
                    "kernels": [
                        5894.0,
                        4071.0,
                        3242.0,
                        3114.0,
                        2168.0,
                        2505.0,
                        7018.0,
                        4363.0,
                        5854.0,
                        1764.0,
                        1580.0,
                        1686.0,
                        1369.0,
                        1947.0,
                        3652.0,
                        2527.0,
                        4109.0,
                        2905.0,
                        1928.0,
                        5058.0,
                        1881.0,
                        5221.0,
                        3337.0,
                        1688.0
                    ]
                },
                "workstation": {
                    "valid": 1,
                    "score": 3421.0,
                    "ratio": 4.460234680573664,
                    "maximum": 7089.0,
                    "average": 3763.0,
                    "geometric": 3421.0,
                    "harmonic": 3119.0,
                    "minimum": 1634.0,
                    "kernels": [
                        5851.0,
                        4269.0,
                        3722.0,
                        3518.0,
                        3251.0,
                        2632.0,
                        7089.0,
                        4397.0,
                        5861.0,
                        1860.0,
                        2098.0,
                        2090.0,
                        1634.0,
                        2192.0,
                        3913.0,
                        2860.0,
                        5843.0,
                        2926.0,
                        3034.0,
                        6831.0,
                        1975.0,
                        6275.0,
                        3867.0,
                        2327.0
                    ]
                }
            }
        },
        "optimized": {
            "score": 7548.497092426548,
            "detailed": {
                "single_core": {
                    "valid": 1,
                    "score": 2818.0,
                    "ratio": 0.0,
                    "maximum": 13134.0,
                    "average": 3714.0,
                    "geometric": 2818.0,
                    "harmonic": 2277.0,
                    "minimum": 1046.0,
                    "kernels": [
                        10775.0,
                        3619.0,
                        2433.0,
                        3164.0,
                        1230.0,
                        1975.0,
                        13134.0,
                        5577.0,
                        6907.0,
                        3009.0,
                        1534.0,
                        3456.0,
                        1293.0,
                        1631.0,
                        2273.0,
                        2589.0,
                        2481.0,
                        5946.0,
                        1049.0,
                        1046.0,
                        8414.0,
                        1791.0,
                        2247.0,
                        1571.0
                    ]
                },
                "multi_core": {
                    "valid": 1,
                    "score": 14105.0,
                    "ratio": 5.005322924059617,
                    "maximum": 50310.0,
                    "average": 16940.0,
                    "geometric": 14105.0,
                    "harmonic": 12125.0,
                    "minimum": 5616.0,
                    "kernels": [
                        42361.0,
                        15587.0,
                        19101.0,
                        15896.0,
                        7886.0,
                        10919.0,
                        50310.0,
                        22008.0,
                        26720.0,
                        11224.0,
                        8527.0,
                        15062.0,
                        5616.0,
                        6891.0,
                        10949.0,
                        11594.0,
                        16485.0,
                        27476.0,
                        8084.0,
                        7500.0,
                        33382.0,
                        9361.0,
                        15773.0,
                        7852.0
                    ]
                },
                "quad_core": {
                    "valid": 1,
                    "score": 10821.0,
                    "ratio": 3.839957416607523,
                    "maximum": 50840.0,
                    "average": 14280.0,
                    "geometric": 10821.0,