{
    "system_info": {
        "compiler_info": "cc (Debian 12.2.0-14) 12.2.0",
        "version_info": "3.3.0",
        "cpu_name": "Intel(R) Core(TM)2 Duo CPU     P8600  @ 2.40GHz",
        "cpu_core_count": 2,
        "System": "Intel_Core_2_Duo_P8600_2"
    },
    "timestamp": "7:29 6/1/2024",
    "comment": "Debian 12",
    "full_result": {
        "non_optimized": {
            "score": 496.75479350488087,
            "detailed": {
                "single_core": {
                    "valid": 1,
                    "score": 322.0,
                    "ratio": 0.0,
                    "maximum": 636.0,
                    "average": 351.0,
                    "geometric": 322.0,
                    "harmonic": 296.0,
                    "minimum": 169.0,
                    "kernels": [
                        516.0,
                        355.0,
                        332.0,
                        328.0,
                        280.0,
                        229.0,
                        633.0,
                        457.0,
                        636.0,
                        205.0,
                        202.0,
                        179.0,
                        169.0,
                        210.0,
                        408.0,
                        264.0,
                        479.0,
                        347.0,
                        274.0,
                        597.0,
                        216.0,
                        532.0,
                        390.0,
                        192.0
                    ]
                },
                "multi_core": {
                    "valid": 1,
                    "score": 617.0,
                    "ratio": 1.9161490683229814,
                    "maximum": 1240.0,
                    "average": 676.0,
                    "geometric": 617.0,
                    "harmonic": 564.0,
                    "minimum": 296.0,
                    "kernels": [
                        1116.0,
                        633.0,
                        632.0,
                        635.0,
                        608.0,
                        434.0,
                        1197.0,
                        881.0,
                        1240.0,
                        398.0,
                        380.0,
                        387.0,
                        296.0,
                        348.0,
                        769.0,
                        501.0,
                        978.0,
                        657.0,
                        523.0,
                        1103.0,
                        409.0,
                        995.0,
                        731.0,
                        364.0
                    ]
                },
                "quad_core": {
                    "valid": 1,
                    "score": 617.0,
                    "ratio": 1.9161490683229814,
                    "maximum": 1240.0,
                    "average": 676.0,
                    "geometric": 617.0,
                    "harmonic": 564.0,
                    "minimum": 296.0,
                    "kernels": [
                        1116.0,
                        633.0,
                        632.0,
                        635.0,
                        608.0,
                        434.0,
                        1197.0,
                        881.0,
                        1240.0,
                        398.0,
                        380.0,
                        387.0,
                        296.0,
                        348.0,
                        769.0,
                        501.0,
                        978.0,
                        657.0,
                        523.0,
                        1103.0,
                        409.0,
                        995.0,
                        731.0,
                        364.0
                    ]
                },
                "workstation": {
                    "valid": 1,
                    "score": 617.0,
                    "ratio": 1.9161490683229814,
                    "maximum": 1243.0,
                    "average": 676.0,
                    "geometric": 617.0,
                    "harmonic": 564.0,
                    "minimum": 296.0,
                    "kernels": [
                        1116.0,
                        633.0,
                        632.0,
                        635.0,
                        608.0,
                        434.0,
                        1197.0,
                        881.0,
                        1243.0,
                        398.0,
                        380.0,
                        387.0,
                        296.0,
                        349.0,
                        769.0,
                        501.0,
                        978.0,
                        657.0,
                        523.0,
                        1104.0,
                        409.0,
                        995.0,
                        731.0,
                        364.0
                    ]
                }
            }
        },
        "optimized": {
            "score": 1680.5228909020639,
            "detailed": {
                "single_core": {
                    "valid": 1,
                    "score": 1097.0,
                    "ratio": 0.0,
                    "maximum": 3501.0,
                    "average": 1309.0,
                    "geometric": 1097.0,
                    "harmonic": 951.0,
                    "minimum": 485.0,
                    "kernels": [
                        2312.0,
                        1011.0,
                        1578.0,
                        1298.0,
                        485.0,
                        984.0,
                        3201.0,
                        3130.0,
                        3501.0,
                        663.0,
                        870.0,
                        687.0,
                        514.0,
                        846.0,
                        1029.0,
                        892.0,
                        1080.0,
                        1854.0,
                        537.0,
                        628.0,
                        1571.0,
                        727.0,
                        1297.0,
                        731.0
                    ]
                },
                "multi_core": {
                    "valid": 1,
                    "score": 2080.0,
                    "ratio": 1.8960802187784869,
                    "maximum": 6643.0,
                    "average": 2484.0,
                    "geometric": 2080.0,
                    "harmonic": 1803.0,
                    "minimum": 921.0,
                    "kernels": [
                        4385.0,
                        1921.0,
                        2995.0,
                        2468.0,
                        921.0,
                        1874.0,
                        6082.0,
                        5957.0,
                        6643.0,
                        1259.0,
                        1653.0,
                        1303.0,
                        975.0,
                        1533.0,
                        1957.0,
                        1695.0,
                        2049.0,
                        3517.0,
                        1021.0,
                        1193.0,
                        2984.0,
                        1381.0,
                        2462.0,
                        1385.0
                    ]
                },
                "quad_core": {
                    "valid": 1,
                    "score": 2080.0,
                    "ratio": 1.8960802187784869,
                    "maximum": 6643.0,
                    "average": 2484.0,
                    "geometric": 2080.0,
                    "harmonic": 1803.0,
                    "minimum": 921.0,