{
    "system_info": {
        "compiler_info": "cc (Debian 12.2.0-14) 12.2.0",
        "version_info": "3.3.0",
        "cpu_name": "Intel(R) Core(TM) i5-7300U CPU @ 2.60GHz",
        "cpu_core_count": 4,
        "System": "Intel_Core_i5_7300U_Linux"
    },
    "timestamp": "20:47 20/06/2024",
    "comment": "Debian 12 / HP Elitebook 830 G5 7th-gen",
    "full_result": {
        "non_optimized": {
            "score": 1272.258108807068,
            "detailed": {
                "single_core": {
                    "valid": 1,
                    "score": 734.0,
                    "ratio": 0.0,
                    "maximum": 1672.0,
                    "average": 823.0,
                    "geometric": 734.0,
                    "harmonic": 659.0,
                    "minimum": 348.0,
                    "kernels": [
                        1393.0,
                        1002.0,
                        763.0,
                        712.0,
                        544.0,
                        608.0,
                        1672.0,
                        1068.0,
                        1473.0,
                        432.0,
                        376.0,
                        428.0,
                        348.0,
                        475.0,
                        970.0,
                        618.0,
                        1022.0,
                        739.0,
                        466.0,
                        1383.0,
                        508.0,
                        1481.0,
                        819.0,
                        441.0
                    ]
                },
                "multi_core": {
                    "valid": 1,
                    "score": 1675.0,
                    "ratio": 2.282016348773842,
                    "maximum": 3740.0,
                    "average": 1866.0,
                    "geometric": 1675.0,
                    "harmonic": 1514.0,
                    "minimum": 819.0,
                    "kernels": [
                        2824.0,
                        2080.0,
                        1787.0,
                        1641.0,
                        1590.0,
                        1248.0,
                        3523.0,
                        2167.0,
                        2969.0,
                        955.0,
                        951.0,
                        968.0,
                        819.0,
                        1048.0,
                        2113.0,
                        1395.0,
                        2602.0,
                        1531.0,
                        1445.0,
                        3670.0,
                        1016.0,
                        3740.0,
                        1702.0,
                        1004.0
                    ]
                },
                "quad_core": {
                    "valid": 1,
                    "score": 1675.0,
                    "ratio": 2.282016348773842,
                    "maximum": 3740.0,
                    "average": 1866.0,
                    "geometric": 1675.0,
                    "harmonic": 1514.0,
                    "minimum": 819.0,
                    "kernels": [
                        2824.0,
                        2080.0,
                        1787.0,
                        1641.0,
                        1590.0,
                        1248.0,
                        3523.0,
                        2167.0,
                        2969.0,
                        955.0,
                        951.0,
                        968.0,
                        819.0,
                        1048.0,
                        2113.0,
                        1395.0,
                        2602.0,
                        1531.0,
                        1445.0,
                        3670.0,
                        1016.0,
                        3740.0,
                        1702.0,
                        1004.0
                    ]
                },
                "workstation": {
                    "valid": 1,
                    "score": 1706.0,
                    "ratio": 2.32425068119891,
                    "maximum": 3703.0,
                    "average": 1890.0,
                    "geometric": 1706.0,
                    "harmonic": 1550.0,
                    "minimum": 839.0,
                    "kernels": [
                        2793.0,
                        2094.0,
                        1778.0,
                        1670.0,
                        1581.0,
                        1283.0,
                        3467.0,
                        2218.0,
                        2978.0,
                        962.0,
                        984.0,
                        991.0,
                        839.0,
                        1067.0,
                        2110.0,
                        1417.0,
                        2710.0,
                        1540.0,
                        1473.0,
                        3703.0,
                        1035.0,
                        3697.0,
                        1845.0,
                        1130.0
                    ]
                }
            }
        },
        "optimized": {
            "score": 5292.491535069177,
            "detailed": {
                "single_core": {
                    "valid": 1,
                    "score": 2847.0,
                    "ratio": 0.0,
                    "maximum": 12267.0,
                    "average": 3806.0,
                    "geometric": 2847.0,
                    "harmonic": 2228.0,
                    "minimum": 876.0,
                    "kernels": [
                        10680.0,
                        3699.0,
                        2703.0,
                        2573.0,
                        1176.0,
                        1585.0,
                        12267.0,
                        6561.0,
                        6286.0,
                        3191.0,
                        1315.0,
                        3107.0,
                        1289.0,
                        1717.0,
                        5557.0,
                        2668.0,
                        2044.0,
                        7032.0,
                        876.0,
                        1100.0,
                        8194.0,
                        2412.0,
                        1964.0,
                        1354.0
                    ]
                },
                "multi_core": {
                    "valid": 1,
                    "score": 7216.0,
                    "ratio": 2.5345978222690553,
                    "maximum": 25296.0,
                    "average": 8701.0,
                    "geometric": 7216.0,
                    "harmonic": 6176.0,
                    "minimum": 3059.0,
                    "kernels": [
                        21712.0,
                        7855.0,
                        7911.0,
                        6354.0,
                        3962.0,
                        5146.0,
                        25296.0,
                        12380.0,
                        13074.0,
                        6138.0,
                        4136.0,
                        8086.0,
                        3059.0,
                        3592.0,
                        11302.0,
                        5750.0,
                        7440.0,
                        15496.0,
                        3541.0,
                        4287.0,
                        16500.0,
                        5647.0,
                        6682.0,
                        3477.0
                    ]
                },
                "quad_core": {
                    "valid": 1,
                    "score": 7216.0,
                    "ratio": 2.5345978222690553,
                    "maximum": 25296.0,
                    "average": 8701.0,
                    "geometric": 7216.0,
                    "harmonic": 6176.0,