{
    "system_info": {
        "compiler_info": "cc (Raspbian 12.2.0-14+rpi1) 12.2.0",
        "version_info": "3.3.0",
        "cpu_name": "BCM2836 / 4x Cortex A7(ARMv7) @ 900 MHz",
        "cpu_core_count": 4,
        "System": "Raspberry_Pi_2_Linux32"
    },
    "timestamp": "23:47 22/12/2023",
    "comment": "Raspberry Pi 2 / 32-bit Debian 12 / No cooling / BCM2836 / 4x Cortex A7(ARMv7) @ 900 MHz / Year 2015",
    "full_result": {
        "non_optimized": {
            "score": 76.18320298999265,
            "detailed": {
                "single_core": {
                    "valid": 1,
                    "score": 30.2,
                    "ratio": 0.0,
                    "maximum": 58.5,
                    "average": 32.8,
                    "geometric": 30.2,
                    "harmonic": 28.0,
                    "minimum": 16.3,
                    "kernels": [
                        45.3,
                        34.9,
                        31.9,
                        34.0,
                        29.3,
                        22.7,
                        58.5,
                        35.0,
                        45.1,
                        19.4,
                        19.3,
                        19.4,
                        16.3,
                        17.5,
                        38.1,
                        29.4,
                        56.2,
                        26.1,
                        30.1,
                        58.2,
                        16.6,
                        52.7,
                        28.2,
                        21.9
                    ]
                },
                "multi_core": {
                    "valid": 1,
                    "score": 121.0,
                    "ratio": 4.006622516556291,
                    "maximum": 233.0,
                    "average": 131.0,
                    "geometric": 121.0,
                    "harmonic": 112.0,
                    "minimum": 65.1,
                    "kernels": [
                        180.0,
                        139.0,
                        127.0,
                        136.0,
                        117.0,
                        91.3,
                        233.0,
                        140.0,
                        180.0,
                        77.4,
                        77.2,
                        77.6,
                        65.1,
                        69.4,
                        152.0,
                        117.0,
                        224.0,
                        104.0,
                        120.0,
                        232.0,
                        66.4,
                        210.0,
                        112.0,
                        87.3
                    ]
                },
                "quad_core": {
                    "valid": 1,
                    "score": 121.0,
                    "ratio": 4.006622516556291,
                    "maximum": 233.0,
                    "average": 131.0,
                    "geometric": 121.0,
                    "harmonic": 112.0,
                    "minimum": 65.1,
                    "kernels": [
                        180.0,
                        139.0,
                        127.0,
                        136.0,
                        117.0,
                        91.3,
                        233.0,
                        140.0,
                        180.0,
                        77.4,
                        77.2,
                        77.6,
                        65.1,
                        69.4,
                        152.0,
                        117.0,
                        224.0,
                        104.0,
                        120.0,
                        232.0,
                        66.4,
                        210.0,
                        112.0,
                        87.3
                    ]
                },
                "workstation": {
                    "valid": 1,
                    "score": 121.0,
                    "ratio": 4.006622516556291,
                    "maximum": 233.0,
                    "average": 131.0,
                    "geometric": 121.0,
                    "harmonic": 112.0,
                    "minimum": 65.2,
                    "kernels": [
                        181.0,
                        140.0,
                        127.0,
                        136.0,
                        117.0,
                        91.3,
                        233.0,
                        139.0,
                        181.0,
                        77.5,
                        77.3,
                        77.7,
                        65.2,
                        69.5,
                        152.0,
                        117.0,
                        224.0,
                        104.0,
                        120.0,
                        232.0,
                        66.4,
                        210.0,
                        112.0,
                        87.3
                    ]
                }
            }
        },
        "optimized": {
            "score": 340.5954272336753,
            "detailed": {
                "single_core": {
                    "valid": 1,
                    "score": 136.0,
                    "ratio": 0.0,
                    "maximum": 229.0,
                    "average": 144.0,
                    "geometric": 136.0,
                    "harmonic": 127.0,
                    "minimum": 59.4,
                    "kernels": [
                        163.0,
                        132.0,
                        216.0,
                        183.0,
                        134.0,
                        91.2,
                        229.0,
                        201.0,
                        207.0,
                        169.0,
                        144.0,
                        129.0,
                        59.4,
                        78.2,
                        127.0,
                        109.0,
                        195.0,
                        147.0,
                        154.0,
                        132.0,
                        124.0,
                        68.7,
                        167.0,
                        93.4
                    ]
                },
                "multi_core": {
                    "valid": 1,
                    "score": 539.0,
                    "ratio": 3.963235294117647,
                    "maximum": 911.0,
                    "average": 571.0,
                    "geometric": 539.0,
                    "harmonic": 504.0,
                    "minimum": 237.0,
                    "kernels": [
                        650.0,
                        526.0,
                        867.0,
                        729.0,
                        538.0,
                        359.0,
                        911.0,
                        792.0,
                        824.0,
                        640.0,
                        576.0,
                        516.0,
                        237.0,
                        303.0,
                        508.0,
                        435.0,
                        778.0,
                        583.0,
                        616.0,
                        525.0,
                        494.0,
                        274.0,
                        654.0,
                        373.0
                    ]
                },
                "quad_core": {
                    "valid": 1,
                    "score": 539.0,
                    "ratio": 3.963235294117647,
                    "maximum": 911.0,
                    "average": 571.0,
                    "geometric": 539.0,
                    "harmonic": 504.0,
                    "minimum": 237.0,