{
    "system_info": {
        "compiler_info": "cc (Debian 12.2.0-14) 12.2.0",
        "version_info": "3.3.0",
        "cpu_name": "AMD Ryzen 5 PRO 4650U with Radeon Graphics",
        "cpu_core_count": 12,
        "System": "AMD_Ryzen_5_4650U_Linux"
    },
    "timestamp": "23:04 10/01/2024",
    "comment": "Debian 12",
    "full_result": {
        "non_optimized": {
            "score": 2522.867137797533,
            "detailed": {
                "single_core": {
                    "valid": 1,
                    "score": 853.0,
                    "ratio": 0.0,
                    "maximum": 2491.0,
                    "average": 992.0,
                    "geometric": 853.0,
                    "harmonic": 746.0,
                    "minimum": 350.0,
                    "kernels": [
                        1743.0,
                        1291.0,
                        748.0,
                        791.0,
                        576.0,
                        661.0,
                        2491.0,
                        1412.0,
                        2044.0,
                        461.0,
                        350.0,
                        549.0,
                        408.0,
                        532.0,
                        1093.0,
                        758.0,
                        821.0,
                        881.0,
                        470.0,
                        1435.0,
                        656.0,
                        2086.0,
                        990.0,
                        569.0
                    ]
                },
                "multi_core": {
                    "valid": 1,
                    "score": 5527.0,
                    "ratio": 6.479484173505275,
                    "maximum": 13303.0,
                    "average": 6244.0,
                    "geometric": 5527.0,
                    "harmonic": 4957.0,
                    "minimum": 2737.0,
                    "kernels": [
                        9276.0,
                        6597.0,
                        5701.0,
                        5425.0,
                        4879.0,
                        3925.0,
                        13303.0,
                        7032.0,
                        9986.0,
                        2994.0,
                        3053.0,
                        3090.0,
                        2737.0,
                        3156.0,
                        6383.0,
                        4504.0,
                        8728.0,
                        4699.0,
                        4622.0,
                        13128.0,
                        3302.0,
                        12870.0,
                        6328.0,
                        4148.0
                    ]
                },
                "quad_core": {
                    "valid": 1,
                    "score": 3406.0,
                    "ratio": 3.992966002344666,
                    "maximum": 9806.0,
                    "average": 3955.0,
                    "geometric": 3406.0,
                    "harmonic": 2989.0,
                    "minimum": 1482.0,
                    "kernels": [
                        6960.0,
                        5139.0,
                        2980.0,
                        3157.0,
                        2376.0,
                        2644.0,
                        9806.0,
                        5679.0,
                        8160.0,
                        1843.0,
                        1482.0,
                        2187.0,
                        1632.0,
                        2052.0,
                        4371.0,
                        3024.0,
                        3263.0,
                        3521.0,
                        1884.0,
                        5697.0,
                        2616.0,
                        8275.0,
                        3969.0,
                        2212.0
                    ]
                },
                "workstation": {
                    "valid": 1,
                    "score": 5462.0,
                    "ratio": 6.403282532239156,
                    "maximum": 13250.0,
                    "average": 6154.0,
                    "geometric": 5462.0,
                    "harmonic": 4914.0,
                    "minimum": 2675.0,
                    "kernels": [
                        9140.0,
                        6564.0,
                        5704.0,
                        5396.0,
                        4878.0,
                        3898.0,
                        13250.0,
                        6732.0,
                        9359.0,
                        2884.0,
                        3093.0,
                        3147.0,
                        2675.0,
                        3173.0,
                        6273.0,
                        4458.0,
                        8818.0,
                        4561.0,
                        4574.0,
                        13041.0,
                        3467.0,
                        12565.0,
                        5976.0,
                        4079.0
                    ]
                }
            }
        },
        "optimized": {
            "score": 10547.676289853605,
            "detailed": {
                "single_core": {
                    "valid": 1,
                    "score": 3624.0,
                    "ratio": 0.0,
                    "maximum": 17116.0,
                    "average": 5073.0,
                    "geometric": 3624.0,
                    "harmonic": 2728.0,
                    "minimum": 976.0,
                    "kernels": [
                        16903.0,
                        4749.0,
                        4377.0,
                        4405.0,
                        1082.0,
                        2131.0,
                        17116.0,
                        7866.0,
                        8912.0,
                        2021.0,
                        1771.0,
                        5005.0,
                        1559.0,
                        2303.0,
                        4763.0,
                        3468.0,
                        2261.0,
                        9857.0,
                        976.0,
                        1485.0,
                        10899.0,
                        3061.0,
                        2948.0,
                        1828.0
                    ]
                },
                "multi_core": {
                    "valid": 1,
                    "score": 22895.0,
                    "ratio": 6.317604856512141,
                    "maximum": 80861.0,
                    "average": 27991.0,
                    "geometric": 22895.0,
                    "harmonic": 19236.0,
                    "minimum": 8202.0,
                    "kernels": [
                        74380.0,
                        23373.0,
                        31558.0,
                        26094.0,
                        10363.0,
                        13773.0,
                        80861.0,
                        36663.0,
                        42350.0,
                        12557.0,
                        13952.0,
                        28828.0,
                        8202.0,
                        13493.0,
                        29176.0,
                        19004.0,
                        20759.0,
                        48326.0,
                        10113.0,
                        15411.0,
                        54388.0,
                        18008.0,
                        27106.0,
                        13044.0
                    ]
                },
                "quad_core": {
                    "valid": 1,
                    "score": 14143.0,
                    "ratio": 3.9025938189845473,
                    "maximum": 65833.0,
                    "average": 19560.0,
                    "geometric": 14143.0,
                    "harmonic": 10747.0,