{
    "system_info": {
        "compiler_info": "Apple clang version 15.0.0 (clang-1500.3.9.4)",
        "version_info": "3.3.0",
        "cpu_name": "Apple A15 / T8110-64bit",
        "cpu_core_count": 6,
        "System": "Apple_A15_iPhone_13_Pro_2021"
    },
    "timestamp": "10:28 27/11/2024",
    "comment": "Apple A15 / iPhone 13 Pro / Year 2021",
    "full_result": {
        "non_optimized": {
            "score": 1760.1583718109732,
            "detailed": {
                "single_core": {
                    "valid": 1,
                    "score": 1018.0,
                    "ratio": 0.0,
                    "maximum": 3239.0,
                    "average": 1271.0,
                    "geometric": 1018.0,
                    "harmonic": 829.0,
                    "minimum": 315.0,
                    "kernels": [
                        1958.0,
                        1368.0,
                        609.0,
                        736.0,
                        485.0,
                        532.0,
                        2854.0,
                        1878.0,
                        2744.0,
                        642.0,
                        315.0,
                        692.0,
                        505.0,
                        737.0,
                        2339.0,
                        924.0,
                        914.0,
                        1730.0,
                        403.0,
                        2156.0,
                        977.0,
                        3239.0,
                        1171.0,
                        588.0
                    ]
                },
                "multi_core": {
                    "valid": 1,
                    "score": 2425.0,
                    "ratio": 2.382121807465619,
                    "maximum": 6110.0,
                    "average": 2774.0,
                    "geometric": 2425.0,
                    "harmonic": 2137.0,
                    "minimum": 1070.0,
                    "kernels": [
                        3688.0,
                        3002.0,
                        1962.0,
                        2058.0,
                        1605.0,
                        1555.0,
                        5219.0,
                        4216.0,
                        5243.0,
                        1443.0,
                        1070.0,
                        1446.0,
                        1076.0,
                        1574.0,
                        4124.0,
                        1969.0,
                        2811.0,
                        3602.0,
                        1520.0,
                        4513.0,
                        2125.0,
                        6110.0,
                        3076.0,
                        1563.0
                    ]
                },
                "quad_core": {
                    "valid": 1,
                    "score": 2209.0,
                    "ratio": 2.169941060903733,
                    "maximum": 6633.0,
                    "average": 2633.0,
                    "geometric": 2209.0,
                    "harmonic": 1878.0,
                    "minimum": 821.0,
                    "kernels": [
                        4004.0,
                        2972.0,
                        1565.0,
                        1681.0,
                        1236.0,
                        1287.0,
                        5004.0,
                        4061.0,
                        4956.0,
                        1326.0,
                        821.0,
                        1431.0,
                        988.0,
                        1482.0,
                        4534.0,
                        1856.0,
                        2183.0,
                        3405.0,
                        1150.0,
                        4512.0,
                        2178.0,
                        6633.0,
                        2635.0,
                        1292.0
                    ]
                },
                "workstation": {
                    "valid": 1,
                    "score": 2374.0,
                    "ratio": 2.332023575638507,
                    "maximum": 6304.0,
                    "average": 2723.0,
                    "geometric": 2374.0,
                    "harmonic": 2087.0,
                    "minimum": 1048.0,
                    "kernels": [
                        3701.0,
                        2995.0,
                        1975.0,
                        2040.0,
                        1588.0,
                        1514.0,
                        5038.0,
                        3979.0,
                        4933.0,
                        1435.0,
                        1048.0,
                        1393.0,
                        1071.0,
                        1507.0,
                        4029.0,
                        1876.0,
                        2774.0,
                        3637.0,
                        1513.0,
                        4547.0,
                        1991.0,
                        6304.0,
                        3046.0,
                        1425.0
                    ]
                }
            }
        },
        "optimized": {
            "score": 6430.476551651303,
            "detailed": {
                "single_core": {
                    "valid": 1,
                    "score": 3718.0,
                    "ratio": 0.0,
                    "maximum": 12844.0,
                    "average": 4623.0,
                    "geometric": 3718.0,
                    "harmonic": 2926.0,
                    "minimum": 703.0,
                    "kernels": [
                        6602.0,
                        4402.0,
                        2592.0,
                        3324.0,
                        1643.0,
                        1846.0,
                        12844.0,
                        9617.0,
                        10907.0,
                        4551.0,
                        1744.0,
                        4856.0,
                        1905.0,
                        2603.0,
                        7332.0,
                        3742.0,
                        2784.0,
                        8590.0,
                        703.0,
                        4336.0,
                        4310.0,
                        4370.0,
                        3434.0,
                        1924.0
                    ]
                },
                "multi_core": {
                    "valid": 1,
                    "score": 9333.0,
                    "ratio": 2.510220548682087,
                    "maximum": 28862.0,
                    "average": 11187.0,
                    "geometric": 9333.0,
                    "harmonic": 7793.0,
                    "minimum": 3249.0,
                    "kernels": [
                        15850.0,
                        9574.0,
                        6671.0,
                        8204.0,
                        4095.0,
                        4758.0,
                        28862.0,
                        23017.0,
                        20561.0,
                        9915.0,
                        4110.0,
                        13262.0,
                        3918.0,
                        5832.0,
                        19736.0,
                        9396.0,
                        8948.0,
                        20259.0,
                        3249.0,
                        12639.0,
                        11565.0,
                        9692.0,
                        9727.0,
                        4642.0
                    ]
                },
                "quad_core": {
                    "valid": 1,
                    "score": 7663.0,
                    "ratio": 2.0610543302850997,
                    "maximum": 24726.0,
                    "average": 9369.0,
                    "geometric": 7663.0,
                    "harmonic": 6208.0,