{
    "system_info": {
        "compiler_info": "cc (Debian 12.2.0-14) 12.2.0",
        "version_info": "3.3.0",
        "cpu_name": "AMD Ryzen 9 7900X 12-Core Processor",
        "cpu_core_count": 24,
        "System": "AMD_Ryzen_9_7900X_Linux"
    },
    "timestamp": "23:33 16/12/2023",
    "comment": "",
    "full_result": {
        "non_optimized": {
            "score": 5064.890880119123,
            "detailed": {
                "single_core": {
                    "valid": 1,
                    "score": 1312.0,
                    "ratio": 0.0,
                    "maximum": 4398.0,
                    "average": 1578.0,
                    "geometric": 1312.0,
                    "harmonic": 1116.0,
                    "minimum": 464.0,
                    "kernels": [
                        2993.0,
                        2044.0,
                        940.0,
                        1079.0,
                        777.0,
                        803.0,
                        4398.0,
                        2332.0,
                        3098.0,
                        725.0,
                        464.0,
                        865.0,
                        616.0,
                        908.0,
                        1934.0,
                        1303.0,
                        1109.0,
                        1627.0,
                        614.0,
                        1781.0,
                        1162.0,
                        3669.0,
                        1651.0,
                        968.0
                    ]
                },
                "multi_core": {
                    "valid": 1,
                    "score": 19297.0,
                    "ratio": 14.708079268292684,
                    "maximum": 49255.0,
                    "average": 21769.0,
                    "geometric": 19297.0,
                    "harmonic": 17311.0,
                    "minimum": 9356.0,
                    "kernels": [
                        35974.0,
                        24697.0,
                        18669.0,
                        18097.0,
                        15704.0,
                        15020.0,
                        49255.0,
                        25696.0,
                        34730.0,
                        10159.0,
                        9624.0,
                        10812.0,
                        9356.0,
                        13214.0,
                        25310.0,
                        16115.0,
                        26760.0,
                        18052.0,
                        12653.0,
                        38619.0,
                        13171.0,
                        45515.0,
                        20455.0,
                        14798.0
                    ]
                },
                "quad_core": {
                    "valid": 1,
                    "score": 5132.0,
                    "ratio": 3.9115853658536586,
                    "maximum": 17219.0,
                    "average": 6169.0,
                    "geometric": 5132.0,
                    "harmonic": 4369.0,
                    "minimum": 1827.0,
                    "kernels": [
                        11770.0,
                        7984.0,
                        3677.0,
                        4241.0,
                        3045.0,
                        3160.0,
                        17219.0,
                        9068.0,
                        12140.0,
                        2841.0,
                        1827.0,
                        3411.0,
                        2423.0,
                        3509.0,
                        7573.0,
                        5093.0,
                        4346.0,
                        6355.0,
                        2406.0,
                        6963.0,
                        4411.0,
                        14340.0,
                        6470.0,
                        3789.0
                    ]
                },
                "workstation": {
                    "valid": 1,
                    "score": 19159.0,
                    "ratio": 14.602896341463415,
                    "maximum": 49304.0,
                    "average": 21638.0,
                    "geometric": 19159.0,
                    "harmonic": 17171.0,
                    "minimum": 9217.0,
                    "kernels": [
                        35620.0,
                        24553.0,
                        18481.0,
                        17985.0,
                        15582.0,
                        14830.0,
                        49304.0,
                        25589.0,
                        34418.0,
                        10054.0,
                        9546.0,
                        10780.0,
                        9217.0,
                        12919.0,
                        25161.0,
                        15944.0,
                        26581.0,
                        17902.0,
                        12589.0,
                        38539.0,
                        13029.0,
                        45278.0,
                        20627.0,
                        14780.0
                    ]
                }
            }
        },
        "optimized": {
            "score": 22313.959658387572,
            "detailed": {
                "single_core": {
                    "valid": 1,
                    "score": 5774.0,
                    "ratio": 0.0,
                    "maximum": 26417.0,
                    "average": 7873.0,
                    "geometric": 5774.0,
                    "harmonic": 4461.0,
                    "minimum": 1798.0,
                    "kernels": [
                        24130.0,
                        6400.0,
                        5522.0,
                        6483.0,
                        2736.0,
                        3072.0,
                        26417.0,
                        13728.0,
                        13538.0,
                        6982.0,
                        2983.0,
                        7494.0,
                        2538.0,
                        2901.0,
                        6557.0,
                        5952.0,
                        4592.0,
                        15976.0,
                        1798.0,
                        2080.0,
                        16093.0,
                        4692.0,
                        4149.0,
                        2143.0
                    ]
                },
                "multi_core": {
                    "valid": 1,
                    "score": 82270.0,
                    "ratio": 14.248354693453411,
                    "maximum": 297424.0,
                    "average": 99438.0,
                    "geometric": 82270.0,
                    "harmonic": 69973.0,
                    "minimum": 30806.0,
                    "kernels": [
                        280542.0,
                        79592.0,
                        101185.0,
                        87856.0,
                        50216.0,
                        61534.0,
                        297424.0,
                        142969.0,
                        142045.0,
                        68678.0,
                        49514.0,
                        100633.0,
                        30806.0,
                        47038.0,
                        87037.0,
                        69416.0,
                        93671.0,
                        162781.0,
                        40933.0,
                        47201.0,
                        164737.0,
                        64974.0,
                        84479.0,
                        31261.0
                    ]
                },
                "quad_core": {
                    "valid": 1,
                    "score": 23389.0,
                    "ratio": 4.050744717700034,
                    "maximum": 108710.0,
                    "average": 31971.0,