{
    "system_info": {
        "compiler_info": "cc (Debian 12.2.0-14) 12.2.0",
        "version_info": "3.3.0",
        "cpu_name": "AMD Ryzen 9 3950X 16-Core Processor",
        "cpu_core_count": 32,
        "System": "AMD_Ryzen_9_3950X_Linux"
    },
    "timestamp": "15:17 16/12/2023",
    "comment": "",
    "full_result": {
        "non_optimized": {
            "score": 3839.6974761671163,
            "detailed": {
                "single_core": {
                    "valid": 1,
                    "score": 928.0,
                    "ratio": 0.0,
                    "maximum": 2704.0,
                    "average": 1080.0,
                    "geometric": 928.0,
                    "harmonic": 812.0,
                    "minimum": 388.0,
                    "kernels": [
                        1906.0,
                        1406.0,
                        818.0,
                        864.0,
                        631.0,
                        723.0,
                        2704.0,
                        1518.0,
                        2216.0,
                        502.0,
                        388.0,
                        596.0,
                        421.0,
                        579.0,
                        1202.0,
                        825.0,
                        900.0,
                        960.0,
                        516.0,
                        1568.0,
                        710.0,
                        2268.0,
                        1079.0,
                        626.0
                    ]
                },
                "multi_core": {
                    "valid": 1,
                    "score": 16722.0,
                    "ratio": 18.01939655172414,
                    "maximum": 40812.0,
                    "average": 18865.0,
                    "geometric": 16722.0,
                    "harmonic": 15023.0,
                    "minimum": 8311.0,
                    "kernels": [
                        28393.0,
                        20110.0,
                        17489.0,
                        16533.0,
                        14804.0,
                        12071.0,
                        40812.0,
                        21324.0,
                        30065.0,
                        9105.0,
                        9372.0,
                        9445.0,
                        8311.0,
                        9615.0,
                        19074.0,
                        13748.0,
                        26548.0,
                        14060.0,
                        13937.0,
                        39826.0,
                        9950.0,
                        37535.0,
                        18151.0,
                        12484.0
                    ]
                },
                "quad_core": {
                    "valid": 1,
                    "score": 3648.0,
                    "ratio": 3.9310344827586206,
                    "maximum": 10551.0,
                    "average": 4230.0,
                    "geometric": 3648.0,
                    "harmonic": 3207.0,
                    "minimum": 1607.0,
                    "kernels": [
                        7429.0,
                        5484.0,
                        3195.0,
                        3382.0,
                        2546.0,
                        2831.0,
                        10551.0,
                        6025.0,
                        8636.0,
                        1962.0,
                        1607.0,
                        2336.0,
                        1722.0,
                        2274.0,
                        4680.0,
                        3244.0,
                        3488.0,
                        3750.0,
                        2023.0,
                        6120.0,
                        2772.0,
                        8821.0,
                        4199.0,
                        2435.0
                    ]
                },
                "workstation": {
                    "valid": 1,
                    "score": 16073.0,
                    "ratio": 17.320043103448278,
                    "maximum": 40405.0,
                    "average": 18181.0,
                    "geometric": 16073.0,
                    "harmonic": 14418.0,
                    "minimum": 7935.0,
                    "kernels": [
                        27666.0,
                        19119.0,
                        16741.0,
                        16062.0,
                        14227.0,
                        11474.0,
                        40405.0,
                        20517.0,
                        29316.0,
                        8677.0,
                        8999.0,
                        9049.0,
                        7935.0,
                        9304.0,
                        18358.0,
                        13269.0,
                        25525.0,
                        13616.0,
                        13484.0,
                        38686.0,
                        9468.0,
                        35898.0,
                        16248.0,
                        12310.0
                    ]
                }
            }
        },
        "optimized": {
            "score": 14980.888624659689,
            "detailed": {
                "single_core": {
                    "valid": 1,
                    "score": 3589.0,
                    "ratio": 0.0,
                    "maximum": 17983.0,
                    "average": 5214.0,
                    "geometric": 3589.0,
                    "harmonic": 2546.0,
                    "minimum": 736.0,
                    "kernels": [
                        17357.0,
                        4933.0,
                        4542.0,
                        4458.0,
                        1159.0,
                        2248.0,
                        17983.0,
                        8253.0,
                        9360.0,
                        2147.0,
                        1874.0,
                        5195.0,
                        736.0,
                        1910.0,
                        5093.0,
                        3638.0,
                        2414.0,
                        10425.0,
                        1051.0,
                        1607.0,
                        11090.0,
                        3213.0,
                        3163.0,
                        1279.0
                    ]
                },
                "multi_core": {
                    "valid": 1,
                    "score": 66415.0,
                    "ratio": 18.50515463917526,
                    "maximum": 256894.0,
                    "average": 83787.0,
                    "geometric": 66415.0,
                    "harmonic": 53402.0,
                    "minimum": 19096.0,
                    "kernels": [
                        232599.0,
                        75378.0,
                        91299.0,
                        79254.0,
                        30418.0,
                        50729.0,
                        256894.0,
                        115415.0,
                        131216.0,
                        38549.0,
                        42212.0,
                        83767.0,
                        19096.0,
                        36086.0,
                        81137.0,
                        56582.0,
                        61715.0,
                        146002.0,
                        30134.0,
                        45169.0,
                        155727.0,
                        52108.0,
                        78170.0,
                        21236.0
                    ]
                },
                "quad_core": {
                    "valid": 1,
                    "score": 14105.0,
                    "ratio": 3.9300640847032597,
                    "maximum": 70578.0,
                    "average": 20513.0,
                    "geometric": 14105.0,