{
    "system_info": {
        "compiler_info": "gcc (Debian 12.2.0-14) 12.2.0 64-bit",
        "version_info": "3.3.0",
        "cpu_name": "AMD Phenom(tm) II X4 955 Processor",
        "cpu_core_count": 4,
        "System": "AMD_Phenom_II_X4_955_3"
    },
    "timestamp": "20:23 9/12/2023",
    "comment": "64-bit Linux Debian 12",
    "full_result": {
        "non_optimized": {
            "score": 906.3024296262423,
            "detailed": {
                "single_core": {
                    "valid": 1,
                    "score": 359.0,
                    "ratio": 0.0,
                    "maximum": 1101.0,
                    "average": 416.0,
                    "geometric": 359.0,
                    "harmonic": 312.0,
                    "minimum": 134.0,
                    "kernels": [
                        705.0,
                        568.0,
                        427.0,
                        344.0,
                        361.0,
                        291.0,
                        1101.0,
                        496.0,
                        666.0,
                        157.0,
                        204.0,
                        207.0,
                        134.0,
                        199.0,
                        385.0,
                        327.0,
                        615.0,
                        344.0,
                        300.0,
                        747.0,
                        193.0,
                        620.0,
                        392.0,
                        195.0
                    ]
                },
                "multi_core": {
                    "valid": 1,
                    "score": 1440.0,
                    "ratio": 4.011142061281337,
                    "maximum": 4466.0,
                    "average": 1667.0,
                    "geometric": 1440.0,
                    "harmonic": 1247.0,
                    "minimum": 534.0,
                    "kernels": [
                        2839.0,
                        2272.0,
                        1739.0,
                        1395.0,
                        1470.0,
                        1165.0,
                        4466.0,
                        1968.0,
                        2665.0,
                        629.0,
                        815.0,
                        835.0,
                        534.0,
                        787.0,
                        1540.0,
                        1295.0,
                        2473.0,
                        1377.0,
                        1171.0,
                        2972.0,
                        770.0,
                        2487.0,
                        1570.0,
                        782.0
                    ]
                },
                "quad_core": {
                    "valid": 1,
                    "score": 1440.0,
                    "ratio": 4.011142061281337,
                    "maximum": 4466.0,
                    "average": 1667.0,
                    "geometric": 1440.0,
                    "harmonic": 1247.0,
                    "minimum": 534.0,
                    "kernels": [
                        2839.0,
                        2273.0,
                        1739.0,
                        1395.0,
                        1471.0,
                        1165.0,
                        4466.0,
                        1968.0,
                        2665.0,
                        629.0,
                        815.0,
                        835.0,
                        534.0,
                        787.0,
                        1540.0,
                        1296.0,
                        2473.0,
                        1377.0,
                        1171.0,
                        2972.0,
                        770.0,
                        2487.0,
                        1570.0,
                        782.0
                    ]
                },
                "workstation": {
                    "valid": 1,
                    "score": 1440.0,
                    "ratio": 4.011142061281337,
                    "maximum": 4467.0,
                    "average": 1667.0,
                    "geometric": 1440.0,
                    "harmonic": 1247.0,
                    "minimum": 534.0,
                    "kernels": [
                        2839.0,
                        2272.0,
                        1739.0,
                        1395.0,
                        1470.0,
                        1165.0,
                        4467.0,
                        1968.0,
                        2665.0,
                        629.0,
                        815.0,
                        835.0,
                        534.0,
                        787.0,
                        1540.0,
                        1295.0,
                        2473.0,
                        1377.0,
                        1170.0,
                        2972.0,
                        770.0,
                        2487.0,
                        1570.0,
                        782.0
                    ]
                }
            }
        },
        "optimized": {
            "score": 3362.729164169814,
            "detailed": {
                "single_core": {
                    "valid": 1,
                    "score": 1335.0,
                    "ratio": 0.0,
                    "maximum": 5670.0,
                    "average": 1720.0,
                    "geometric": 1335.0,
                    "harmonic": 1072.0,
                    "minimum": 370.0,
                    "kernels": [
                        4413.0,
                        1580.0,
                        1469.0,
                        1368.0,
                        519.0,
                        1032.0,
                        5670.0,
                        3360.0,
                        3382.0,
                        1159.0,
                        745.0,
                        1512.0,
                        370.0,
                        684.0,
                        1258.0,
                        1220.0,
                        1317.0,
                        2511.0,
                        601.0,
                        801.0,
                        3358.0,
                        836.0,
                        1462.0,
                        643.0
                    ]
                },
                "multi_core": {
                    "valid": 1,
                    "score": 5337.0,
                    "ratio": 3.997752808988764,
                    "maximum": 22480.0,
                    "average": 6867.0,
                    "geometric": 5337.0,
                    "harmonic": 4288.0,
                    "minimum": 1481.0,
                    "kernels": [
                        17654.0,
                        6318.0,
                        5894.0,
                        5471.0,
                        2074.0,
                        4133.0,
                        22480.0,
                        13404.0,
                        13526.0,
                        4638.0,
                        2978.0,
                        6049.0,
                        1481.0,
                        2741.0,
                        5032.0,
                        4859.0,
                        5255.0,
                        10029.0,
                        2403.0,
                        3202.0,
                        13434.0,
                        3342.0,
                        5848.0,
                        2573.0
                    ]
                },
                "quad_core": {
                    "valid": 1,
                    "score": 5337.0,
                    "ratio": 3.997752808988764,
                    "maximum": 22602.0,
                    "average": 6870.0,
                    "geometric": 5337.0,
                    "harmonic": 4287.0,
                    "minimum": 1481.0,