{
    "system_info": {
        "compiler_info": "cc (Debian 12.2.0-14) 12.2.0",
        "version_info": "3.3.0",
        "cpu_name": "AMD Ryzen 9 5900X 12-Core Processor",
        "cpu_core_count": 24,
        "System": "AMD_Ryzen_9_5900X_Linux"
    },
    "timestamp": "11:55 16/12/2023",
    "comment": "",
    "full_result": {
        "non_optimized": {
            "score": 3853.0307391471297,
            "detailed": {
                "single_core": {
                    "valid": 1,
                    "score": 1013.0,
                    "ratio": 0.0,
                    "maximum": 3365.0,
                    "average": 1212.0,
                    "geometric": 1013.0,
                    "harmonic": 860.0,
                    "minimum": 341.0,
                    "kernels": [
                        2426.0,
                        1183.0,
                        806.0,
                        843.0,
                        658.0,
                        690.0,
                        3365.0,
                        1779.0,
                        2326.0,
                        540.0,
                        398.0,
                        797.0,
                        341.0,
                        573.0,
                        1457.0,
                        1017.0,
                        992.0,
                        1188.0,
                        522.0,
                        1539.0,
                        861.0,
                        2720.0,
                        1261.0,
                        794.0
                    ]
                },
                "multi_core": {
                    "valid": 1,
                    "score": 14576.0,
                    "ratio": 14.388943731490622,
                    "maximum": 38619.0,
                    "average": 16548.0,
                    "geometric": 14576.0,
                    "harmonic": 12995.0,
                    "minimum": 5987.0,
                    "kernels": [
                        27038.0,
                        16121.0,
                        15101.0,
                        13729.0,
                        13138.0,
                        10623.0,
                        38619.0,
                        20104.0,
                        27313.0,
                        7801.0,
                        8152.0,
                        9085.0,
                        5987.0,
                        8450.0,
                        17144.0,
                        11751.0,
                        21416.0,
                        13742.0,
                        10726.0,
                        29970.0,
                        9199.0,
                        34744.0,
                        16263.0,
                        10931.0
                    ]
                },
                "quad_core": {
                    "valid": 1,
                    "score": 3874.0,
                    "ratio": 3.824284304047384,
                    "maximum": 12889.0,
                    "average": 4632.0,
                    "geometric": 3874.0,
                    "harmonic": 3286.0,
                    "minimum": 1285.0,
                    "kernels": [
                        8982.0,
                        4557.0,
                        3083.0,
                        3247.0,
                        2517.0,
                        2636.0,
                        12889.0,
                        6802.0,
                        8909.0,
                        2054.0,
                        1520.0,
                        3075.0,
                        1285.0,
                        2160.0,
                        5563.0,
                        3856.0,
                        3800.0,
                        4551.0,
                        1993.0,
                        5861.0,
                        3293.0,
                        10462.0,
                        4939.0,
                        3123.0
                    ]
                },
                "workstation": {
                    "valid": 1,
                    "score": 14497.0,
                    "ratio": 14.31095755182626,
                    "maximum": 38350.0,
                    "average": 16450.0,
                    "geometric": 14497.0,
                    "harmonic": 12927.0,
                    "minimum": 5948.0,
                    "kernels": [
                        26686.0,
                        16108.0,
                        14967.0,
                        13649.0,
                        13029.0,
                        10521.0,
                        38350.0,
                        19950.0,
                        27082.0,
                        7747.0,
                        8089.0,
                        8964.0,
                        5948.0,
                        8418.0,
                        17044.0,
                        11673.0,
                        21287.0,
                        13644.0,
                        10673.0,
                        29899.0,
                        9126.0,
                        34534.0,
                        16108.0,
                        11304.0
                    ]
                }
            }
        },
        "optimized": {
            "score": 18221.189622328915,
            "detailed": {
                "single_core": {
                    "valid": 1,
                    "score": 4969.0,
                    "ratio": 0.0,
                    "maximum": 22902.0,
                    "average": 6828.0,
                    "geometric": 4969.0,
                    "harmonic": 3781.0,
                    "minimum": 1608.0,
                    "kernels": [
                        20567.0,
                        5719.0,
                        5295.0,
                        5322.0,
                        2233.0,
                        2658.0,
                        22902.0,
                        11925.0,
                        11489.0,
                        6216.0,
                        2621.0,
                        7678.0,
                        1737.0,
                        2251.0,
                        5750.0,
                        4757.0,
                        4052.0,
                        13406.0,
                        1608.0,
                        1930.0,
                        14244.0,
                        4179.0,
                        3633.0,
                        1707.0
                    ]
                },
                "multi_core": {
                    "valid": 1,
                    "score": 64468.0,
                    "ratio": 12.974039042060777,
                    "maximum": 246280.0,
                    "average": 78359.0,
                    "geometric": 64468.0,
                    "harmonic": 54288.0,
                    "minimum": 20831.0,
                    "kernels": [
                        185161.0,
                        61812.0,
                        79114.0,
                        67861.0,
                        38355.0,
                        45359.0,
                        246280.0,
                        115589.0,
                        116915.0,
                        50952.0,
                        37129.0,
                        74052.0,
                        24778.0,
                        37777.0,
                        74620.0,
                        49574.0,
                        74268.0,
                        143082.0,
                        35149.0,
                        40505.0,
                        142916.0,
                        49494.0,
                        69052.0,
                        20831.0
                    ]
                },
                "quad_core": {
                    "valid": 1,
                    "score": 18885.0,
                    "ratio": 3.8005634936606962,
                    "maximum": 85632.0,
                    "average": 25810.0,
                    "geometric": 18885.0,