{
    "system_info": {
        "compiler_info": "cc (Debian 12.2.0-14) 12.2.0",
        "version_info": "3.3.0",
        "cpu_name": "Intel(R) Core(TM)2 CPU          E6300  @ 1.86GHz",
        "cpu_core_count": 2,
        "System": "Intel_Core_2_Duo_E6300_1"
    },
    "timestamp": "03:53 22/06/2024",
    "comment": "Intel Core 2 Duo E6300 @ 1.86 GHz / Conroe / 2MB cache / 64-bit Linux Debian 12",
    "full_result": {
        "non_optimized": {
            "score": 364.0345210386731,
            "detailed": {
                "single_core": {
                    "valid": 1,
                    "score": 227.0,
                    "ratio": 0.0,
                    "maximum": 469.0,
                    "average": 246.0,
                    "geometric": 227.0,
                    "harmonic": 211.0,
                    "minimum": 123.0,
                    "kernels": [
                        382.0,
                        269.0,
                        228.0,
                        243.0,
                        198.0,
                        169.0,
                        469.0,
                        339.0,
                        457.0,
                        153.0,
                        149.0,
                        123.0,
                        125.0,
                        156.0,
                        206.0,
                        195.0,
                        372.0,
                        238.0,
                        203.0,
                        348.0,
                        161.0,
                        293.0,
                        289.0,
                        139.0
                    ]
                },
                "multi_core": {
                    "valid": 1,
                    "score": 461.0,
                    "ratio": 2.0308370044052864,
                    "maximum": 965.0,
                    "average": 502.0,
                    "geometric": 461.0,
                    "harmonic": 426.0,
                    "minimum": 231.0,
                    "kernels": [
                        871.0,
                        515.0,
                        468.0,
                        494.0,
                        475.0,
                        337.0,
                        933.0,
                        686.0,
                        965.0,
                        315.0,
                        291.0,
                        301.0,
                        231.0,
                        273.0,
                        409.0,
                        390.0,
                        762.0,
                        476.0,
                        408.0,
                        690.0,
                        322.0,
                        582.0,
                        571.0,
                        280.0
                    ]
                },
                "quad_core": {
                    "valid": 1,
                    "score": 461.0,
                    "ratio": 2.0308370044052864,
                    "maximum": 965.0,
                    "average": 502.0,
                    "geometric": 461.0,
                    "harmonic": 426.0,
                    "minimum": 231.0,
                    "kernels": [
                        871.0,
                        515.0,
                        468.0,
                        494.0,
                        475.0,
                        337.0,
                        933.0,
                        686.0,
                        965.0,
                        315.0,
                        291.0,
                        301.0,
                        231.0,
                        273.0,
                        409.0,
                        390.0,
                        762.0,
                        476.0,
                        408.0,
                        690.0,
                        322.0,
                        582.0,
                        571.0,
                        280.0
                    ]
                },
                "workstation": {
                    "valid": 1,
                    "score": 450.0,
                    "ratio": 1.9823788546255507,
                    "maximum": 930.0,
                    "average": 490.0,
                    "geometric": 450.0,
                    "harmonic": 415.0,
                    "minimum": 223.0,
                    "kernels": [
                        857.0,
                        505.0,
                        462.0,
                        485.0,
                        464.0,
                        328.0,
                        930.0,
                        663.0,
                        922.0,
                        300.0,
                        283.0,
                        290.0,
                        223.0,
                        270.0,
                        409.0,
                        379.0,
                        738.0,
                        464.0,
                        398.0,
                        689.0,
                        309.0,
                        581.0,
                        548.0,
                        270.0
                    ]
                }
            }
        },
        "optimized": {
            "score": 1178.2954225760661,
            "detailed": {
                "single_core": {
                    "valid": 1,
                    "score": 755.0,
                    "ratio": 0.0,
                    "maximum": 2517.0,
                    "average": 918.0,
                    "geometric": 755.0,
                    "harmonic": 645.0,
                    "minimum": 346.0,
                    "kernels": [
                        1668.0,
                        727.0,
                        1152.0,
                        874.0,
                        361.0,
                        708.0,
                        2322.0,
                        2244.0,
                        2517.0,
                        484.0,
                        639.0,
                        497.0,
                        371.0,
                        621.0,
                        346.0,
                        658.0,
                        802.0,
                        1199.0,
                        398.0,
                        353.0,
                        1158.0,
                        447.0,
                        959.0,
                        537.0
                    ]
                },
                "multi_core": {
                    "valid": 1,
                    "score": 1472.0,
                    "ratio": 1.9496688741721855,
                    "maximum": 4767.0,
                    "average": 1778.0,
                    "geometric": 1472.0,
                    "harmonic": 1262.0,
                    "minimum": 691.0,
                    "kernels": [
                        3228.0,
                        1420.0,
                        2229.0,
                        1694.0,
                        719.0,
                        1394.0,
                        4296.0,
                        4374.0,
                        4767.0,
                        947.0,
                        1243.0,
                        962.0,
                        726.0,
                        1166.0,
                        691.0,
                        1288.0,
                        1601.0,
                        2357.0,
                        795.0,
                        706.0,
                        2260.0,
                        868.0,
                        1917.0,
                        1017.0
                    ]
                },
                "quad_core": {
                    "valid": 1,
                    "score": 1472.0,
                    "ratio": 1.9496688741721855,
                    "maximum": 4767.0,
                    "average": 1778.0,
                    "geometric": 1472.0,
                    "harmonic": 1262.0,
                    "minimum": 691.0,