{
    "system_info": {
        "compiler_info": "cc (Debian 8.3.0-6) 8.3.0",
        "version_info": "3.3.0",
        "cpu_name": "No CPUID information",
        "cpu_core_count": 8,
        "System": "Samsung_Galaxy_S8_Exynos_Linux"
    },
    "timestamp": "6:13 6/1/2024",
    "comment": "Galaxy S8 / SM-G950FD / Exynos 8895 / UserLAnd / Debian 10",
    "full_result": {
        "non_optimized": {
            "score": 711.5581991730371,
            "detailed": {
                "single_core": {
                    "valid": 1,
                    "score": 273.0,
                    "ratio": 0.0,
                    "maximum": 720.0,
                    "average": 303.0,
                    "geometric": 273.0,
                    "harmonic": 247.0,
                    "minimum": 111.0,
                    "kernels": [
                        520.0,
                        379.0,
                        305.0,
                        293.0,
                        280.0,
                        213.0,
                        720.0,
                        364.0,
                        547.0,
                        156.0,
                        163.0,
                        166.0,
                        111.0,
                        156.0,
                        267.0,
                        264.0,
                        435.0,
                        291.0,
                        230.0,
                        425.0,
                        191.0,
                        273.0,
                        348.0,
                        172.0
                    ]
                },
                "multi_core": {
                    "valid": 1,
                    "score": 1280.0,
                    "ratio": 4.688644688644689,
                    "maximum": 3060.0,
                    "average": 1404.0,
                    "geometric": 1280.0,
                    "harmonic": 1167.0,
                    "minimum": 544.0,
                    "kernels": [
                        2271.0,
                        1652.0,
                        1349.0,
                        1331.0,
                        1237.0,
                        1008.0,
                        3060.0,
                        1626.0,
                        2339.0,
                        703.0,
                        751.0,
                        768.0,
                        544.0,
                        709.0,
                        1385.0,
                        1213.0,
                        1992.0,
                        1344.0,
                        1081.0,
                        2066.0,
                        859.0,
                        1568.0,
                        1848.0,
                        984.0
                    ]
                },
                "quad_core": {
                    "valid": 1,
                    "score": 1031.0,
                    "ratio": 3.7765567765567765,
                    "maximum": 2694.0,
                    "average": 1141.0,
                    "geometric": 1031.0,
                    "harmonic": 935.0,
                    "minimum": 431.0,
                    "kernels": [
                        1983.0,
                        1447.0,
                        1154.0,
                        1106.0,
                        1064.0,
                        829.0,
                        2694.0,
                        1367.0,
                        2060.0,
                        592.0,
                        615.0,
                        623.0,
                        431.0,
                        584.0,
                        1007.0,
                        992.0,
                        1581.0,
                        1092.0,
                        863.0,
                        1596.0,
                        715.0,
                        1031.0,
                        1314.0,
                        642.0
                    ]
                },
                "workstation": {
                    "valid": 1,
                    "score": 1069.0,
                    "ratio": 3.9157509157509156,
                    "maximum": 2628.0,
                    "average": 1167.0,
                    "geometric": 1069.0,
                    "harmonic": 980.0,
                    "minimum": 473.0,
                    "kernels": [
                        1793.0,
                        1316.0,
                        1094.0,
                        1114.0,
                        1062.0,
                        861.0,
                        2628.0,
                        1374.0,
                        1955.0,
                        600.0,
                        651.0,
                        675.0,
                        473.0,
                        608.0,
                        1200.0,
                        1014.0,
                        1703.0,
                        1136.0,
                        920.0,
                        1667.0,
                        691.0,
                        1286.0,
                        1433.0,
                        764.0
                    ]
                }
            }
        },
        "optimized": {
            "score": 2458.3943332494264,
            "detailed": {
                "single_core": {
                    "valid": 1,
                    "score": 997.0,
                    "ratio": 0.0,
                    "maximum": 4754.0,
                    "average": 1363.0,
                    "geometric": 997.0,
                    "harmonic": 764.0,
                    "minimum": 240.0,
                    "kernels": [
                        4380.0,
                        952.0,
                        1360.0,
                        1004.0,
                        596.0,
                        599.0,
                        4754.0,
                        3694.0,
                        1857.0,
                        895.0,
                        621.0,
                        882.0,
                        388.0,
                        717.0,
                        880.0,
                        937.0,
                        1155.0,
                        1589.0,
                        709.0,
                        314.0,
                        2512.0,
                        240.0,
                        1297.0,
                        389.0
                    ]
                },
                "multi_core": {
                    "valid": 1,
                    "score": 4253.0,
                    "ratio": 4.2657973921765295,
                    "maximum": 16803.0,
                    "average": 5330.0,
                    "geometric": 4253.0,
                    "harmonic": 3517.0,
                    "minimum": 1315.0,
                    "kernels": [
                        14373.0,
                        3875.0,
                        5070.0,
                        4828.0,
                        2666.0,
                        2478.0,
                        16803.0,
                        12590.0,
                        7136.0,
                        3654.0,
                        2494.0,
                        3684.0,
                        1676.0,
                        2706.0,
                        3870.0,
                        3880.0,
                        5121.0,
                        6987.0,
                        3550.0,
                        2121.0,
                        9247.0,
                        1315.0,
                        5650.0,
                        2137.0
                    ]
                },
                "quad_core": {
                    "valid": 1,
                    "score": 3504.0,
                    "ratio": 3.514543630892678,
                    "maximum": 16759.0,
                    "average": 4805.0,
                    "geometric": 3504.0,
                    "harmonic": 2679.0,
                    "minimum": 840.0,