{
    "system_info": {
        "compiler_info": "cc (Debian 12.2.0-14) 12.2.0",
        "version_info": "3.3.0",
        "cpu_name": "Intel(R) Core(TM)2 CPU          E6700  @ 2.66GHz",
        "cpu_core_count": 2,
        "System": "Intel_Core_2_Duo_E6700_2"
    },
    "timestamp": "21:54 04/11/2024",
    "comment": "Intel Core 2 Duo E6700 @ 2.66GHz / Conroe / 4MB cache / 64-bit Linux Debian 12",
    "full_result": {
        "non_optimized": {
            "score": 520.656622433658,
            "detailed": {
                "single_core": {
                    "valid": 1,
                    "score": 325.0,
                    "ratio": 0.0,
                    "maximum": 670.0,
                    "average": 352.0,
                    "geometric": 325.0,
                    "harmonic": 302.0,
                    "minimum": 176.0,
                    "kernels": [
                        547.0,
                        384.0,
                        327.0,
                        347.0,
                        286.0,
                        241.0,
                        670.0,
                        484.0,
                        661.0,
                        219.0,
                        214.0,
                        176.0,
                        179.0,
                        222.0,
                        294.0,
                        278.0,
                        533.0,
                        339.0,
                        290.0,
                        498.0,
                        230.0,
                        419.0,
                        414.0,
                        199.0
                    ]
                },
                "multi_core": {
                    "valid": 1,
                    "score": 659.0,
                    "ratio": 2.0276923076923077,
                    "maximum": 1381.0,
                    "average": 717.0,
                    "geometric": 659.0,
                    "harmonic": 609.0,
                    "minimum": 330.0,
                    "kernels": [
                        1245.0,
                        737.0,
                        670.0,
                        706.0,
                        679.0,
                        482.0,
                        1334.0,
                        980.0,
                        1381.0,
                        448.0,
                        416.0,
                        430.0,
                        330.0,
                        389.0,
                        584.0,
                        558.0,
                        1090.0,
                        681.0,
                        583.0,
                        985.0,
                        460.0,
                        832.0,
                        816.0,
                        400.0
                    ]
                },
                "quad_core": {
                    "valid": 1,
                    "score": 659.0,
                    "ratio": 2.0276923076923077,
                    "maximum": 1381.0,
                    "average": 717.0,
                    "geometric": 659.0,
                    "harmonic": 609.0,
                    "minimum": 330.0,
                    "kernels": [
                        1245.0,
                        737.0,
                        670.0,
                        706.0,
                        679.0,
                        482.0,
                        1334.0,
                        980.0,
                        1381.0,
                        448.0,
                        416.0,
                        430.0,
                        330.0,
                        389.0,
                        584.0,
                        558.0,
                        1090.0,
                        681.0,
                        583.0,
                        985.0,
                        460.0,
                        832.0,
                        816.0,
                        400.0
                    ]
                },
                "workstation": {
                    "valid": 1,
                    "score": 659.0,
                    "ratio": 2.0276923076923077,
                    "maximum": 1381.0,
                    "average": 717.0,
                    "geometric": 659.0,
                    "harmonic": 609.0,
                    "minimum": 330.0,
                    "kernels": [
                        1245.0,
                        738.0,
                        670.0,
                        706.0,
                        678.0,
                        482.0,
                        1334.0,
                        980.0,
                        1381.0,
                        448.0,
                        416.0,
                        430.0,
                        330.0,
                        389.0,
                        584.0,
                        557.0,
                        1090.0,
                        682.0,
                        583.0,
                        986.0,
                        460.0,
                        832.0,
                        816.0,
                        397.0
                    ]
                }
            }
        },
        "optimized": {
            "score": 1726.562562475349,
            "detailed": {
                "single_core": {
                    "valid": 1,
                    "score": 1089.0,
                    "ratio": 0.0,
                    "maximum": 3695.0,
                    "average": 1330.0,
                    "geometric": 1089.0,
                    "harmonic": 927.0,
                    "minimum": 494.0,
                    "kernels": [
                        2422.0,
                        1072.0,
                        1649.0,
                        1271.0,
                        514.0,
                        1040.0,
                        3348.0,
                        3337.0,
                        3695.0,
                        696.0,
                        927.0,
                        730.0,
                        530.0,
                        889.0,
                        494.0,
                        927.0,
                        1145.0,
                        1713.0,
                        568.0,
                        505.0,
                        1658.0,
                        639.0,
                        1370.0,
                        776.0
                    ]
                },
                "multi_core": {
                    "valid": 1,
                    "score": 2174.0,
                    "ratio": 1.9963269054178145,
                    "maximum": 7385.0,
                    "average": 2655.0,
                    "geometric": 2174.0,
                    "harmonic": 1850.0,
                    "minimum": 988.0,
                    "kernels": [
                        4840.0,
                        2140.0,
                        3293.0,
                        2539.0,
                        1028.0,
                        2078.0,
                        6677.0,
                        6658.0,
                        7385.0,
                        1392.0,
                        1851.0,
                        1458.0,
                        1060.0,
                        1712.0,
                        988.0,
                        1864.0,
                        2288.0,
                        3425.0,
                        1136.0,
                        1009.0,
                        3318.0,
                        1279.0,
                        2740.0,
                        1557.0
                    ]
                },
                "quad_core": {
                    "valid": 1,
                    "score": 2174.0,
                    "ratio": 1.9963269054178145,
                    "maximum": 7385.0,
                    "average": 2655.0,
                    "geometric": 2174.0,
                    "harmonic": 1850.0,
                    "minimum": 988.0,