{
    "system_info": {
        "compiler_info": "gcc (Debian 12.2.0-14) 12.2.0 64-bit",
        "version_info": "3.3.0",
        "cpu_name": "Intel(R) Core(TM) i5-4570 CPU @ 3.20GHz",
        "cpu_core_count": 4,
        "System": "Intel_Core_i5_4570_Linux"
    },
    "timestamp": "3:36 11/12/2023",
    "comment": "",
    "full_result": {
        "non_optimized": {
            "score": 1745.643542245237,
            "detailed": {
                "single_core": {
                    "valid": 1,
                    "score": 719.0,
                    "ratio": 0.0,
                    "maximum": 1712.0,
                    "average": 804.0,
                    "geometric": 719.0,
                    "harmonic": 646.0,
                    "minimum": 325.0,
                    "kernels": [
                        1432.0,
                        991.0,
                        787.0,
                        727.0,
                        528.0,
                        610.0,
                        1712.0,
                        1073.0,
                        1439.0,
                        432.0,
                        376.0,
                        409.0,
                        325.0,
                        489.0,
                        919.0,
                        623.0,
                        1017.0,
                        716.0,
                        472.0,
                        1241.0,
                        472.0,
                        1281.0,
                        812.0,
                        423.0
                    ]
                },
                "multi_core": {
                    "valid": 1,
                    "score": 2720.0,
                    "ratio": 3.7830319888734354,
                    "maximum": 6461.0,
                    "average": 3039.0,
                    "geometric": 2720.0,
                    "harmonic": 2444.0,
                    "minimum": 1217.0,
                    "kernels": [
                        5450.0,
                        3702.0,
                        3005.0,
                        2862.0,
                        1995.0,
                        2301.0,
                        6461.0,
                        4087.0,
                        5396.0,
                        1640.0,
                        1457.0,
                        1568.0,
                        1217.0,
                        1798.0,
                        3468.0,
                        2351.0,
                        3832.0,
                        2700.0,
                        1784.0,
                        4661.0,
                        1752.0,
                        4793.0,
                        3054.0,
                        1603.0
                    ]
                },
                "quad_core": {
                    "valid": 1,
                    "score": 2720.0,
                    "ratio": 3.7830319888734354,
                    "maximum": 6461.0,
                    "average": 3040.0,
                    "geometric": 2720.0,
                    "harmonic": 2444.0,
                    "minimum": 1217.0,
                    "kernels": [
                        5449.0,
                        3714.0,
                        3005.0,
                        2862.0,
                        1995.0,
                        2301.0,
                        6461.0,
                        4086.0,
                        5415.0,
                        1644.0,
                        1457.0,
                        1570.0,
                        1217.0,
                        1800.0,
                        3464.0,
                        2352.0,
                        3830.0,
                        2701.0,
                        1784.0,
                        4648.0,
                        1739.0,
                        4792.0,
                        3061.0,
                        1602.0
                    ]
                },
                "workstation": {
                    "valid": 1,
                    "score": 2721.0,
                    "ratio": 3.78442280945758,
                    "maximum": 6461.0,
                    "average": 3040.0,
                    "geometric": 2721.0,
                    "harmonic": 2445.0,
                    "minimum": 1217.0,
                    "kernels": [
                        5450.0,
                        3727.0,
                        3005.0,
                        2862.0,
                        1995.0,
                        2306.0,
                        6461.0,
                        4086.0,
                        5396.0,
                        1636.0,
                        1457.0,
                        1570.0,
                        1217.0,
                        1800.0,
                        3469.0,
                        2355.0,
                        3827.0,
                        2699.0,
                        1784.0,
                        4650.0,
                        1750.0,
                        4793.0,
                        3059.0,
                        1603.0
                    ]
                }
            }
        },
        "optimized": {
            "score": 6299.023697371943,
            "detailed": {
                "single_core": {
                    "valid": 1,
                    "score": 2596.0,
                    "ratio": 0.0,
                    "maximum": 12584.0,
                    "average": 3497.0,
                    "geometric": 2596.0,
                    "harmonic": 1976.0,
                    "minimum": 529.0,
                    "kernels": [
                        10076.0,
                        3317.0,
                        3380.0,
                        2852.0,
                        1171.0,
                        1884.0,
                        12584.0,
                        5246.0,
                        6626.0,
                        2832.0,
                        1446.0,
                        3349.0,
                        529.0,
                        1481.0,
                        2138.0,
                        2552.0,
                        2337.0,
                        5422.0,
                        986.0,
                        971.0,
                        7444.0,
                        1675.0,
                        2138.0,
                        1489.0
                    ]
                },
                "multi_core": {
                    "valid": 1,
                    "score": 9815.0,
                    "ratio": 3.7808166409861323,
                    "maximum": 47568.0,
                    "average": 13221.0,
                    "geometric": 9815.0,
                    "harmonic": 7467.0,
                    "minimum": 1997.0,
                    "kernels": [
                        38087.0,
                        12675.0,
                        12793.0,
                        10788.0,
                        4426.0,
                        7118.0,
                        47568.0,
                        19823.0,
                        25041.0,
                        10702.0,
                        5468.0,
                        12667.0,
                        1997.0,
                        5594.0,
                        8077.0,
                        9647.0,
                        8830.0,
                        20474.0,
                        3724.0,
                        3667.0,
                        28105.0,
                        6331.0,
                        8079.0,
                        5631.0
                    ]
                },
                "quad_core": {
                    "valid": 1,
                    "score": 9809.0,
                    "ratio": 3.7785053929121726,
                    "maximum": 47438.0,
                    "average": 13204.0,
                    "geometric": 9809.0,
                    "harmonic": 7465.0,
                    "minimum": 1997.0,