{
    "system_info": {
        "compiler_info": "Apple clang version 15.0.0 (clang-1500.3.9.4)",
        "version_info": "3.3.0",
        "cpu_name": "Apple A11 / T8015-64bit",
        "cpu_core_count": 6,
        "System": "Apple_A11_iPhone_8_2017"
    },
    "timestamp": "09:29 27/11/2024",
    "comment": "Apple A11 / iPhone 8 / Year 2017",
    "full_result": {
        "non_optimized": {
            "score": 779.3446665244599,
            "detailed": {
                "single_core": {
                    "valid": 1,
                    "score": 489.0,
                    "ratio": 0.0,
                    "maximum": 1411.0,
                    "average": 602.0,
                    "geometric": 489.0,
                    "harmonic": 399.0,
                    "minimum": 160.0,
                    "kernels": [
                        1048.0,
                        670.0,
                        297.0,
                        304.0,
                        244.0,
                        267.0,
                        1411.0,
                        1015.0,
                        1265.0,
                        263.0,
                        160.0,
                        270.0,
                        222.0,
                        353.0,
                        1036.0,
                        476.0,
                        498.0,
                        909.0,
                        212.0,
                        823.0,
                        486.0,
                        1162.0,
                        747.0,
                        314.0
                    ]
                },
                "multi_core": {
                    "valid": 1,
                    "score": 1230.0,
                    "ratio": 2.5153374233128836,
                    "maximum": 2774.0,
                    "average": 1396.0,
                    "geometric": 1230.0,
                    "harmonic": 1089.0,
                    "minimum": 552.0,
                    "kernels": [
                        1819.0,
                        1405.0,
                        1029.0,
                        1004.0,
                        825.0,
                        807.0,
                        2655.0,
                        1974.0,
                        2634.0,
                        708.0,
                        552.0,
                        628.0,
                        612.0,
                        787.0,
                        1892.0,
                        1008.0,
                        1593.0,
                        1891.0,
                        845.0,
                        2251.0,
                        1085.0,
                        2774.0,
                        1939.0,
                        782.0
                    ]
                },
                "quad_core": {
                    "valid": 1,
                    "score": 787.0,
                    "ratio": 1.6094069529652353,
                    "maximum": 2082.0,
                    "average": 891.0,
                    "geometric": 787.0,
                    "harmonic": 705.0,
                    "minimum": 398.0,
                    "kernels": [
                        1357.0,
                        1084.0,
                        729.0,
                        704.0,
                        585.0,
                        592.0,
                        2082.0,
                        1495.0,
                        1995.0,
                        539.0,
                        398.0,
                        466.0,
                        419.0,
                        522.0,
                        1150.0,
                        580.0,
                        930.0,
                        935.0,
                        499.0,
                        1134.0,
                        523.0,
                        1234.0,
                        1007.0,
                        419.0
                    ]
                },
                "workstation": {
                    "valid": 1,
                    "score": 1315.0,
                    "ratio": 2.689161554192229,
                    "maximum": 2965.0,
                    "average": 1490.0,
                    "geometric": 1315.0,
                    "harmonic": 1166.0,
                    "minimum": 579.0,
                    "kernels": [
                        1993.0,
                        1537.0,
                        1069.0,
                        1055.0,
                        866.0,
                        849.0,
                        2965.0,
                        2067.0,
                        2831.0,
                        763.0,
                        579.0,
                        709.0,
                        662.0,
                        867.0,
                        2167.0,
                        1136.0,
                        1688.0,
                        1989.0,
                        896.0,
                        2319.0,
                        1125.0,
                        2781.0,
                        2005.0,
                        839.0
                    ]
                }
            }
        },
        "optimized": {
            "score": 3796.9209250041426,
            "detailed": {
                "single_core": {
                    "valid": 1,
                    "score": 2354.0,
                    "ratio": 0.0,
                    "maximum": 7540.0,
                    "average": 2961.0,
                    "geometric": 2354.0,
                    "harmonic": 1827.0,
                    "minimum": 470.0,
                    "kernels": [
                        4324.0,
                        2716.0,
                        1579.0,
                        2389.0,
                        874.0,
                        1033.0,
                        7540.0,
                        6462.0,
                        6373.0,
                        3141.0,
                        1060.0,
                        3848.0,
                        1088.0,
                        1647.0,
                        5964.0,
                        2718.0,
                        1452.0,
                        5057.0,
                        470.0,
                        2396.0,
                        2854.0,
                        2488.0,
                        2175.0,
                        1427.0
                    ]
                },
                "multi_core": {
                    "valid": 1,
                    "score": 5399.0,
                    "ratio": 2.2935429056924383,
                    "maximum": 13526.0,
                    "average": 6158.0,
                    "geometric": 5399.0,
                    "harmonic": 4719.0,
                    "minimum": 2108.0,
                    "kernels": [
                        8111.0,
                        5708.0,
                        4571.0,
                        5317.0,
                        2551.0,
                        3572.0,
                        13526.0,
                        12631.0,
                        11583.0,
                        5495.0,
                        2656.0,
                        8297.0,
                        2355.0,
                        3151.0,
                        9014.0,
                        5652.0,
                        5417.0,
                        9245.0,
                        2108.0,
                        6026.0,
                        5922.0,
                        4823.0,
                        6769.0,
                        3301.0
                    ]
                },
                "quad_core": {
                    "valid": 1,
                    "score": 4307.0,
                    "ratio": 1.8296516567544605,
                    "maximum": 12003.0,
                    "average": 5048.0,
                    "geometric": 4307.0,
                    "harmonic": 3660.0,
                    "minimum": 1430.0,