{
    "system_info": {
        "compiler_info": "cc (Debian 12.2.0-14) 12.2.0",
        "version_info": "3.3.0",
        "cpu_name": "Intel(R) Core(TM) i7-4790 CPU @ 3.60GHz",
        "cpu_core_count": 8,
        "System": "Intel_Core_i7_4790_Linux"
    },
    "timestamp": "2:8 24/12/2023",
    "comment": "Debian 12",
    "full_result": {
        "non_optimized": {
            "score": 2045.2343344112178,
            "detailed": {
                "single_core": {
                    "valid": 1,
                    "score": 799.0,
                    "ratio": 0.0,
                    "maximum": 1915.0,
                    "average": 893.0,
                    "geometric": 799.0,
                    "harmonic": 719.0,
                    "minimum": 379.0,
                    "kernels": [
                        1590.0,
                        1093.0,
                        872.0,
                        808.0,
                        586.0,
                        677.0,
                        1915.0,
                        1195.0,
                        1596.0,
                        481.0,
                        418.0,
                        454.0,
                        379.0,
                        549.0,
                        1001.0,
                        692.0,
                        1120.0,
                        788.0,
                        522.0,
                        1380.0,
                        521.0,
                        1424.0,
                        904.0,
                        463.0
                    ]
                },
                "multi_core": {
                    "valid": 1,
                    "score": 3521.0,
                    "ratio": 4.406758448060075,
                    "maximum": 7502.0,
                    "average": 3880.0,
                    "geometric": 3521.0,
                    "harmonic": 3207.0,
                    "minimum": 1667.0,
                    "kernels": [
                        6030.0,
                        4386.0,
                        3792.0,
                        3589.0,
                        3302.0,
                        2699.0,
                        7502.0,
                        4586.0,
                        6075.0,
                        1935.0,
                        2104.0,
                        2088.0,
                        1667.0,
                        2302.0,
                        4081.0,
                        2933.0,
                        5971.0,
                        3010.0,
                        3118.0,
                        7085.0,
                        2040.0,
                        6526.0,
                        3800.0,
                        2501.0
                    ]
                },
                "quad_core": {
                    "valid": 1,
                    "score": 3041.0,
                    "ratio": 3.8060075093867334,
                    "maximum": 7287.0,
                    "average": 3400.0,
                    "geometric": 3041.0,
                    "harmonic": 2733.0,
                    "minimum": 1391.0,
                    "kernels": [
                        6072.0,
                        4160.0,
                        3358.0,
                        3200.0,
                        2229.0,
                        2575.0,
                        7287.0,
                        4544.0,
                        6072.0,
                        1837.0,
                        1603.0,
                        1733.0,
                        1391.0,
                        2030.0,
                        3795.0,
                        2619.0,
                        4276.0,
                        2998.0,
                        1988.0,
                        5214.0,
                        1979.0,
                        5389.0,
                        3472.0,
                        1772.0
                    ]
                },
                "workstation": {
                    "valid": 1,
                    "score": 3528.0,
                    "ratio": 4.415519399249061,
                    "maximum": 7467.0,
                    "average": 3882.0,
                    "geometric": 3528.0,
                    "harmonic": 3218.0,
                    "minimum": 1691.0,
                    "kernels": [
                        6011.0,
                        4371.0,
                        3816.0,
                        3592.0,
                        3338.0,
                        2708.0,
                        7467.0,
                        4578.0,
                        6074.0,
                        1927.0,
                        2167.0,
                        2117.0,
                        1691.0,
                        2309.0,
                        4059.0,
                        2979.0,
                        6088.0,
                        3023.0,
                        3155.0,
                        7065.0,
                        2040.0,
                        6402.0,
                        3732.0,
                        2449.0
                    ]
                }
            }
        },
        "optimized": {
            "score": 7886.664054517919,
            "detailed": {
                "single_core": {
                    "valid": 1,
                    "score": 2961.0,
                    "ratio": 0.0,
                    "maximum": 13972.0,
                    "average": 3904.0,
                    "geometric": 2961.0,
                    "harmonic": 2387.0,
                    "minimum": 1078.0,
                    "kernels": [
                        11180.0,
                        3750.0,
                        2533.0,
                        3283.0,
                        1288.0,
                        2079.0,
                        13972.0,
                        5822.0,
                        7282.0,
                        3148.0,
                        1583.0,
                        3522.0,
                        1364.0,
                        1690.0,
                        2375.0,
                        3238.0,
                        2611.0,
                        6133.0,
                        1092.0,
                        1078.0,
                        8791.0,
                        1856.0,
                        2382.0,
                        1638.0
                    ]
                },
                "multi_core": {
                    "valid": 1,
                    "score": 14755.0,
                    "ratio": 4.983113812901047,
                    "maximum": 51657.0,
                    "average": 17590.0,
                    "geometric": 14755.0,
                    "harmonic": 12753.0,
                    "minimum": 6054.0,
                    "kernels": [
                        43910.0,
                        16079.0,
                        19731.0,
                        16237.0,
                        8158.0,
                        11391.0,
                        51657.0,
                        23006.0,
                        27594.0,
                        11475.0,
                        9573.0,
                        15893.0,
                        6054.0,
                        7257.0,
                        12581.0,
                        13099.0,
                        17109.0,
                        27731.0,
                        8341.0,
                        7717.0,
                        33632.0,
                        8971.0,
                        16307.0,
                        8666.0
                    ]
                },
                "quad_core": {
                    "valid": 1,
                    "score": 11228.0,
                    "ratio": 3.7919621749408985,
                    "maximum": 52659.0,
                    "average": 14802.0,
                    "geometric": 11228.0,
                    "harmonic": 9046.0,