{
    "system_info": {
        "compiler_info": "cc (Debian 12.2.0-14) 12.2.0",
        "version_info": "3.3.0",
        "cpu_name": "Intel(R) Core(TM) i3-2120 CPU @ 3.30GHz",
        "cpu_core_count": 4,
        "System": "Intel_Core_i3_2120_Linux"
    },
    "timestamp": "00:03 16/07/2024",
    "comment": "Debian 12",
    "full_result": {
        "non_optimized": {
            "score": 979.0184448845521,
            "detailed": {
                "single_core": {
                    "valid": 1,
                    "score": 551.0,
                    "ratio": 0.0,
                    "maximum": 1397.0,
                    "average": 614.0,
                    "geometric": 551.0,
                    "harmonic": 496.0,
                    "minimum": 245.0,
                    "kernels": [
                        957.0,
                        838.0,
                        670.0,
                        638.0,
                        408.0,
                        478.0,
                        1397.0,
                        775.0,
                        1038.0,
                        294.0,
                        346.0,
                        260.0,
                        245.0,
                        407.0,
                        588.0,
                        505.0,
                        865.0,
                        518.0,
                        411.0,
                        950.0,
                        331.0,
                        852.0,
                        602.0,
                        355.0
                    ]
                },
                "multi_core": {
                    "valid": 1,
                    "score": 1305.0,
                    "ratio": 2.3684210526315788,
                    "maximum": 2975.0,
                    "average": 1433.0,
                    "geometric": 1305.0,
                    "harmonic": 1190.0,
                    "minimum": 598.0,
                    "kernels": [
                        2386.0,
                        1661.0,
                        1535.0,
                        1418.0,
                        1294.0,
                        1042.0,
                        2975.0,
                        1647.0,
                        2028.0,
                        661.0,
                        845.0,
                        839.0,
                        598.0,
                        848.0,
                        1505.0,
                        1135.0,
                        2317.0,
                        1088.0,
                        1195.0,
                        2465.0,
                        729.0,
                        1945.0,
                        1321.0,
                        906.0
                    ]
                },
                "quad_core": {
                    "valid": 1,
                    "score": 1305.0,
                    "ratio": 2.3684210526315788,
                    "maximum": 2975.0,
                    "average": 1433.0,
                    "geometric": 1305.0,
                    "harmonic": 1190.0,
                    "minimum": 598.0,
                    "kernels": [
                        2386.0,
                        1661.0,
                        1535.0,
                        1418.0,
                        1294.0,
                        1042.0,
                        2975.0,
                        1647.0,
                        2028.0,
                        661.0,
                        845.0,
                        839.0,
                        598.0,
                        848.0,
                        1505.0,
                        1135.0,
                        2317.0,
                        1088.0,
                        1195.0,
                        2465.0,
                        729.0,
                        1945.0,
                        1321.0,
                        906.0
                    ]
                },
                "workstation": {
                    "valid": 1,
                    "score": 1300.0,
                    "ratio": 2.3593466424682394,
                    "maximum": 2945.0,
                    "average": 1428.0,
                    "geometric": 1300.0,
                    "harmonic": 1185.0,
                    "minimum": 597.0,
                    "kernels": [
                        2371.0,
                        1655.0,
                        1545.0,
                        1433.0,
                        1291.0,
                        1062.0,
                        2945.0,
                        1653.0,
                        2033.0,
                        664.0,
                        859.0,
                        845.0,
                        597.0,
                        861.0,
                        1496.0,
                        1145.0,
                        2316.0,
                        1088.0,
                        1206.0,
                        2483.0,
                        729.0,
                        1932.0,
                        1226.0,
                        829.0
                    ]
                }
            }
        },
        "optimized": {
            "score": 3842.8448358283003,
            "detailed": {
                "single_core": {
                    "valid": 1,
                    "score": 2041.0,
                    "ratio": 0.0,
                    "maximum": 9831.0,
                    "average": 2718.0,
                    "geometric": 2041.0,
                    "harmonic": 1641.0,
                    "minimum": 793.0,
                    "kernels": [
                        7885.0,
                        2625.0,
                        2095.0,
                        2210.0,
                        864.0,
                        1665.0,
                        9831.0,
                        4670.0,
                        5853.0,
                        1774.0,
                        1270.0,
                        2320.0,
                        793.0,
                        1268.0,
                        1262.0,
                        1914.0,
                        1757.0,
                        3686.0,
                        828.0,
                        820.0,
                        5731.0,
                        1080.0,
                        1929.0,
                        1100.0
                    ]
                },
                "multi_core": {
                    "valid": 1,
                    "score": 5273.0,
                    "ratio": 2.5835374816266534,
                    "maximum": 19765.0,
                    "average": 6439.0,
                    "geometric": 5273.0,
                    "harmonic": 4458.0,
                    "minimum": 2110.0,
                    "kernels": [
                        16093.0,
                        5535.0,
                        7793.0,
                        6212.0,
                        3042.0,
                        4006.0,
                        19765.0,
                        9446.0,
                        10955.0,
                        3623.0,
                        3969.0,
                        6064.0,
                        2110.0,
                        2890.0,
                        2861.0,
                        4606.0,
                        6339.0,
                        9378.0,
                        3330.0,
                        2740.0,
                        12056.0,
                        2407.0,
                        6583.0,
                        2731.0
                    ]
                },
                "quad_core": {
                    "valid": 1,
                    "score": 5273.0,
                    "ratio": 2.5835374816266534,
                    "maximum": 19765.0,
                    "average": 6439.0,
                    "geometric": 5273.0,
                    "harmonic": 4458.0,
                    "minimum": 2110.0,