{
    "system_info": {
        "compiler_info": "Apple clang version 15.0.0 (clang-1500.3.9.4)",
        "version_info": "3.3.0",
        "cpu_name": "Apple A16 / T8120-64bit",
        "cpu_core_count": 6,
        "System": "Apple_A16_iPhone_14_Pro_2022"
    },
    "timestamp": "00:26 05/12/2024",
    "comment": "Apple A16 / iPhone 14 Pro / Year 2022",
    "full_result": {
        "non_optimized": {
            "score": 2029.4783201686848,
            "detailed": {
                "single_core": {
                    "valid": 1,
                    "score": 1127.0,
                    "ratio": 0.0,
                    "maximum": 3535.0,
                    "average": 1411.0,
                    "geometric": 1127.0,
                    "harmonic": 911.0,
                    "minimum": 337.0,
                    "kernels": [
                        2251.0,
                        1663.0,
                        669.0,
                        828.0,
                        526.0,
                        575.0,
                        3119.0,
                        2080.0,
                        3077.0,
                        691.0,
                        337.0,
                        780.0,
                        548.0,
                        819.0,
                        2629.0,
                        1048.0,
                        982.0,
                        1926.0,
                        433.0,
                        2300.0,
                        1123.0,
                        3535.0,
                        1273.0,
                        663.0
                    ]
                },
                "multi_core": {
                    "valid": 1,
                    "score": 2927.0,
                    "ratio": 2.5971606033717833,
                    "maximum": 7933.0,
                    "average": 3420.0,
                    "geometric": 2927.0,
                    "harmonic": 2530.0,
                    "minimum": 1211.0,
                    "kernels": [
                        4508.0,
                        3588.0,
                        2153.0,
                        2264.0,
                        1761.0,
                        1796.0,
                        6622.0,
                        5228.0,
                        6531.0,
                        1685.0,
                        1211.0,
                        1749.0,
                        1260.0,
                        1878.0,
                        5473.0,
                        2446.0,
                        3253.0,
                        4604.0,
                        1653.0,
                        5864.0,
                        2889.0,
                        7933.0,
                        3795.0,
                        1938.0
                    ]
                },
                "quad_core": {
                    "valid": 1,
                    "score": 2534.0,
                    "ratio": 2.248447204968944,
                    "maximum": 7541.0,
                    "average": 3050.0,
                    "geometric": 2534.0,
                    "harmonic": 2136.0,
                    "minimum": 908.0,
                    "kernels": [
                        4653.0,
                        3578.0,
                        1722.0,
                        1900.0,
                        1403.0,
                        1475.0,
                        6581.0,
                        4481.0,
                        5975.0,
                        1501.0,
                        908.0,
                        1557.0,
                        1141.0,
                        1766.0,
                        5097.0,
                        2096.0,
                        2473.0,
                        4192.0,
                        1227.0,
                        4917.0,
                        2371.0,
                        7541.0,
                        3078.0,
                        1572.0
                    ]
                },
                "workstation": {
                    "valid": 1,
                    "score": 2963.0,
                    "ratio": 2.629103815439219,
                    "maximum": 7813.0,
                    "average": 3452.0,
                    "geometric": 2963.0,
                    "harmonic": 2569.0,
                    "minimum": 1230.0,
                    "kernels": [
                        4635.0,
                        3653.0,
                        2213.0,
                        2318.0,
                        1801.0,
                        1821.0,
                        6575.0,
                        5041.0,
                        6478.0,
                        1711.0,
                        1230.0,
                        1797.0,
                        1318.0,
                        1938.0,
                        5677.0,
                        2460.0,
                        3356.0,
                        4833.0,
                        1734.0,
                        6127.0,
                        2646.0,
                        7813.0,
                        3823.0,
                        1859.0
                    ]
                }
            }
        },
        "optimized": {
            "score": 8156.882074447404,
            "detailed": {
                "single_core": {
                    "valid": 1,
                    "score": 4570.0,
                    "ratio": 0.0,
                    "maximum": 16849.0,
                    "average": 5843.0,
                    "geometric": 4570.0,
                    "harmonic": 3513.0,
                    "minimum": 831.0,
                    "kernels": [
                        8845.0,
                        5799.0,
                        2988.0,
                        4062.0,
                        1852.0,
                        2101.0,
                        16849.0,
                        12465.0,
                        14751.0,
                        5696.0,
                        2082.0,
                        5750.0,
                        2327.0,
                        3263.0,
                        9523.0,
                        4842.0,
                        3200.0,
                        11025.0,
                        831.0,
                        4665.0,
                        5424.0,
                        5558.0,
                        3998.0,
                        2328.0
                    ]
                },
                "multi_core": {
                    "valid": 1,
                    "score": 12314.0,
                    "ratio": 2.6945295404814003,
                    "maximum": 40196.0,
                    "average": 15243.0,
                    "geometric": 12314.0,
                    "harmonic": 9908.0,
                    "minimum": 3563.0,
                    "kernels": [
                        21983.0,
                        12563.0,
                        7722.0,
                        10538.0,
                        4821.0,
                        5673.0,
                        40196.0,
                        32582.0,
                        31878.0,
                        13474.0,
                        5131.0,
                        16487.0,
                        4825.0,
                        7830.0,
                        27398.0,
                        12946.0,
                        10735.0,
                        28338.0,
                        3563.0,
                        15425.0,
                        15551.0,
                        15850.0,
                        13625.0,
                        6708.0
                    ]
                },
                "quad_core": {
                    "valid": 1,
                    "score": 9644.0,
                    "ratio": 2.1102844638949674,
                    "maximum": 36108.0,
                    "average": 12077.0,
                    "geometric": 9644.0,