{
    "system_info": {
        "compiler_info": "gcc (Debian 4.9.2-10+deb8u2) 4.9.2",
        "version_info": "3.3.0",
        "cpu_name": "AMD Ryzen 3 PRO 2300U w/ Radeon Vega Mobile Gfx",
        "cpu_core_count": 4,
        "System": "AMD_Ryzen_3_2300U_Linux"
    },
    "timestamp": "14:32 18/11/2024",
    "comment": "Linux Debian 12 / TDP= 7 W",
    "full_result": {
        "non_optimized": {
            "score": 1391.562509600273,
            "detailed": {
                "single_core": {
                    "valid": 1,
                    "score": 599.0,
                    "ratio": 0.0,
                    "maximum": 2065.0,
                    "average": 724.0,
                    "geometric": 599.0,
                    "harmonic": 504.0,
                    "minimum": 224.0,
                    "kernels": [
                        1409.0,
                        933.0,
                        464.0,
                        521.0,
                        363.0,
                        416.0,
                        2065.0,
                        1134.0,
                        1598.0,
                        308.0,
                        224.0,
                        357.0,
                        224.0,
                        384.0,
                        942.0,
                        615.0,
                        558.0,
                        721.0,
                        299.0,
                        856.0,
                        491.0,
                        1322.0,
                        765.0,
                        397.0
                    ]
                },
                "multi_core": {
                    "valid": 1,
                    "score": 2121.0,
                    "ratio": 3.5409015025041737,
                    "maximum": 7026.0,
                    "average": 2534.0,
                    "geometric": 2121.0,
                    "harmonic": 1805.0,
                    "minimum": 797.0,
                    "kernels": [
                        4897.0,
                        3199.0,
                        1665.0,
                        1842.0,
                        1359.0,
                        1486.0,
                        7026.0,
                        3878.0,
                        5384.0,
                        1103.0,
                        858.0,
                        1274.0,
                        797.0,
                        1323.0,
                        3349.0,
                        2171.0,
                        2008.0,
                        2595.0,
                        1085.0,
                        3082.0,
                        1766.0,
                        4641.0,
                        2656.0,
                        1374.0
                    ]
                },
                "quad_core": {
                    "valid": 1,
                    "score": 2121.0,
                    "ratio": 3.5409015025041737,
                    "maximum": 7026.0,
                    "average": 2534.0,
                    "geometric": 2121.0,
                    "harmonic": 1805.0,
                    "minimum": 797.0,
                    "kernels": [
                        4897.0,
                        3199.0,
                        1665.0,
                        1842.0,
                        1359.0,
                        1486.0,
                        7026.0,
                        3878.0,
                        5384.0,
                        1103.0,
                        858.0,
                        1274.0,
                        797.0,
                        1323.0,
                        3349.0,
                        2171.0,
                        2008.0,
                        2595.0,
                        1085.0,
                        3082.0,
                        1766.0,
                        4641.0,
                        2656.0,
                        1374.0
                    ]
                },
                "workstation": {
                    "valid": 1,
                    "score": 1638.0,
                    "ratio": 2.7345575959933224,
                    "maximum": 5545.0,
                    "average": 1949.0,
                    "geometric": 1638.0,
                    "harmonic": 1406.0,
                    "minimum": 627.0,
                    "kernels": [
                        3803.0,
                        2525.0,
                        1339.0,
                        1475.0,
                        1103.0,
                        1193.0,
                        5545.0,
                        3024.0,
                        4218.0,
                        897.0,
                        695.0,
                        1019.0,
                        627.0,
                        1015.0,
                        2516.0,
                        1627.0,
                        1534.0,
                        1881.0,
                        839.0,
                        2414.0,
                        1215.0,
                        3280.0,
                        1917.0,
                        1073.0
                    ]
                }
            }
        },
        "optimized": {
            "score": 4935.235133061506,
            "detailed": {
                "single_core": {
                    "valid": 1,
                    "score": 2689.0,
                    "ratio": 0.0,
                    "maximum": 11145.0,
                    "average": 3484.0,
                    "geometric": 2689.0,
                    "harmonic": 2186.0,
                    "minimum": 965.0,
                    "kernels": [
                        10590.0,
                        2880.0,
                        2596.0,
                        2244.0,
                        1191.0,
                        1653.0,
                        11145.0,
                        7155.0,
                        6875.0,
                        2557.0,
                        1296.0,
                        3224.0,
                        1058.0,
                        1683.0,
                        4241.0,
                        2571.0,
                        2380.0,
                        6212.0,
                        965.0,
                        1259.0,
                        3887.0,
                        2270.0,
                        2237.0,
                        1443.0
                    ]
                },
                "multi_core": {
                    "valid": 1,
                    "score": 6686.0,
                    "ratio": 2.4864261807363333,
                    "maximum": 26467.0,
                    "average": 8463.0,
                    "geometric": 6686.0,
                    "harmonic": 5531.0,
                    "minimum": 2566.0,
                    "kernels": [
                        23339.0,
                        6654.0,
                        6600.0,
                        5586.0,
                        3025.0,
                        3989.0,
                        26467.0,
                        17133.0,
                        16834.0,
                        6404.0,
                        3314.0,
                        7688.0,
                        2640.0,
                        3959.0,
                        10789.0,
                        6478.0,
                        6170.0,
                        15344.0,
                        2566.0,
                        3650.0,
                        9426.0,
                        5275.0,
                        5855.0,
                        3927.0
                    ]
                },
                "quad_core": {
                    "valid": 1,
                    "score": 6686.0,
                    "ratio": 2.4864261807363333,
                    "maximum": 26467.0,
                    "average": 8463.0,
                    "geometric": 6686.0,
                    "harmonic": 5531.0,