{
    "system_info": {
        "compiler_info": "Apple clang version 15.0.0 (clang-1500.3.9.4)",
        "version_info": "3.3.0",
        "cpu_name": "Apple A10X / T8010-64bit",
        "cpu_core_count": 3,
        "System": "Apple_A10X_iPad_Pro_2017"
    },
    "timestamp": "22:22 23/05/2024",
    "comment": "Apple A10X / Apple iPad Pro 10.5\" / Year 2017",
    "full_result": {
        "non_optimized": {
            "score": 917.199923745743,
            "detailed": {
                "single_core": {
                    "valid": 1,
                    "score": 451.0,
                    "ratio": 0.0,
                    "maximum": 1157.0,
                    "average": 520.0,
                    "geometric": 451.0,
                    "harmonic": 393.0,
                    "minimum": 181.0,
                    "kernels": [
                        799.0,
                        593.0,
                        333.0,
                        335.0,
                        280.0,
                        299.0,
                        1157.0,
                        861.0,
                        1008.0,
                        257.0,
                        181.0,
                        277.0,
                        208.0,
                        294.0,
                        793.0,
                        365.0,
                        552.0,
                        766.0,
                        263.0,
                        788.0,
                        393.0,
                        704.0,
                        678.0,
                        296.0
                    ]
                },
                "multi_core": {
                    "valid": 1,
                    "score": 1308.0,
                    "ratio": 2.9002217294900223,
                    "maximum": 3350.0,
                    "average": 1512.0,
                    "geometric": 1308.0,
                    "harmonic": 1136.0,
                    "minimum": 520.0,
                    "kernels": [
                        2381.0,
                        1809.0,
                        988.0,
                        970.0,
                        807.0,
                        862.0,
                        3350.0,
                        2498.0,
                        2903.0,
                        736.0,
                        520.0,
                        801.0,
                        600.0,
                        846.0,
                        2281.0,
                        1051.0,
                        1595.0,
                        2200.0,
                        751.0,
                        2279.0,
                        1131.0,
                        2121.0,
                        1962.0,
                        849.0
                    ]
                },
                "quad_core": {
                    "valid": 1,
                    "score": 1308.0,
                    "ratio": 2.9002217294900223,
                    "maximum": 3350.0,
                    "average": 1512.0,
                    "geometric": 1308.0,
                    "harmonic": 1136.0,
                    "minimum": 520.0,
                    "kernels": [
                        2381.0,
                        1809.0,
                        988.0,
                        970.0,
                        807.0,
                        862.0,
                        3350.0,
                        2498.0,
                        2903.0,
                        736.0,
                        520.0,
                        801.0,
                        600.0,
                        846.0,
                        2281.0,
                        1051.0,
                        1595.0,
                        2200.0,
                        751.0,
                        2279.0,
                        1131.0,
                        2121.0,
                        1962.0,
                        849.0
                    ]
                },
                "workstation": {
                    "valid": 1,
                    "score": 1166.0,
                    "ratio": 2.5853658536585367,
                    "maximum": 3021.0,
                    "average": 1353.0,
                    "geometric": 1166.0,
                    "harmonic": 1011.0,
                    "minimum": 459.0,
                    "kernels": [
                        2180.0,
                        1603.0,
                        858.0,
                        844.0,
                        712.0,
                        773.0,
                        3021.0,
                        2241.0,
                        2597.0,
                        652.0,
                        459.0,
                        712.0,
                        534.0,
                        758.0,
                        2037.0,
                        941.0,
                        1421.0,
                        1974.0,
                        670.0,
                        2036.0,
                        1013.0,
                        1932.0,
                        1755.0,
                        755.0
                    ]
                }
            }
        },
        "optimized": {
            "score": 4038.49653259439,
            "detailed": {
                "single_core": {
                    "valid": 1,
                    "score": 2043.0,
                    "ratio": 0.0,
                    "maximum": 6531.0,
                    "average": 2515.0,
                    "geometric": 2043.0,
                    "harmonic": 1643.0,
                    "minimum": 509.0,
                    "kernels": [
                        4223.0,
                        2460.0,
                        1496.0,
                        2204.0,
                        739.0,
                        923.0,
                        6531.0,
                        6084.0,
                        5060.0,
                        2572.0,
                        1003.0,
                        2435.0,
                        961.0,
                        1246.0,
                        3663.0,
                        1953.0,
                        1556.0,
                        4299.0,
                        509.0,
                        2381.0,
                        2651.0,
                        2116.0,
                        2175.0,
                        1118.0
                    ]
                },
                "multi_core": {
                    "valid": 1,
                    "score": 5678.0,
                    "ratio": 2.779246206558982,
                    "maximum": 18775.0,
                    "average": 7052.0,
                    "geometric": 5678.0,
                    "harmonic": 4548.0,
                    "minimum": 1376.0,
                    "kernels": [
                        12350.0,
                        7294.0,
                        4213.0,
                        5833.0,
                        2212.0,
                        2671.0,
                        18775.0,
                        17587.0,
                        14238.0,
                        7230.0,
                        2705.0,
                        6738.0,
                        2655.0,
                        3697.0,
                        10977.0,
                        5661.0,
                        4149.0,
                        11557.0,
                        1376.0,
                        6313.0,
                        7023.0,
                        5603.0,
                        5611.0,
                        2780.0
                    ]
                },
                "quad_core": {
                    "valid": 1,
                    "score": 5678.0,
                    "ratio": 2.779246206558982,
                    "maximum": 18775.0,
                    "average": 7052.0,
                    "geometric": 5678.0,
                    "harmonic": 4548.0,
                    "minimum": 1376.0,