{
    "system_info": {
        "compiler_info": "cc (Debian 12.2.0-14) 12.2.0",
        "version_info": "3.3.0",
        "cpu_name": "AMD EPYC 7502P 32-Core Processor",
        "cpu_core_count": 64,
        "System": "AMD_EPYC_7502P_Linux"
    },
    "timestamp": "23:7 16/12/2023",
    "comment": "",
    "full_result": {
        "non_optimized": {
            "score": 3791.150122654067,
            "detailed": {
                "single_core": {
                    "valid": 1,
                    "score": 714.0,
                    "ratio": 0.0,
                    "maximum": 2089.0,
                    "average": 831.0,
                    "geometric": 714.0,
                    "harmonic": 624.0,
                    "minimum": 297.0,
                    "kernels": [
                        1467.0,
                        1086.0,
                        625.0,
                        660.0,
                        482.0,
                        555.0,
                        2089.0,
                        1188.0,
                        1718.0,
                        389.0,
                        297.0,
                        462.0,
                        323.0,
                        440.0,
                        925.0,
                        635.0,
                        688.0,
                        741.0,
                        393.0,
                        1161.0,
                        550.0,
                        1743.0,
                        854.0,
                        479.0
                    ]
                },
                "multi_core": {
                    "valid": 1,
                    "score": 26628.0,
                    "ratio": 37.294117647058826,
                    "maximum": 65376.0,
                    "average": 30044.0,
                    "geometric": 26628.0,
                    "harmonic": 23938.0,
                    "minimum": 13031.0,
                    "kernels": [
                        45287.0,
                        31689.0,
                        27928.0,
                        26345.0,
                        23327.0,
                        18982.0,
                        64608.0,
                        33019.0,
                        46150.0,
                        14245.0,
                        15230.0,
                        15392.0,
                        13031.0,
                        15432.0,
                        30388.0,
                        21926.0,
                        42704.0,
                        22370.0,
                        22277.0,
                        65376.0,
                        15908.0,
                        60417.0,
                        28324.0,
                        20710.0
                    ]
                },
                "quad_core": {
                    "valid": 1,
                    "score": 2866.0,
                    "ratio": 4.014005602240896,
                    "maximum": 8335.0,
                    "average": 3328.0,
                    "geometric": 2866.0,
                    "harmonic": 2516.0,
                    "minimum": 1258.0,
                    "kernels": [
                        5850.0,
                        4289.0,
                        2500.0,
                        2650.0,
                        1991.0,
                        2221.0,
                        8335.0,
                        4801.0,
                        6875.0,
                        1547.0,
                        1258.0,
                        1838.0,
                        1346.0,
                        1749.0,
                        3690.0,
                        2538.0,
                        2732.0,
                        2957.0,
                        1583.0,
                        4645.0,
                        2199.0,
                        6965.0,
                        3407.0,
                        1916.0
                    ]
                },
                "workstation": {
                    "valid": 1,
                    "score": 26372.0,
                    "ratio": 36.93557422969187,
                    "maximum": 65509.0,
                    "average": 29824.0,
                    "geometric": 26372.0,
                    "harmonic": 23672.0,
                    "minimum": 13034.0,
                    "kernels": [
                        45541.0,
                        31589.0,
                        27813.0,
                        26499.0,
                        23470.0,
                        18686.0,
                        65509.0,
                        33047.0,
                        47092.0,
                        14310.0,
                        15114.0,
                        15102.0,
                        13034.0,
                        15339.0,
                        30314.0,
                        21837.0,
                        42170.0,
                        22702.0,
                        22151.0,
                        64801.0,
                        15448.0,
                        58910.0,
                        26291.0,
                        19009.0
                    ]
                }
            }
        },
        "optimized": {
            "score": 16656.601017487686,
            "detailed": {
                "single_core": {
                    "valid": 1,
                    "score": 3164.0,
                    "ratio": 0.0,
                    "maximum": 14502.0,
                    "average": 4353.0,
                    "geometric": 3164.0,
                    "harmonic": 2409.0,
                    "minimum": 1015.0,
                    "kernels": [
                        14010.0,
                        3960.0,
                        3591.0,
                        3549.0,
                        1449.0,
                        1778.0,
                        14502.0,
                        7098.0,
                        7500.0,
                        3496.0,
                        1468.0,
                        4130.0,
                        1060.0,
                        1525.0,
                        4024.0,
                        2847.0,
                        2655.0,
                        8469.0,
                        1079.0,
                        1301.0,
                        8873.0,
                        2615.0,
                        2472.0,
                        1015.0
                    ]
                },
                "multi_core": {
                    "valid": 1,
                    "score": 115287.0,
                    "ratio": 36.43710493046776,
                    "maximum": 407805.0,
                    "average": 139901.0,
                    "geometric": 115287.0,
                    "harmonic": 96328.0,
                    "minimum": 37115.0,
                    "kernels": [
                        363867.0,
                        115413.0,
                        146367.0,
                        123676.0,
                        70710.0,
                        80445.0,
                        407805.0,
                        189449.0,
                        206026.0,
                        98731.0,
                        66943.0,
                        132194.0,
                        38139.0,
                        61254.0,
                        140190.0,
                        92098.0,
                        136743.0,
                        240642.0,
                        64104.0,
                        76876.0,
                        256268.0,
                        85431.0,
                        127146.0,
                        37115.0
                    ]
                },
                "quad_core": {
                    "valid": 1,
                    "score": 12669.0,
                    "ratio": 4.004108723135272,
                    "maximum": 58339.0,
                    "average": 17424.0,
                    "geometric": 12669.0,