{
    "system_info": {
        "compiler_info": "Apple clang version 15.0.0 (clang-1500.3.9.4)",
        "version_info": "3.3.0",
        "cpu_name": "Apple M4 (10-core) / T8132-64bit",
        "cpu_core_count": 10,
        "System": "Apple_M4_iPad_Pro_2024"
    },
    "timestamp": "20:20 26/11/2024",
    "comment": "Apple M4 (10-core) / iPad Pro M4 13\" / Year 2024",
    "full_result": {
        "non_optimized": {
            "score": 4090.807513474854,
            "detailed": {
                "single_core": {
                    "valid": 1,
                    "score": 1822.0,
                    "ratio": 0.0,
                    "maximum": 6390.0,
                    "average": 2130.0,
                    "geometric": 1822.0,
                    "harmonic": 1584.0,
                    "minimum": 718.0,
                    "kernels": [
                        2881.0,
                        2117.0,
                        1925.0,
                        1787.0,
                        1571.0,
                        1496.0,
                        3951.0,
                        2632.0,
                        3877.0,
                        1130.0,
                        914.0,
                        992.0,
                        875.0,
                        1154.0,
                        3506.0,
                        1484.0,
                        1639.0,
                        2457.0,
                        718.0,
                        3110.0,
                        1456.0,
                        6390.0,
                        2114.0,
                        947.0
                    ]
                },
                "multi_core": {
                    "valid": 1,
                    "score": 7150.0,
                    "ratio": 3.924259055982437,
                    "maximum": 23539.0,
                    "average": 8409.0,
                    "geometric": 7150.0,
                    "harmonic": 6179.0,
                    "minimum": 3004.0,
                    "kernels": [
                        11159.0,
                        7896.0,
                        6674.0,
                        6000.0,
                        5224.0,
                        5226.0,
                        16153.0,
                        11011.0,
                        15782.0,
                        3866.0,
                        3476.0,
                        3694.0,
                        3004.0,
                        4369.0,
                        13378.0,
                        5786.0,
                        7747.0,
                        10500.0,
                        3594.0,
                        13345.0,
                        6004.0,
                        23539.0,
                        10243.0,
                        4138.0
                    ]
                },
                "quad_core": {
                    "valid": 1,
                    "score": 5255.0,
                    "ratio": 2.8841931942919867,
                    "maximum": 15687.0,
                    "average": 6095.0,
                    "geometric": 5255.0,
                    "harmonic": 4565.0,
                    "minimum": 1902.0,
                    "kernels": [
                        8682.0,
                        6351.0,
                        5855.0,
                        5254.0,
                        4604.0,
                        4428.0,
                        11786.0,
                        7913.0,
                        11708.0,
                        3359.0,
                        2863.0,
                        2912.0,
                        2580.0,
                        3342.0,
                        10092.0,
                        4297.0,
                        4786.0,
                        7010.0,
                        1902.0,
                        8851.0,
                        3887.0,
                        15687.0,
                        5523.0,
                        2614.0
                    ]
                },
                "workstation": {
                    "valid": 1,
                    "score": 7203.0,
                    "ratio": 3.9533479692645446,
                    "maximum": 24077.0,
                    "average": 8480.0,
                    "geometric": 7203.0,
                    "harmonic": 6218.0,
                    "minimum": 2996.0,
                    "kernels": [
                        11064.0,
                        7918.0,
                        6689.0,
                        6138.0,
                        5227.0,
                        5226.0,
                        16001.0,
                        10917.0,
                        15666.0,
                        3889.0,
                        3458.0,
                        3663.0,
                        2996.0,
                        4417.0,
                        13549.0,
                        5916.0,
                        7866.0,
                        10691.0,
                        3651.0,
                        13816.0,
                        6045.0,
                        24077.0,
                        10422.0,
                        4205.0
                    ]
                }
            }
        },
        "optimized": {
            "score": 15098.12036717812,
            "detailed": {
                "single_core": {
                    "valid": 1,
                    "score": 6978.0,
                    "ratio": 0.0,
                    "maximum": 26726.0,
                    "average": 9059.0,
                    "geometric": 6978.0,
                    "harmonic": 5308.0,
                    "minimum": 1296.0,
                    "kernels": [
                        12206.0,
                        8476.0,
                        4514.0,
                        7409.0,
                        2835.0,
                        3178.0,
                        23556.0,
                        18351.0,
                        26726.0,
                        8716.0,
                        3065.0,
                        9140.0,
                        3723.0,
                        4611.0,
                        20310.0,
                        7321.0,
                        4361.0,
                        13216.0,
                        1296.0,
                        6440.0,
                        6865.0,
                        9843.0,
                        8346.0,
                        2920.0
                    ]
                },
                "multi_core": {
                    "valid": 1,
                    "score": 27554.0,
                    "ratio": 3.948695901404414,
                    "maximum": 87266.0,
                    "average": 33802.0,
                    "geometric": 27554.0,
                    "harmonic": 22421.0,
                    "minimum": 7712.0,
                    "kernels": [
                        43608.0,
                        27885.0,
                        17595.0,
                        28254.0,
                        11579.0,
                        12909.0,
                        87266.0,
                        61018.0,
                        77226.0,
                        31143.0,
                        12584.0,
                        36530.0,
                        12247.0,
                        16321.0,
                        70192.0,
                        28753.0,
                        21902.0,
                        59568.0,
                        7712.0,
                        34125.0,
                        28569.0,
                        34727.0,
                        35315.0,
                        14214.0
                    ]
                },
                "quad_core": {
                    "valid": 1,
                    "score": 17900.0,
                    "ratio": 2.5652049297793065,
                    "maximum": 60448.0,
                    "average": 22582.0,