{
    "system_info": {
        "compiler_info": "cc (Debian 12.2.0-14) 12.2.0",
        "version_info": "3.3.0",
        "cpu_name": "Intel(R) Xeon(R) CPU E5-1650 v2 @ 3.50GHz",
        "cpu_core_count": 12,
        "System": "Intel_Xeon_E5_1650v2_Linux"
    },
    "timestamp": "03:51 13/01/2024",
    "comment": "Debian 12",
    "full_result": {
        "non_optimized": {
            "score": 2054.5398028241893,
            "detailed": {
                "single_core": {
                    "valid": 1,
                    "score": 699.0,
                    "ratio": 0.0,
                    "maximum": 1607.0,
                    "average": 774.0,
                    "geometric": 699.0,
                    "harmonic": 633.0,
                    "minimum": 327.0,
                    "kernels": [
                        1328.0,
                        994.0,
                        772.0,
                        728.0,
                        557.0,
                        592.0,
                        1607.0,
                        1065.0,
                        1283.0,
                        411.0,
                        403.0,
                        455.0,
                        327.0,
                        486.0,
                        847.0,
                        598.0,
                        1036.0,
                        669.0,
                        498.0,
                        1276.0,
                        457.0,
                        1063.0,
                        769.0,
                        346.0
                    ]
                },
                "multi_core": {
                    "valid": 1,
                    "score": 4602.0,
                    "ratio": 6.583690987124464,
                    "maximum": 9727.0,
                    "average": 5050.0,
                    "geometric": 4602.0,
                    "harmonic": 4204.0,
                    "minimum": 2160.0,
                    "kernels": [
                        7928.0,
                        5765.0,
                        5144.0,
                        4786.0,
                        4409.0,
                        3541.0,
                        9727.0,
                        6035.0,
                        7434.0,
                        2429.0,
                        2888.0,
                        2878.0,
                        2160.0,
                        3026.0,
                        5432.0,
                        3820.0,
                        7833.0,
                        3951.0,
                        4032.0,
                        9440.0,
                        2728.0,
                        7647.0,
                        4988.0,
                        3167.0
                    ]
                },
                "quad_core": {
                    "valid": 1,
                    "score": 2696.0,
                    "ratio": 3.8569384835479257,
                    "maximum": 6401.0,
                    "average": 2990.0,
                    "geometric": 2696.0,
                    "harmonic": 2443.0,
                    "minimum": 1282.0,
                    "kernels": [
                        5164.0,
                        3803.0,
                        3115.0,
                        2743.0,
                        2129.0,
                        2248.0,
                        6401.0,
                        3987.0,
                        5159.0,
                        1520.0,
                        1621.0,
                        1617.0,
                        1282.0,
                        1828.0,
                        3350.0,
                        2271.0,
                        4075.0,
                        2586.0,
                        1846.0,
                        4758.0,
                        1712.0,
                        4058.0,
                        2973.0,
                        1520.0
                    ]
                },
                "workstation": {
                    "valid": 1,
                    "score": 4618.0,
                    "ratio": 6.606580829756796,
                    "maximum": 9662.0,
                    "average": 5061.0,
                    "geometric": 4618.0,
                    "harmonic": 4221.0,
                    "minimum": 2172.0,
                    "kernels": [
                        7880.0,
                        5828.0,
                        5160.0,
                        4821.0,
                        4369.0,
                        3605.0,
                        9662.0,
                        6039.0,
                        7502.0,
                        2415.0,
                        2943.0,
                        2892.0,
                        2172.0,
                        3081.0,
                        5382.0,
                        3872.0,
                        8016.0,
                        3941.0,
                        4096.0,
                        9330.0,
                        2661.0,
                        7583.0,
                        5008.0,
                        3214.0
                    ]
                }
            }
        },
        "optimized": {
            "score": 7737.46406604723,
            "detailed": {
                "single_core": {
                    "valid": 1,
                    "score": 2518.0,
                    "ratio": 0.0,
                    "maximum": 10886.0,
                    "average": 3283.0,
                    "geometric": 2518.0,
                    "harmonic": 2056.0,
                    "minimum": 1023.0,
                    "kernels": [
                        9551.0,
                        3128.0,
                        2386.0,
                        2628.0,
                        1172.0,
                        1939.0,
                        10886.0,
                        5371.0,
                        5954.0,
                        2531.0,
                        1278.0,
                        2715.0,
                        1202.0,
                        1512.0,
                        2217.0,
                        1985.0,
                        2428.0,
                        5465.0,
                        1034.0,
                        1023.0,
                        7557.0,
                        1384.0,
                        2184.0,
                        1268.0
                    ]
                },
                "multi_core": {
                    "valid": 1,
                    "score": 19060.0,
                    "ratio": 7.569499602859413,
                    "maximum": 68952.0,
                    "average": 23012.0,
                    "geometric": 19060.0,
                    "harmonic": 16301.0,
                    "minimum": 7443.0,
                    "kernels": [
                        57614.0,
                        19579.0,
                        27800.0,
                        21388.0,
                        11280.0,
                        14741.0,
                        68952.0,
                        31712.0,
                        36671.0,
                        14659.0,
                        12411.0,
                        20554.0,
                        7443.0,
                        9396.0,
                        14525.0,
                        15023.0,
                        22742.0,
                        36964.0,
                        11887.0,
                        10846.0,
                        44154.0,
                        9724.0,
                        22216.0,
                        10016.0
                    ]
                },
                "quad_core": {
                    "valid": 1,
                    "score": 9652.0,
                    "ratio": 3.8332009531374105,
                    "maximum": 42568.0,
                    "average": 12673.0,
                    "geometric": 9652.0,
                    "harmonic": 7839.0,