{
    "system_info": {
        "compiler_info": "cc (Debian 12.2.0-14) 12.2.0",
        "version_info": "3.3.0",
        "cpu_name": "Intel(R) Core(TM) i7-6700 CPU @ 3.40GHz",
        "cpu_core_count": 8,
        "System": "Intel_Core_i7_6700_Linux"
    },
    "timestamp": "16:27 17/12/2023",
    "comment": "",
    "full_result": {
        "non_optimized": {
            "score": 2062.7701617089037,
            "detailed": {
                "single_core": {
                    "valid": 1,
                    "score": 796.0,
                    "ratio": 0.0,
                    "maximum": 1876.0,
                    "average": 894.0,
                    "geometric": 796.0,
                    "harmonic": 714.0,
                    "minimum": 359.0,
                    "kernels": [
                        1547.0,
                        1078.0,
                        803.0,
                        764.0,
                        603.0,
                        662.0,
                        1876.0,
                        1119.0,
                        1573.0,
                        471.0,
                        419.0,
                        457.0,
                        359.0,
                        504.0,
                        1076.0,
                        663.0,
                        1132.0,
                        790.0,
                        515.0,
                        1508.0,
                        553.0,
                        1601.0,
                        876.0,
                        499.0
                    ]
                },
                "multi_core": {
                    "valid": 1,
                    "score": 3565.0,
                    "ratio": 4.478643216080402,
                    "maximum": 7987.0,
                    "average": 3959.0,
                    "geometric": 3565.0,
                    "harmonic": 3234.0,
                    "minimum": 1701.0,
                    "kernels": [
                        5788.0,
                        4454.0,
                        3755.0,
                        3511.0,
                        3339.0,
                        2666.0,
                        7239.0,
                        4627.0,
                        6276.0,
                        2020.0,
                        2035.0,
                        2091.0,
                        1701.0,
                        2255.0,
                        4408.0,
                        2971.0,
                        5669.0,
                        3233.0,
                        3076.0,
                        7766.0,
                        2138.0,
                        7987.0,
                        3614.0,
                        2399.0
                    ]
                },
                "quad_core": {
                    "valid": 1,
                    "score": 3093.0,
                    "ratio": 3.885678391959799,
                    "maximum": 6950.0,
                    "average": 3460.0,
                    "geometric": 3093.0,
                    "harmonic": 2780.0,
                    "minimum": 1389.0,
                    "kernels": [
                        5954.0,
                        4204.0,
                        3246.0,
                        3093.0,
                        2298.0,
                        2551.0,
                        6950.0,
                        4439.0,
                        6150.0,
                        1853.0,
                        1603.0,
                        1862.0,
                        1389.0,
                        1955.0,
                        4061.0,
                        2578.0,
                        4310.0,
                        3092.0,
                        1983.0,
                        5826.0,
                        2158.0,
                        6153.0,
                        3410.0,
                        1918.0
                    ]
                },
                "workstation": {
                    "valid": 1,
                    "score": 3646.0,
                    "ratio": 4.580402010050252,
                    "maximum": 8182.0,
                    "average": 4033.0,
                    "geometric": 3646.0,
                    "harmonic": 3318.0,
                    "minimum": 1746.0,
                    "kernels": [
                        5810.0,
                        4474.0,
                        3820.0,
                        3589.0,
                        3377.0,
                        2720.0,
                        7199.0,
                        4649.0,
                        6314.0,
                        2047.0,
                        2094.0,
                        2146.0,
                        1746.0,
                        2259.0,
                        4428.0,
                        2981.0,
                        5877.0,
                        3251.0,
                        3139.0,
                        7768.0,
                        2229.0,
                        8182.0,
                        3939.0,
                        2754.0
                    ]
                }
            }
        },
        "optimized": {
            "score": 8138.748887712231,
            "detailed": {
                "single_core": {
                    "valid": 1,
                    "score": 3037.0,
                    "ratio": 0.0,
                    "maximum": 13231.0,
                    "average": 4112.0,
                    "geometric": 3037.0,
                    "harmonic": 2329.0,
                    "minimum": 944.0,
                    "kernels": [
                        11565.0,
                        4020.0,
                        2924.0,
                        2840.0,
                        1270.0,
                        1724.0,
                        13231.0,
                        7120.0,
                        6791.0,
                        3482.0,
                        1427.0,
                        3459.0,
                        1383.0,
                        1609.0,
                        5948.0,
                        3321.0,
                        2199.0,
                        7482.0,
                        944.0,
                        1190.0,
                        9026.0,
                        2631.0,
                        2109.0,
                        1000.0
                    ]
                },
                "multi_core": {
                    "valid": 1,
                    "score": 15119.0,
                    "ratio": 4.978268027658874,
                    "maximum": 53483.0,
                    "average": 18402.0,
                    "geometric": 15119.0,
                    "harmonic": 12667.0,
                    "minimum": 4903.0,
                    "kernels": [
                        46232.0,
                        16963.0,
                        16529.0,
                        14009.0,
                        8329.0,
                        10893.0,
                        53483.0,
                        25337.0,
                        27999.0,
                        13258.0,
                        8729.0,
                        17667.0,
                        6156.0,
                        7830.0,
                        23695.0,
                        13893.0,
                        15626.0,
                        31751.0,
                        7437.0,
                        9015.0,
                        35451.0,
                        12007.0,
                        14448.0,
                        4903.0
                    ]
                },
                "quad_core": {
                    "valid": 1,
                    "score": 11741.0,
                    "ratio": 3.8659861705630556,
                    "maximum": 51650.0,
                    "average": 15906.0,
                    "geometric": 11741.0,
                    "harmonic": 9018.0,
                    "minimum": 3703.0,