{
    "system_info": {
        "compiler_info": "cc (Debian 12.2.0-14) 12.2.0",
        "version_info": "3.3.0",
        "cpu_name": "AMD Ryzen 7 7700 8-Core Processor",
        "cpu_core_count": 16,
        "System": "AMD_Ryzen_7_7700_Linux"
    },
    "timestamp": "0:18 17/12/2023",
    "comment": "",
    "full_result": {
        "non_optimized": {
            "score": 4345.253100993653,
            "detailed": {
                "single_core": {
                    "valid": 1,
                    "score": 1319.0,
                    "ratio": 0.0,
                    "maximum": 4426.0,
                    "average": 1585.0,
                    "geometric": 1319.0,
                    "harmonic": 1122.0,
                    "minimum": 468.0,
                    "kernels": [
                        2993.0,
                        2054.0,
                        943.0,
                        1086.0,
                        779.0,
                        808.0,
                        4426.0,
                        2343.0,
                        3112.0,
                        729.0,
                        468.0,
                        872.0,
                        619.0,
                        914.0,
                        1948.0,
                        1302.0,
                        1110.0,
                        1638.0,
                        617.0,
                        1786.0,
                        1168.0,
                        3696.0,
                        1663.0,
                        975.0
                    ]
                },
                "multi_core": {
                    "valid": 1,
                    "score": 12008.0,
                    "ratio": 9.103866565579985,
                    "maximum": 30566.0,
                    "average": 13528.0,
                    "geometric": 12008.0,
                    "harmonic": 10783.0,
                    "minimum": 5830.0,
                    "kernels": [
                        22416.0,
                        15363.0,
                        11728.0,
                        11314.0,
                        9842.0,
                        9391.0,
                        30566.0,
                        15911.0,
                        21474.0,
                        6289.0,
                        6073.0,
                        6797.0,
                        5830.0,
                        8112.0,
                        15686.0,
                        9936.0,
                        16803.0,
                        11333.0,
                        8010.0,
                        24175.0,
                        8099.0,
                        27763.0,
                        12630.0,
                        9135.0
                    ]
                },
                "quad_core": {
                    "valid": 1,
                    "score": 5180.0,
                    "ratio": 3.9272175890826384,
                    "maximum": 16751.0,
                    "average": 6197.0,
                    "geometric": 5180.0,
                    "harmonic": 4422.0,
                    "minimum": 1854.0,
                    "kernels": [
                        11887.0,
                        8045.0,
                        3741.0,
                        4296.0,
                        3095.0,
                        3203.0,
                        16751.0,
                        9212.0,
                        12272.0,
                        2881.0,
                        1854.0,
                        3455.0,
                        2460.0,
                        3523.0,
                        7697.0,
                        5100.0,
                        4414.0,
                        6438.0,
                        2446.0,
                        7013.0,
                        4454.0,
                        14117.0,
                        6516.0,
                        3852.0
                    ]
                },
                "workstation": {
                    "valid": 1,
                    "score": 11971.0,
                    "ratio": 9.075815011372251,
                    "maximum": 30326.0,
                    "average": 13478.0,
                    "geometric": 11971.0,
                    "harmonic": 10752.0,
                    "minimum": 5784.0,
                    "kernels": [
                        22301.0,
                        15360.0,
                        11667.0,
                        11286.0,
                        9837.0,
                        9259.0,
                        30326.0,
                        15917.0,
                        21422.0,
                        6283.0,
                        6053.0,
                        6798.0,
                        5784.0,
                        8019.0,
                        15690.0,
                        9879.0,
                        16686.0,
                        11305.0,
                        7977.0,
                        23839.0,
                        8096.0,
                        27691.0,
                        12735.0,
                        9271.0
                    ]
                }
            }
        },
        "optimized": {
            "score": 19374.499228524943,
            "detailed": {
                "single_core": {
                    "valid": 1,
                    "score": 6024.0,
                    "ratio": 0.0,
                    "maximum": 27293.0,
                    "average": 8228.0,
                    "geometric": 6024.0,
                    "harmonic": 4631.0,
                    "minimum": 1853.0,
                    "kernels": [
                        25582.0,
                        6610.0,
                        6459.0,
                        6694.0,
                        2823.0,
                        3173.0,
                        27293.0,
                        14194.0,
                        13966.0,
                        7222.0,
                        3051.0,
                        8615.0,
                        2612.0,
                        3019.0,
                        6760.0,
                        6142.0,
                        4738.0,
                        16525.0,
                        1853.0,
                        2131.0,
                        16674.0,
                        4868.0,
                        4271.0,
                        2209.0
                    ]
                },
                "multi_core": {
                    "valid": 1,
                    "score": 51080.0,
                    "ratio": 8.47941567065073,
                    "maximum": 181832.0,
                    "average": 61361.0,
                    "geometric": 51080.0,
                    "harmonic": 43668.0,
                    "minimum": 18984.0,
                    "kernels": [
                        168591.0,
                        48736.0,
                        63171.0,
                        53536.0,
                        31213.0,
                        37082.0,
                        181832.0,
                        85570.0,
                        86473.0,
                        41453.0,
                        30741.0,
                        60944.0,
                        18984.0,
                        28721.0,
                        57183.0,
                        43093.0,
                        58774.0,
                        101373.0,
                        26397.0,
                        30385.0,
                        103512.0,
                        40618.0,
                        53939.0,
                        20346.0
                    ]
                },
                "quad_core": {
                    "valid": 1,
                    "score": 23635.0,
                    "ratio": 3.923472775564409,
                    "maximum": 107850.0,
                    "average": 32186.0,
                    "geometric": 23635.0,