{
    "system_info": {
        "compiler_info": "Apple clang version 15.0.0 (clang-1500.3.9.4)",
        "version_info": "3.3.0",
        "cpu_name": "Apple A9X / S8000-64bit",
        "cpu_core_count": 2,
        "System": "Apple_A9X_iPad_Pro_2015"
    },
    "timestamp": "12:18 26/11/2024",
    "comment": "Apple A9X / 1st-gen iPad Pro 12.9\" / Year 2015",
    "full_result": {
        "non_optimized": {
            "score": 605.1368176329815,
            "detailed": {
                "single_core": {
                    "valid": 1,
                    "score": 395.0,
                    "ratio": 0.0,
                    "maximum": 1023.0,
                    "average": 454.0,
                    "geometric": 395.0,
                    "harmonic": 346.0,
                    "minimum": 170.0,
                    "kernels": [
                        713.0,
                        555.0,
                        314.0,
                        293.0,
                        257.0,
                        270.0,
                        1023.0,
                        714.0,
                        890.0,
                        207.0,
                        170.0,
                        251.0,
                        176.0,
                        259.0,
                        712.0,
                        329.0,
                        510.0,
                        644.0,
                        239.0,
                        532.0,
                        354.0,
                        624.0,
                        614.0,
                        241.0
                    ]
                },
                "multi_core": {
                    "valid": 1,
                    "score": 749.0,
                    "ratio": 1.8962025316455695,
                    "maximum": 1924.0,
                    "average": 859.0,
                    "geometric": 749.0,
                    "harmonic": 656.0,
                    "minimum": 319.0,
                    "kernels": [
                        1350.0,
                        1055.0,
                        591.0,
                        550.0,
                        486.0,
                        513.0,
                        1924.0,
                        1352.0,
                        1695.0,
                        395.0,
                        319.0,
                        478.0,
                        337.0,
                        490.0,
                        1347.0,
                        626.0,
                        962.0,
                        1221.0,
                        454.0,
                        1017.0,
                        672.0,
                        1178.0,
                        1156.0,
                        458.0
                    ]
                },
                "quad_core": {
                    "valid": 1,
                    "score": 749.0,
                    "ratio": 1.8962025316455695,
                    "maximum": 1924.0,
                    "average": 859.0,
                    "geometric": 749.0,
                    "harmonic": 656.0,
                    "minimum": 319.0,
                    "kernels": [
                        1350.0,
                        1055.0,
                        591.0,
                        550.0,
                        486.0,
                        513.0,
                        1924.0,
                        1352.0,
                        1695.0,
                        395.0,
                        319.0,
                        478.0,
                        337.0,
                        490.0,
                        1347.0,
                        626.0,
                        962.0,
                        1221.0,
                        454.0,
                        1017.0,
                        672.0,
                        1178.0,
                        1156.0,
                        458.0
                    ]
                },
                "workstation": {
                    "valid": 1,
                    "score": 717.0,
                    "ratio": 1.8151898734177214,
                    "maximum": 1902.0,
                    "average": 825.0,
                    "geometric": 717.0,
                    "harmonic": 625.0,
                    "minimum": 299.0,
                    "kernels": [
                        1286.0,
                        985.0,
                        551.0,
                        525.0,
                        475.0,
                        507.0,
                        1902.0,
                        1292.0,
                        1567.0,
                        352.0,
                        299.0,
                        462.0,
                        315.0,
                        472.0,
                        1304.0,
                        596.0,
                        921.0,
                        1170.0,
                        429.0,
                        983.0,
                        666.0,
                        1167.0,
                        1140.0,
                        443.0
                    ]
                }
            }
        },
        "optimized": {
            "score": 2559.6917853524737,
            "detailed": {
                "single_core": {
                    "valid": 1,
                    "score": 1687.0,
                    "ratio": 0.0,
                    "maximum": 6008.0,
                    "average": 2083.0,
                    "geometric": 1687.0,
                    "harmonic": 1383.0,
                    "minimum": 494.0,
                    "kernels": [
                        3257.0,
                        1152.0,
                        1338.0,
                        1852.0,
                        700.0,
                        755.0,
                        6008.0,
                        4830.0,
                        4709.0,
                        1658.0,
                        903.0,
                        2225.0,
                        865.0,
                        1101.0,
                        2769.0,
                        1807.0,
                        1476.0,
                        3713.0,
                        494.0,
                        2203.0,
                        1996.0,
                        1594.0,
                        1834.0,
                        765.0
                    ]
                },
                "multi_core": {
                    "valid": 1,
                    "score": 3153.0,
                    "ratio": 1.8689982216953172,
                    "maximum": 11317.0,
                    "average": 3887.0,
                    "geometric": 3153.0,
                    "harmonic": 2583.0,
                    "minimum": 875.0,
                    "kernels": [
                        5837.0,
                        2243.0,
                        2561.0,
                        3566.0,
                        1317.0,
                        1434.0,
                        11317.0,
                        9084.0,
                        8843.0,
                        3056.0,
                        1666.0,
                        4287.0,
                        1667.0,
                        2123.0,
                        5196.0,
                        3563.0,
                        2690.0,
                        6695.0,
                        875.0,
                        3916.0,
                        3626.0,
                        2887.0,
                        3406.0,
                        1440.0
                    ]
                },
                "quad_core": {
                    "valid": 1,
                    "score": 3153.0,
                    "ratio": 1.8689982216953172,
                    "maximum": 11317.0,
                    "average": 3887.0,
                    "geometric": 3153.0,
                    "harmonic": 2583.0,
                    "minimum": 875.0,