{
    "system_info": {
        "compiler_info": "cc (Debian 12.2.0-14) 12.2.0",
        "version_info": "3.3.0",
        "cpu_name": "AMD Ryzen 9 3900X 12-Core Processor",
        "cpu_core_count": 24,
        "System": "AMD_Ryzen_9_3900X_Linux"
    },
    "timestamp": "15:54 16/12/2023",
    "comment": "",
    "full_result": {
        "non_optimized": {
            "score": 3484.054605176526,
            "detailed": {
                "single_core": {
                    "valid": 1,
                    "score": 919.0,
                    "ratio": 0.0,
                    "maximum": 2679.0,
                    "average": 1069.0,
                    "geometric": 919.0,
                    "harmonic": 804.0,
                    "minimum": 384.0,
                    "kernels": [
                        1891.0,
                        1389.0,
                        810.0,
                        856.0,
                        625.0,
                        715.0,
                        2679.0,
                        1507.0,
                        2194.0,
                        497.0,
                        384.0,
                        593.0,
                        417.0,
                        578.0,
                        1185.0,
                        821.0,
                        890.0,
                        947.0,
                        510.0,
                        1557.0,
                        702.0,
                        2232.0,
                        1061.0,
                        622.0
                    ]
                },
                "multi_core": {
                    "valid": 1,
                    "score": 12905.0,
                    "ratio": 14.042437431991296,
                    "maximum": 31090.0,
                    "average": 14576.0,
                    "geometric": 12905.0,
                    "harmonic": 11587.0,
                    "minimum": 6328.0,
                    "kernels": [
                        21673.0,
                        15315.0,
                        13326.0,
                        12583.0,
                        11266.0,
                        9267.0,
                        31090.0,
                        16438.0,
                        23034.0,
                        6990.0,
                        7170.0,
                        7314.0,
                        6328.0,
                        7445.0,
                        14630.0,
                        10571.0,
                        20546.0,
                        10722.0,
                        10731.0,
                        30807.0,
                        7945.0,
                        30273.0,
                        14675.0,
                        9697.0
                    ]
                },
                "quad_core": {
                    "valid": 1,
                    "score": 3566.0,
                    "ratio": 3.880304678998912,
                    "maximum": 10200.0,
                    "average": 4130.0,
                    "geometric": 3566.0,
                    "harmonic": 3136.0,
                    "minimum": 1576.0,
                    "kernels": [
                        7279.0,
                        5359.0,
                        3130.0,
                        3309.0,
                        2496.0,
                        2768.0,
                        10200.0,
                        5872.0,
                        8432.0,
                        1918.0,
                        1576.0,
                        2282.0,
                        1683.0,
                        2204.0,
                        4577.0,
                        3167.0,
                        3419.0,
                        3668.0,
                        1987.0,
                        5989.0,
                        2710.0,
                        8590.0,
                        4107.0,
                        2395.0
                    ]
                },
                "workstation": {
                    "valid": 1,
                    "score": 12508.0,
                    "ratio": 13.61044613710555,
                    "maximum": 31396.0,
                    "average": 14151.0,
                    "geometric": 12508.0,
                    "harmonic": 11223.0,
                    "minimum": 6199.0,
                    "kernels": [
                        21573.0,
                        14964.0,
                        13012.0,
                        12491.0,
                        11070.0,
                        8927.0,
                        31396.0,
                        15970.0,
                        22910.0,
                        6806.0,
                        7120.0,
                        7050.0,
                        6199.0,
                        7245.0,
                        14360.0,
                        10358.0,
                        19862.0,
                        10654.0,
                        10494.0,
                        30030.0,
                        7387.0,
                        28124.0,
                        12473.0,
                        9158.0
                    ]
                }
            }
        },
        "optimized": {
            "score": 13904.65856325013,
            "detailed": {
                "single_core": {
                    "valid": 1,
                    "score": 3715.0,
                    "ratio": 0.0,
                    "maximum": 18616.0,
                    "average": 5395.0,
                    "geometric": 3715.0,
                    "harmonic": 2638.0,
                    "minimum": 761.0,
                    "kernels": [
                        17971.0,
                        5112.0,
                        4681.0,
                        4599.0,
                        1196.0,
                        2318.0,
                        18616.0,
                        8542.0,
                        9699.0,
                        2217.0,
                        1932.0,
                        5363.0,
                        761.0,
                        1975.0,
                        5267.0,
                        3769.0,
                        2489.0,
                        10786.0,
                        1089.0,
                        1668.0,
                        11476.0,
                        3325.0,
                        3261.0,
                        1357.0
                    ]
                },
                "multi_core": {
                    "valid": 1,
                    "score": 51911.0,
                    "ratio": 13.97335127860027,
                    "maximum": 202211.0,
                    "average": 65641.0,
                    "geometric": 51911.0,
                    "harmonic": 41608.0,
                    "minimum": 14791.0,
                    "kernels": [
                        183615.0,
                        59631.0,
                        70505.0,
                        62026.0,
                        23749.0,
                        39894.0,
                        202211.0,
                        90911.0,
                        103048.0,
                        30287.0,
                        32837.0,
                        66932.0,
                        14791.0,
                        28394.0,
                        65283.0,
                        44598.0,
                        48103.0,
                        112933.0,
                        22934.0,
                        34339.0,
                        120369.0,
                        40573.0,
                        60974.0,
                        16458.0
                    ]
                },
                "quad_core": {
                    "valid": 1,
                    "score": 13940.0,
                    "ratio": 3.7523553162853296,
                    "maximum": 69418.0,
                    "average": 20223.0,
                    "geometric": 13940.0,