{
    "system_info": {
        "compiler_info": "cc (Debian 10.2.1-6) 10.2.1 20210110",
        "version_info": "3.3.0",
        "cpu_name": "No CPUID information",
        "cpu_core_count": 8,
        "System": "Samsung_Galaxy_S6_Exynos_Linux"
    },
    "timestamp": "5:44 6/1/2024",
    "comment": "Galaxy S6 / SM-G920A / Exynos 7420 / UserLAnd / Debian 11",
    "full_result": {
        "non_optimized": {
            "score": 411.7427109779978,
            "detailed": {
                "single_core": {
                    "valid": 1,
                    "score": 178.0,
                    "ratio": 0.0,
                    "maximum": 384.0,
                    "average": 196.0,
                    "geometric": 178.0,
                    "harmonic": 161.0,
                    "minimum": 85.3,
                    "kernels": [
                        327.0,
                        239.0,
                        204.0,
                        218.0,
                        161.0,
                        137.0,
                        384.0,
                        240.0,
                        325.0,
                        110.0,
                        85.3,
                        99.7,
                        89.3,
                        105.0,
                        209.0,
                        162.0,
                        309.0,
                        196.0,
                        164.0,
                        242.0,
                        94.0,
                        287.0,
                        210.0,
                        114.0
                    ]
                },
                "multi_core": {
                    "valid": 1,
                    "score": 733.0,
                    "ratio": 4.117977528089888,
                    "maximum": 1439.0,
                    "average": 803.0,
                    "geometric": 733.0,
                    "harmonic": 665.0,
                    "minimum": 338.0,
                    "kernels": [
                        1165.0,
                        877.0,
                        770.0,
                        808.0,
                        657.0,
                        537.0,
                        1439.0,
                        890.0,
                        1116.0,
                        392.0,
                        388.0,
                        423.0,
                        338.0,
                        411.0,
                        933.0,
                        700.0,
                        1373.0,
                        866.0,
                        722.0,
                        1136.0,
                        444.0,
                        1390.0,
                        971.0,
                        521.0
                    ]
                },
                "quad_core": {
                    "valid": 1,
                    "score": 535.0,
                    "ratio": 3.00561797752809,
                    "maximum": 1160.0,
                    "average": 588.0,
                    "geometric": 535.0,
                    "harmonic": 486.0,
                    "minimum": 266.0,
                    "kernels": [
                        962.0,
                        712.0,
                        565.0,
                        625.0,
                        490.0,
                        395.0,
                        1160.0,
                        715.0,
                        951.0,
                        324.0,
                        266.0,
                        307.0,
                        274.0,
                        317.0,
                        644.0,
                        490.0,
                        932.0,
                        603.0,
                        489.0,
                        728.0,
                        287.0,
                        860.0,
                        655.0,
                        351.0
                    ]
                },
                "workstation": {
                    "valid": 1,
                    "score": 711.0,
                    "ratio": 3.99438202247191,
                    "maximum": 1436.0,
                    "average": 774.0,
                    "geometric": 711.0,
                    "harmonic": 652.0,
                    "minimum": 361.0,
                    "kernels": [
                        1144.0,
                        826.0,
                        711.0,
                        745.0,
                        617.0,
                        523.0,
                        1436.0,
                        883.0,
                        1139.0,
                        396.0,
                        398.0,
                        443.0,
                        361.0,
                        417.0,
                        890.0,
                        634.0,
                        1240.0,
                        790.0,
                        654.0,
                        1067.0,
                        433.0,
                        1373.0,
                        934.0,
                        525.0
                    ]
                }
            }
        },
        "optimized": {
            "score": 1429.3098989781956,
            "detailed": {
                "single_core": {
                    "valid": 1,
                    "score": 486.0,
                    "ratio": 0.0,
                    "maximum": 1720.0,
                    "average": 599.0,
                    "geometric": 486.0,
                    "harmonic": 406.0,
                    "minimum": 164.0,
                    "kernels": [
                        1089.0,
                        683.0,
                        577.0,
                        512.0,
                        236.0,
                        419.0,
                        1456.0,
                        1720.0,
                        1118.0,
                        555.0,
                        262.0,
                        601.0,
                        164.0,
                        332.0,
                        331.0,
                        417.0,
                        494.0,
                        594.0,
                        240.0,
                        314.0,
                        1313.0,
                        304.0,
                        446.0,
                        194.0
                    ]
                },
                "multi_core": {
                    "valid": 1,
                    "score": 3097.0,
                    "ratio": 6.372427983539095,
                    "maximum": 9037.0,
                    "average": 3642.0,
                    "geometric": 3097.0,
                    "harmonic": 2684.0,
                    "minimum": 1171.0,
                    "kernels": [
                        6544.0,
                        3793.0,
                        4263.0,
                        3543.0,
                        1736.0,
                        2206.0,
                        9037.0,
                        8877.0,
                        5554.0,
                        2942.0,
                        1652.0,
                        3175.0,
                        1171.0,
                        1880.0,
                        2351.0,
                        2707.0,
                        3406.0,
                        4254.0,
                        2033.0,
                        2233.0,
                        7436.0,
                        2034.0,
                        3225.0,
                        1367.0
                    ]
                },
                "quad_core": {
                    "valid": 1,
                    "score": 1940.0,
                    "ratio": 3.9917695473251027,
                    "maximum": 6607.0,
                    "average": 2373.0,
                    "geometric": 1940.0,
                    "harmonic": 1633.0,
                    "minimum": 716.0,