{
    "system_info": {
        "compiler_info": "Apple clang version 13.0.0 (clang-1300.0.29.30)",
        "version_info": "3.3.0",
        "cpu_name": "Apple A17 Pro / T8122-64bit",
        "cpu_core_count": 6,
        "System": "Apple_A17_iPhone_15_Pro_Max_2023"
    },
    "timestamp": "14:36 21/03/2024",
    "comment": "Apple A17 Pro / iPhone 15 Pro Max / Year 2023",
    "full_result": {
        "non_optimized": {
            "score": 2551.4186376147586,
            "detailed": {
                "single_core": {
                    "valid": 1,
                    "score": 1463.0,
                    "ratio": 0.0,
                    "maximum": 4143.0,
                    "average": 1677.0,
                    "geometric": 1463.0,
                    "harmonic": 1293.0,
                    "minimum": 688.0,
                    "kernels": [
                        2435.0,
                        1778.0,
                        1661.0,
                        1440.0,
                        1141.0,
                        1220.0,
                        3311.0,
                        2140.0,
                        3186.0,
                        981.0,
                        821.0,
                        824.0,
                        708.0,
                        857.0,
                        2704.0,
                        1158.0,
                        1374.0,
                        1950.0,
                        688.0,
                        2330.0,
                        1159.0,
                        4143.0,
                        1488.0,
                        740.0
                    ]
                },
                "multi_core": {
                    "valid": 1,
                    "score": 3732.0,
                    "ratio": 2.550922761449077,
                    "maximum": 11968.0,
                    "average": 4481.0,
                    "geometric": 3732.0,
                    "harmonic": 3152.0,
                    "minimum": 1508.0,
                    "kernels": [
                        6803.0,
                        5032.0,
                        3373.0,
                        3187.0,
                        2248.0,
                        2419.0,
                        9436.0,
                        6317.0,
                        9028.0,
                        2130.0,
                        1508.0,
                        2156.0,
                        1580.0,
                        2192.0,
                        7071.0,
                        2959.0,
                        3502.0,
                        5692.0,
                        1526.0,
                        6781.0,
                        3542.0,
                        11968.0,
                        4685.0,
                        2402.0
                    ]
                },
                "quad_core": {
                    "valid": 1,
                    "score": 3042.0,
                    "ratio": 2.079289131920711,
                    "maximum": 8472.0,
                    "average": 3508.0,
                    "geometric": 3042.0,
                    "harmonic": 2668.0,
                    "minimum": 1325.0,
                    "kernels": [
                        5078.0,
                        3606.0,
                        3146.0,
                        2889.0,
                        2168.0,
                        2416.0,
                        6977.0,
                        4674.0,
                        6653.0,
                        1798.0,
                        1607.0,
                        1652.0,
                        1325.0,
                        1715.0,
                        5790.0,
                        2429.0,
                        3080.0,
                        4610.0,
                        1492.0,
                        5085.0,
                        2566.0,
                        8472.0,
                        3062.0,
                        1903.0
                    ]
                },
                "workstation": {
                    "valid": 0,
                    "score": 0.0,
                    "ratio": 0.0,
                    "maximum": null,
                    "average": null,
                    "geometric": null,
                    "harmonic": null,
                    "minimum": null,
                    "kernels": [
                        0.0,
                        0.0,
                        0.0,
                        0.0,
                        0.0,
                        0.0,
                        0.0,
                        0.0,
                        0.0,
                        0.0,
                        0.0,
                        0.0,
                        0.0,
                        0.0,
                        0.0,
                        0.0,
                        0.0,
                        0.0,
                        0.0,
                        0.0,
                        0.0,
                        0.0,
                        0.0,
                        0.0
                    ]
                }
            }
        },
        "optimized": {
            "score": 7324.818652827285,
            "detailed": {
                "single_core": {
                    "valid": 1,
                    "score": 4574.0,
                    "ratio": 0.0,
                    "maximum": 13009.0,
                    "average": 5625.0,
                    "geometric": 4574.0,
                    "harmonic": 3673.0,
                    "minimum": 1001.0,
                    "kernels": [
                        9203.0,
                        5998.0,
                        2468.0,
                        6266.0,
                        2387.0,
                        2664.0,
                        13009.0,
                        12364.0,
                        12186.0,
                        5793.0,
                        2076.0,
                        5145.0,
                        2449.0,
                        3133.0,
                        9744.0,
                        4419.0,
                        3023.0,
                        10607.0,
                        1001.0,
                        4273.0,
                        5356.0,
                        5976.0,
                        3039.0,
                        2423.0
                    ]
                },
                "multi_core": {
                    "valid": 1,
                    "score": 9860.0,
                    "ratio": 2.155662439877569,
                    "maximum": 25901.0,
                    "average": 11826.0,
                    "geometric": 9860.0,
                    "harmonic": 8192.0,
                    "minimum": 3085.0,
                    "kernels": [
                        16758.0,
                        9414.0,
                        8159.0,
                        11259.0,
                        4412.0,
                        5808.0,
                        25901.0,
                        24875.0,
                        23183.0,
                        11406.0,
                        4251.0,
                        13231.0,
                        4170.0,
                        5625.0,
                        20950.0,
                        10398.0,
                        7915.0,
                        24598.0,
                        3085.0,
                        11920.0,
                        11757.0,
                        12078.0,
                        7593.0,
                        5076.0
                    ]
                },
                "quad_core": {
                    "valid": 1,
                    "score": 8714.0,
                    "ratio": 1.905115872321819,
                    "maximum": 24171.0,
                    "average": 10496.0,
                    "geometric": 8714.0,
                    "harmonic": 7194.0,
                    "minimum": 2368.0,