{
    "system_info": {
        "compiler_info": "cc (Debian 12.2.0-14) 12.2.0",
        "version_info": "3.3.0",
        "cpu_name": "AMD Ryzen 7 3700X 8-Core Processor",
        "cpu_core_count": 16,
        "System": "AMD_Ryzen_7_3700X_Linux"
    },
    "timestamp": "16:27 16/12/2023",
    "comment": "",
    "full_result": {
        "non_optimized": {
            "score": 3032.8103738252107,
            "detailed": {
                "single_core": {
                    "valid": 1,
                    "score": 906.0,
                    "ratio": 0.0,
                    "maximum": 2638.0,
                    "average": 1055.0,
                    "geometric": 906.0,
                    "harmonic": 792.0,
                    "minimum": 379.0,
                    "kernels": [
                        1868.0,
                        1374.0,
                        799.0,
                        842.0,
                        618.0,
                        706.0,
                        2638.0,
                        1484.0,
                        2155.0,
                        489.0,
                        379.0,
                        585.0,
                        411.0,
                        563.0,
                        1162.0,
                        800.0,
                        880.0,
                        931.0,
                        504.0,
                        1545.0,
                        695.0,
                        2222.0,
                        1052.0,
                        607.0
                    ]
                },
                "multi_core": {
                    "valid": 1,
                    "score": 8710.0,
                    "ratio": 9.613686534216335,
                    "maximum": 21175.0,
                    "average": 9829.0,
                    "geometric": 8710.0,
                    "harmonic": 7826.0,
                    "minimum": 4277.0,
                    "kernels": [
                        14669.0,
                        10388.0,
                        8963.0,
                        8509.0,
                        7618.0,
                        6263.0,
                        21175.0,
                        11148.0,
                        15558.0,
                        4724.0,
                        4949.0,
                        4987.0,
                        4277.0,
                        5032.0,
                        9953.0,
                        7250.0,
                        13952.0,
                        7310.0,
                        7294.0,
                        21009.0,
                        5186.0,
                        19689.0,
                        9451.0,
                        6531.0
                    ]
                },
                "quad_core": {
                    "valid": 1,
                    "score": 3535.0,
                    "ratio": 3.901766004415011,
                    "maximum": 10210.0,
                    "average": 4098.0,
                    "geometric": 3535.0,
                    "harmonic": 3107.0,
                    "minimum": 1561.0,
                    "kernels": [
                        7212.0,
                        5317.0,
                        3109.0,
                        3279.0,
                        2477.0,
                        2740.0,
                        10210.0,
                        5830.0,
                        8349.0,
                        1901.0,
                        1561.0,
                        2263.0,
                        1665.0,
                        2193.0,
                        4547.0,
                        3141.0,
                        3397.0,
                        3591.0,
                        1971.0,
                        5955.0,
                        2655.0,
                        8541.0,
                        4081.0,
                        2364.0
                    ]
                },
                "workstation": {
                    "valid": 1,
                    "score": 8634.0,
                    "ratio": 9.52980132450331,
                    "maximum": 21188.0,
                    "average": 9760.0,
                    "geometric": 8634.0,
                    "harmonic": 7748.0,
                    "minimum": 4280.0,
                    "kernels": [
                        14638.0,
                        10333.0,
                        8858.0,
                        8497.0,
                        7578.0,
                        6153.0,
                        21188.0,
                        11089.0,
                        15841.0,
                        4706.0,
                        4841.0,
                        4832.0,
                        4280.0,
                        4997.0,
                        9861.0,
                        7124.0,
                        13758.0,
                        7282.0,
                        7222.0,
                        20754.0,
                        5151.0,
                        19614.0,
                        9169.0,
                        6474.0
                    ]
                }
            }
        },
        "optimized": {
            "score": 12240.430907049005,
            "detailed": {
                "single_core": {
                    "valid": 1,
                    "score": 3706.0,
                    "ratio": 0.0,
                    "maximum": 18696.0,
                    "average": 5384.0,
                    "geometric": 3706.0,
                    "harmonic": 2641.0,
                    "minimum": 767.0,
                    "kernels": [
                        17954.0,
                        4746.0,
                        4695.0,
                        4578.0,
                        1209.0,
                        2334.0,
                        18696.0,
                        8562.0,
                        9733.0,
                        2231.0,
                        1949.0,
                        5375.0,
                        767.0,
                        1987.0,
                        5292.0,
                        3494.0,
                        2514.0,
                        10835.0,
                        1096.0,
                        1681.0,
                        11520.0,
                        3325.0,
                        3287.0,
                        1346.0
                    ]
                },
                "multi_core": {
                    "valid": 1,
                    "score": 35441.0,
                    "ratio": 9.563140852671344,
                    "maximum": 139792.0,
                    "average": 44959.0,
                    "geometric": 35441.0,
                    "harmonic": 28363.0,
                    "minimum": 10037.0,
                    "kernels": [
                        126977.0,
                        40549.0,
                        48846.0,
                        42775.0,
                        16196.0,
                        27491.0,
                        139792.0,
                        62368.0,
                        69726.0,
                        20783.0,
                        22653.0,
                        45206.0,
                        10037.0,
                        19254.0,
                        41883.0,
                        29493.0,
                        33200.0,
                        77662.0,
                        15589.0,
                        23626.0,
                        84128.0,
                        28214.0,
                        41376.0,
                        11181.0
                    ]
                },
                "quad_core": {
                    "valid": 1,
                    "score": 13963.0,
                    "ratio": 3.7676740420939017,
                    "maximum": 69509.0,
                    "average": 20239.0,
                    "geometric": 13963.0,
                    "harmonic": 9947.0,