{
    "system_info": {
        "compiler_info": "cc (Debian 12.2.0-14) 12.2.0",
        "version_info": "3.3.0",
        "cpu_name": "11th Gen Intel(R) Core(TM) i9-11900K @ 3.50GHz",
        "cpu_core_count": 16,
        "System": "Intel_Core_i9_11900K_Linux"
    },
    "timestamp": "15:05 23/09/2024",
    "comment": "Debian 12 / DELL Precision 3650 Tower",
    "full_result": {
        "non_optimized": {
            "score": 3669.4709896373092,
            "detailed": {
                "single_core": {
                    "valid": 1,
                    "score": 1129.0,
                    "ratio": 0.0,
                    "maximum": 2936.0,
                    "average": 1310.0,
                    "geometric": 1129.0,
                    "harmonic": 988.0,
                    "minimum": 496.0,
                    "kernels": [
                        2021.0,
                        1422.0,
                        1042.0,
                        1002.0,
                        765.0,
                        855.0,
                        2936.0,
                        1793.0,
                        2428.0,
                        752.0,
                        496.0,
                        619.0,
                        554.0,
                        698.0,
                        1733.0,
                        936.0,
                        1423.0,
                        1291.0,
                        637.0,
                        2459.0,
                        754.0,
                        2845.0,
                        1363.0,
                        608.0
                    ]
                },
                "multi_core": {
                    "valid": 1,
                    "score": 9721.0,
                    "ratio": 8.610274579273694,
                    "maximum": 22774.0,
                    "average": 10988.0,
                    "geometric": 9721.0,
                    "harmonic": 8692.0,
                    "minimum": 4455.0,
                    "kernels": [
                        16072.0,
                        11794.0,
                        9198.0,
                        8855.0,
                        8350.0,
                        7011.0,
                        22285.0,
                        13584.0,
                        18476.0,
                        5844.0,
                        5121.0,
                        5369.0,
                        4455.0,
                        5691.0,
                        13497.0,
                        7859.0,
                        14780.0,
                        9555.0,
                        7868.0,
                        22095.0,
                        6149.0,
                        22774.0,
                        10734.0,
                        6291.0
                    ]
                },
                "quad_core": {
                    "valid": 1,
                    "score": 4502.0,
                    "ratio": 3.987599645704163,
                    "maximum": 11741.0,
                    "average": 5225.0,
                    "geometric": 4502.0,
                    "harmonic": 3928.0,
                    "minimum": 1970.0,
                    "kernels": [
                        8081.0,
                        5642.0,
                        4219.0,
                        4120.0,
                        3087.0,
                        3421.0,
                        11741.0,
                        7159.0,
                        9687.0,
                        2984.0,
                        1970.0,
                        2513.0,
                        2062.0,
                        2720.0,
                        6927.0,
                        3717.0,
                        5715.0,
                        5161.0,
                        2551.0,
                        9774.0,
                        3013.0,
                        11234.0,
                        5477.0,
                        2431.0
                    ]
                },
                "workstation": {
                    "valid": 1,
                    "score": 9062.0,
                    "ratio": 8.026572187776793,
                    "maximum": 21181.0,
                    "average": 10247.0,
                    "geometric": 9062.0,
                    "harmonic": 8097.0,
                    "minimum": 4143.0,
                    "kernels": [
                        15010.0,
                        10912.0,
                        8587.0,
                        8179.0,
                        7867.0,
                        6460.0,
                        20827.0,
                        12595.0,
                        17200.0,
                        5449.0,
                        4754.0,
                        5017.0,
                        4143.0,
                        5250.0,
                        12676.0,
                        7308.0,
                        13475.0,
                        9025.0,
                        7262.0,
                        20734.0,
                        5715.0,
                        21181.0,
                        10404.0,
                        5900.0
                    ]
                }
            }
        },
        "optimized": {
            "score": 14306.13116320058,
            "detailed": {
                "single_core": {
                    "valid": 1,
                    "score": 4311.0,
                    "ratio": 0.0,
                    "maximum": 18286.0,
                    "average": 5736.0,
                    "geometric": 4311.0,
                    "harmonic": 3329.0,
                    "minimum": 1173.0,
                    "kernels": [
                        15395.0,
                        5289.0,
                        4019.0,
                        4633.0,
                        1945.0,
                        2283.0,
                        18286.0,
                        9372.0,
                        9241.0,
                        5601.0,
                        1873.0,
                        4211.0,
                        1713.0,
                        2949.0,
                        7644.0,
                        4757.0,
                        3251.0,
                        11998.0,
                        1173.0,
                        1502.0,
                        11496.0,
                        4036.0,
                        2812.0,
                        2193.0
                    ]
                },
                "multi_core": {
                    "valid": 1,
                    "score": 39282.0,
                    "ratio": 9.112038970076549,
                    "maximum": 130602.0,
                    "average": 47033.0,
                    "geometric": 39282.0,
                    "harmonic": 33753.0,
                    "minimum": 17062.0,
                    "kernels": [
                        114233.0,
                        41786.0,
                        40581.0,
                        39526.0,
                        21310.0,
                        26552.0,
                        130602.0,
                        65036.0,
                        67659.0,
                        36698.0,
                        19018.0,
                        39294.0,
                        19296.0,
                        22426.0,
                        66365.0,
                        36067.0,
                        37637.0,
                        86765.0,
                        17062.0,
                        21380.0,
                        91354.0,
                        31219.0,
                        35649.0,
                        21271.0
                    ]
                },
                "quad_core": {
                    "valid": 1,
                    "score": 17290.0,
                    "ratio": 4.010670378102528,
                    "maximum": 73007.0,
                    "average": 22921.0,