{
    "system_info": {
        "compiler_info": "cc (Debian 12.2.0-14) 12.2.0",
        "version_info": "3.3.0",
        "cpu_name": "AMD Ryzen 7 5700X 8-Core Processor",
        "cpu_core_count": 16,
        "System": "AMD_Ryzen_7_5700X_Linux"
    },
    "timestamp": "13:29 16/12/2023",
    "comment": "",
    "full_result": {
        "non_optimized": {
            "score": 3381.7886928310645,
            "detailed": {
                "single_core": {
                    "valid": 1,
                    "score": 1015.0,
                    "ratio": 0.0,
                    "maximum": 3363.0,
                    "average": 1212.0,
                    "geometric": 1015.0,
                    "harmonic": 862.0,
                    "minimum": 341.0,
                    "kernels": [
                        2439.0,
                        1193.0,
                        807.0,
                        845.0,
                        659.0,
                        690.0,
                        3363.0,
                        1740.0,
                        2278.0,
                        541.0,
                        398.0,
                        799.0,
                        341.0,
                        576.0,
                        1459.0,
                        1005.0,
                        996.0,
                        1186.0,
                        522.0,
                        1539.0,
                        861.0,
                        2746.0,
                        1292.0,
                        819.0
                    ]
                },
                "multi_core": {
                    "valid": 1,
                    "score": 9615.0,
                    "ratio": 9.472906403940886,
                    "maximum": 25180.0,
                    "average": 10898.0,
                    "geometric": 9615.0,
                    "harmonic": 8580.0,
                    "minimum": 3937.0,
                    "kernels": [
                        17883.0,
                        10590.0,
                        9969.0,
                        9097.0,
                        8653.0,
                        7036.0,
                        25180.0,
                        13278.0,
                        18089.0,
                        5159.0,
                        5371.0,
                        6005.0,
                        3937.0,
                        5589.0,
                        11269.0,
                        7761.0,
                        14036.0,
                        9058.0,
                        7053.0,
                        19644.0,
                        6077.0,
                        22715.0,
                        10713.0,
                        7396.0
                    ]
                },
                "quad_core": {
                    "valid": 1,
                    "score": 3963.0,
                    "ratio": 3.904433497536946,
                    "maximum": 12741.0,
                    "average": 4718.0,
                    "geometric": 3963.0,
                    "harmonic": 3372.0,
                    "minimum": 1339.0,
                    "kernels": [
                        9538.0,
                        4645.0,
                        3144.0,
                        3331.0,
                        2585.0,
                        2708.0,
                        12741.0,
                        6988.0,
                        9114.0,
                        2108.0,
                        1556.0,
                        3146.0,
                        1339.0,
                        2233.0,
                        5680.0,
                        3944.0,
                        3906.0,
                        4621.0,
                        2051.0,
                        5964.0,
                        3361.0,
                        10263.0,
                        5073.0,
                        3205.0
                    ]
                },
                "workstation": {
                    "valid": 1,
                    "score": 9582.0,
                    "ratio": 9.440394088669951,
                    "maximum": 24954.0,
                    "average": 10860.0,
                    "geometric": 9582.0,
                    "harmonic": 8550.0,
                    "minimum": 3946.0,
                    "kernels": [
                        17698.0,
                        10716.0,
                        9861.0,
                        9074.0,
                        8599.0,
                        6977.0,
                        24954.0,
                        13155.0,
                        17981.0,
                        5140.0,
                        5344.0,
                        5926.0,
                        3946.0,
                        5581.0,
                        11256.0,
                        7731.0,
                        14112.0,
                        8994.0,
                        7033.0,
                        19749.0,
                        6050.0,
                        22618.0,
                        10773.0,
                        7369.0
                    ]
                }
            }
        },
        "optimized": {
            "score": 16123.838479931672,
            "detailed": {
                "single_core": {
                    "valid": 1,
                    "score": 4996.0,
                    "ratio": 0.0,
                    "maximum": 22502.0,
                    "average": 6821.0,
                    "geometric": 4996.0,
                    "harmonic": 3822.0,
                    "minimum": 1619.0,
                    "kernels": [
                        20364.0,
                        5658.0,
                        5285.0,
                        5270.0,
                        2227.0,
                        2649.0,
                        22502.0,
                        11792.0,
                        11424.0,
                        6202.0,
                        2617.0,
                        7669.0,
                        1736.0,
                        2618.0,
                        5751.0,
                        4725.0,
                        4042.0,
                        13570.0,
                        1619.0,
                        1942.0,
                        14440.0,
                        4222.0,
                        3668.0,
                        1720.0
                    ]
                },
                "multi_core": {
                    "valid": 1,
                    "score": 43052.0,
                    "ratio": 8.617293835068054,
                    "maximum": 164131.0,
                    "average": 52342.0,
                    "geometric": 43052.0,
                    "harmonic": 36260.0,
                    "minimum": 14148.0,
                    "kernels": [
                        124391.0,
                        41563.0,
                        52443.0,
                        46160.0,
                        25297.0,
                        30241.0,
                        164131.0,
                        76996.0,
                        77289.0,
                        34324.0,
                        24939.0,
                        49166.0,
                        16414.0,
                        24581.0,
                        49591.0,
                        32830.0,
                        49506.0,
                        95504.0,
                        23501.0,
                        27239.0,
                        96336.0,
                        33253.0,
                        46356.0,
                        14148.0
                    ]
                },
                "quad_core": {
                    "valid": 1,
                    "score": 19489.0,
                    "ratio": 3.9009207365892715,
                    "maximum": 87641.0,
                    "average": 26568.0,
                    "geometric": 19489.0,