{
    "system_info": {
        "compiler_info": "gcc (Debian 12.2.0-14) 12.2.0 64-bit",
        "version_info": "3.3.0",
        "cpu_name": "AMD Ryzen 7 5825U with Radeon Graphics",
        "cpu_core_count": 16,
        "System": "AMD_Ryzen_7_5825U_Linux"
    },
    "timestamp": "10:48 11/01/2024",
    "comment": "",
    "full_result": {
        "non_optimized": {
            "score": 2714.991445537837,
            "detailed": {
                "single_core": {
                    "valid": 1,
                    "score": 935.0,
                    "ratio": 0.0,
                    "maximum": 3134.0,
                    "average": 1123.0,
                    "geometric": 935.0,
                    "harmonic": 795.0,
                    "minimum": 330.0,
                    "kernels": [
                        2251.0,
                        1070.0,
                        755.0,
                        786.0,
                        616.0,
                        636.0,
                        3134.0,
                        1654.0,
                        2170.0,
                        503.0,
                        374.0,
                        620.0,
                        330.0,
                        530.0,
                        1371.0,
                        944.0,
                        929.0,
                        1115.0,
                        487.0,
                        1432.0,
                        731.0,
                        2572.0,
                        1208.0,
                        739.0
                    ]
                },
                "multi_core": {
                    "valid": 1,
                    "score": 6641.0,
                    "ratio": 7.102673796791444,
                    "maximum": 17572.0,
                    "average": 7538.0,
                    "geometric": 6641.0,
                    "harmonic": 5915.0,
                    "minimum": 2783.0,
                    "kernels": [
                        12007.0,
                        7401.0,
                        7003.0,
                        6338.0,
                        6009.0,
                        4794.0,
                        17572.0,
                        9139.0,
                        12391.0,
                        3557.0,
                        3677.0,
                        3904.0,
                        2783.0,
                        3809.0,
                        7905.0,
                        5434.0,
                        9799.0,
                        6307.0,
                        4956.0,
                        13672.0,
                        4065.0,
                        15743.0,
                        7583.0,
                        5061.0
                    ]
                },
                "quad_core": {
                    "valid": 1,
                    "score": 3223.0,
                    "ratio": 3.447058823529412,
                    "maximum": 10769.0,
                    "average": 3837.0,
                    "geometric": 3223.0,
                    "harmonic": 2755.0,
                    "minimum": 1151.0,
                    "kernels": [
                        7298.0,
                        3699.0,
                        2679.0,
                        2770.0,
                        2180.0,
                        2217.0,
                        10769.0,
                        5659.0,
                        7358.0,
                        1763.0,
                        1311.0,
                        2129.0,
                        1151.0,
                        1778.0,
                        4727.0,
                        3202.0,
                        3263.0,
                        3839.0,
                        1724.0,
                        4970.0,
                        2554.0,
                        8435.0,
                        4100.0,
                        2510.0
                    ]
                },
                "workstation": {
                    "valid": 1,
                    "score": 6647.0,
                    "ratio": 7.109090909090909,
                    "maximum": 17383.0,
                    "average": 7541.0,
                    "geometric": 6647.0,
                    "harmonic": 5922.0,
                    "minimum": 2770.0,
                    "kernels": [
                        11949.0,
                        7543.0,
                        6985.0,
                        6345.0,
                        5994.0,
                        4759.0,
                        17383.0,
                        9063.0,
                        12383.0,
                        3584.0,
                        3680.0,
                        3888.0,
                        2770.0,
                        3842.0,
                        7940.0,
                        5437.0,
                        9936.0,
                        6295.0,
                        4967.0,
                        13926.0,
                        4090.0,
                        15635.0,
                        7527.0,
                        5068.0
                    ]
                }
            }
        },
        "optimized": {
            "score": 12679.598118246071,
            "detailed": {
                "single_core": {
                    "valid": 1,
                    "score": 4465.0,
                    "ratio": 0.0,
                    "maximum": 20503.0,
                    "average": 6137.0,
                    "geometric": 4465.0,
                    "harmonic": 3421.0,
                    "minimum": 1478.0,
                    "kernels": [
                        19184.0,
                        5185.0,
                        4852.0,
                        4816.0,
                        2020.0,
                        2418.0,
                        20503.0,
                        10782.0,
                        10432.0,
                        5694.0,
                        1794.0,
                        4350.0,
                        1525.0,
                        2941.0,
                        5319.0,
                        4303.0,
                        3625.0,
                        12301.0,
                        1478.0,
                        1771.0,
                        13107.0,
                        3865.0,
                        3352.0,
                        1665.0
                    ]
                },
                "multi_core": {
                    "valid": 1,
                    "score": 29587.0,
                    "ratio": 6.626427771556551,
                    "maximum": 112547.0,
                    "average": 36605.0,
                    "geometric": 29587.0,
                    "harmonic": 24621.0,
                    "minimum": 9903.0,
                    "kernels": [
                        90235.0,
                        29193.0,
                        36385.0,
                        31289.0,
                        17046.0,
                        21269.0,
                        112547.0,
                        52914.0,
                        54698.0,
                        26921.0,
                        9903.0,
                        20350.0,
                        12517.0,
                        18562.0,
                        36698.0,
                        21177.0,
                        34233.0,
                        71284.0,
                        16325.0,
                        18914.0,
                        74654.0,
                        25490.0,
                        33900.0,
                        12012.0
                    ]
                },
                "quad_core": {
                    "valid": 1,
                    "score": 15431.0,
                    "ratio": 3.4559910414333705,
                    "maximum": 70082.0,
                    "average": 20775.0,
                    "geometric": 15431.0,
                    "harmonic": 12065.0,