{
    "system_info": {
        "compiler_info": "cc (Debian 12.2.0-14) 12.2.0",
        "version_info": "3.3.0",
        "cpu_name": "Intel(R) Core(TM) Ultra 7 258V",
        "cpu_core_count": 8,
        "System": "Intel_Core_Ultra_7_258V_Linux"
    },
    "timestamp": "06:07 18/11/2024",
    "comment": "Lunar Lake / Standard Profile / TDP=37/17W / ASUS Zenbook S 14",
    "full_result": {
        "non_optimized": {
            "score": 3814.834460700682,
            "detailed": {
                "single_core": {
                    "valid": 1,
                    "score": 1458.0,
                    "ratio": 0.0,
                    "maximum": 4384.0,
                    "average": 1752.0,
                    "geometric": 1458.0,
                    "harmonic": 1233.0,
                    "minimum": 511.0,
                    "kernels": [
                        3084.0,
                        2170.0,
                        1081.0,
                        1194.0,
                        849.0,
                        914.0,
                        4384.0,
                        2675.0,
                        3843.0,
                        847.0,
                        511.0,
                        939.0,
                        712.0,
                        979.0,
                        2186.0,
                        1463.0,
                        1468.0,
                        1820.0,
                        627.0,
                        2950.0,
                        1087.0,
                        3655.0,
                        1680.0,
                        943.0
                    ]
                },
                "multi_core": {
                    "valid": 1,
                    "score": 8654.0,
                    "ratio": 5.935528120713306,
                    "maximum": 26913.0,
                    "average": 10328.0,
                    "geometric": 8654.0,
                    "harmonic": 7373.0,
                    "minimum": 3068.0,
                    "kernels": [
                        18950.0,
                        13755.0,
                        6508.0,
                        6926.0,
                        5244.0,
                        5251.0,
                        26913.0,
                        15883.0,
                        20594.0,
                        5003.0,
                        3068.0,
                        5896.0,
                        4532.0,
                        6041.0,
                        12457.0,
                        8932.0,
                        8627.0,
                        9923.0,
                        3747.0,
                        16817.0,
                        6115.0,
                        21047.0,
                        9836.0,
                        5806.0
                    ]
                },
                "quad_core": {
                    "valid": 1,
                    "score": 4400.0,
                    "ratio": 3.017832647462277,
                    "maximum": 14050.0,
                    "average": 5262.0,
                    "geometric": 4400.0,
                    "harmonic": 3748.0,
                    "minimum": 1533.0,
                    "kernels": [
                        9949.0,
                        6576.0,
                        3234.0,
                        3323.0,
                        2598.0,
                        2521.0,
                        14050.0,
                        8570.0,
                        9829.0,
                        2463.0,
                        1533.0,
                        3323.0,
                        2445.0,
                        3195.0,
                        6069.0,
                        4619.0,
                        4120.0,
                        4751.0,
                        1924.0,
                        8467.0,
                        3234.0,
                        11180.0,
                        5263.0,
                        3053.0
                    ]
                },
                "workstation": {
                    "valid": 1,
                    "score": 7324.0,
                    "ratio": 5.023319615912208,
                    "maximum": 22392.0,
                    "average": 8648.0,
                    "geometric": 7324.0,
                    "harmonic": 6316.0,
                    "minimum": 2739.0,
                    "kernels": [
                        15499.0,
                        11170.0,
                        5765.0,
                        5846.0,
                        4832.0,
                        4530.0,
                        22392.0,
                        12723.0,
                        16723.0,
                        4144.0,
                        2739.0,
                        5163.0,
                        3719.0,
                        4987.0,
                        10239.0,
                        7320.0,
                        7507.0,
                        8047.0,
                        3584.0,
                        15253.0,
                        4972.0,
                        17189.0,
                        8337.0,
                        4863.0
                    ]
                }
            }
        },
        "optimized": {
            "score": 15129.772541825809,
            "detailed": {
                "single_core": {
                    "valid": 1,
                    "score": 4928.0,
                    "ratio": 0.0,
                    "maximum": 20748.0,
                    "average": 6371.0,
                    "geometric": 4928.0,
                    "harmonic": 3905.0,
                    "minimum": 1556.0,
                    "kernels": [
                        17060.0,
                        5532.0,
                        6370.0,
                        5756.0,
                        2301.0,
                        2779.0,
                        20748.0,
                        10887.0,
                        11078.0,
                        5528.0,
                        2612.0,
                        6144.0,
                        2529.0,
                        3199.0,
                        5825.0,
                        4725.0,
                        4197.0,
                        10003.0,
                        1556.0,
                        1561.0,
                        12679.0,
                        4205.0,
                        3728.0,
                        1900.0
                    ]
                },
                "multi_core": {
                    "valid": 1,
                    "score": 33948.0,
                    "ratio": 6.888798701298701,
                    "maximum": 145874.0,
                    "average": 43565.0,
                    "geometric": 33948.0,
                    "harmonic": 27472.0,
                    "minimum": 11722.0,
                    "kernels": [
                        113593.0,
                        35175.0,
                        45915.0,
                        38506.0,
                        17173.0,
                        20300.0,
                        145874.0,
                        70588.0,
                        79758.0,
                        34087.0,
                        18582.0,
                        37233.0,
                        15287.0,
                        19767.0,
                        42760.0,
                        29160.0,
                        30359.0,
                        71190.0,
                        11722.0,
                        13108.0,
                        86305.0,
                        26881.0,
                        28159.0,
                        14084.0
                    ]
                },
                "quad_core": {
                    "valid": 1,
                    "score": 20702.0,
                    "ratio": 4.200892857142857,
                    "maximum": 90417.0,
                    "average": 27002.0,