{
    "system_info": {
        "compiler_info": "cc (Debian 10.2.1-6) 10.2.1 20210110",
        "version_info": "3.3.0",
        "cpu_name": "No CPUID information",
        "cpu_core_count": 8,
        "System": "Samsung_Galaxy_Fold_3_Quadlcomm_888_Linux"
    },
    "timestamp": "10:5 7/1/2024",
    "comment": "Galaxy Fold 3 / SM-F926B / Qualcomm 888 / UserLAnd / Debian 11",
    "full_result": {
        "non_optimized": {
            "score": 1559.0850157089021,
            "detailed": {
                "single_core": {
                    "valid": 1,
                    "score": 739.0,
                    "ratio": 0.0,
                    "maximum": 2472.0,
                    "average": 891.0,
                    "geometric": 739.0,
                    "harmonic": 625.0,
                    "minimum": 253.0,
                    "kernels": [
                        1563.0,
                        791.0,
                        632.0,
                        654.0,
                        494.0,
                        546.0,
                        2472.0,
                        1134.0,
                        1540.0,
                        368.0,
                        335.0,
                        410.0,
                        253.0,
                        462.0,
                        1067.0,
                        715.0,
                        800.0,
                        1031.0,
                        398.0,
                        1624.0,
                        534.0,
                        2094.0,
                        1044.0,
                        426.0
                    ]
                },
                "multi_core": {
                    "valid": 1,
                    "score": 2310.0,
                    "ratio": 3.1258457374830853,
                    "maximum": 6715.0,
                    "average": 2698.0,
                    "geometric": 2310.0,
                    "harmonic": 1999.0,
                    "minimum": 846.0,
                    "kernels": [
                        4266.0,
                        2521.0,
                        2112.0,
                        2059.0,
                        1606.0,
                        1695.0,
                        6171.0,
                        2894.0,
                        3946.0,
                        1112.0,
                        1093.0,
                        1291.0,
                        846.0,
                        1381.0,
                        3175.0,
                        2306.0,
                        3018.0,
                        3196.0,
                        1629.0,
                        5260.0,
                        1651.0,
                        6715.0,
                        3392.0,
                        1429.0
                    ]
                },
                "quad_core": {
                    "valid": 1,
                    "score": 2220.0,
                    "ratio": 3.004059539918809,
                    "maximum": 6786.0,
                    "average": 2600.0,
                    "geometric": 2220.0,
                    "harmonic": 1923.0,
                    "minimum": 833.0,
                    "kernels": [
                        4389.0,
                        2539.0,
                        2174.0,
                        2066.0,
                        1626.0,
                        1741.0,
                        6786.0,
                        3109.0,
                        4254.0,
                        1161.0,
                        1111.0,
                        1307.0,
                        833.0,
                        1288.0,
                        3065.0,
                        2039.0,
                        2666.0,
                        2752.0,
                        1340.0,
                        4539.0,
                        1439.0,
                        5985.0,
                        2926.0,
                        1264.0
                    ]
                },
                "workstation": {
                    "valid": 1,
                    "score": 2119.0,
                    "ratio": 2.8673883626522327,
                    "maximum": 6370.0,
                    "average": 2465.0,
                    "geometric": 2119.0,
                    "harmonic": 1848.0,
                    "minimum": 800.0,
                    "kernels": [
                        3661.0,
                        2213.0,
                        1961.0,
                        1904.0,
                        1477.0,
                        1524.0,
                        5554.0,
                        2728.0,
                        3939.0,
                        1090.0,
                        1077.0,
                        1234.0,
                        800.0,
                        1216.0,
                        3004.0,
                        2030.0,
                        2759.0,
                        2658.0,
                        1455.0,
                        4607.0,
                        1456.0,
                        6370.0,
                        3075.0,
                        1372.0
                    ]
                }
            }
        },
        "optimized": {
            "score": 5848.886726747093,
            "detailed": {
                "single_core": {
                    "valid": 1,
                    "score": 2063.0,
                    "ratio": 0.0,
                    "maximum": 9836.0,
                    "average": 2806.0,
                    "geometric": 2063.0,
                    "harmonic": 1614.0,
                    "minimum": 763.0,
                    "kernels": [
                        8501.0,
                        2324.0,
                        1991.0,
                        2206.0,
                        829.0,
                        1149.0,
                        9836.0,
                        5677.0,
                        4677.0,
                        2299.0,
                        958.0,
                        2554.0,
                        832.0,
                        849.0,
                        2502.0,
                        1779.0,
                        1302.0,
                        5525.0,
                        763.0,
                        1376.0,
                        5161.0,
                        1870.0,
                        1571.0,
                        807.0
                    ]
                },
                "multi_core": {
                    "valid": 1,
                    "score": 11691.0,
                    "ratio": 5.6669898206495395,
                    "maximum": 41509.0,
                    "average": 14297.0,
                    "geometric": 11691.0,
                    "harmonic": 9820.0,
                    "minimum": 4587.0,
                    "kernels": [
                        30421.0,
                        10630.0,
                        10155.0,
                        10700.0,
                        4587.0,
                        6339.0,
                        41509.0,
                        25796.0,
                        27158.0,
                        11509.0,
                        5839.0,
                        16458.0,
                        5038.0,
                        6734.0,
                        14786.0,
                        11351.0,
                        10088.0,
                        25773.0,
                        5862.0,
                        8547.0,
                        26415.0,
                        10352.0,
                        11568.0,
                        5508.0
                    ]
                },
                "quad_core": {
                    "valid": 1,
                    "score": 8296.0,
                    "ratio": 4.021328162869607,
                    "maximum": 35134.0,
                    "average": 10633.0,
                    "geometric": 8296.0,