{
    "system_info": {
        "compiler_info": "cc (Debian 12.2.0-14) 12.2.0",
        "version_info": "3.3.0",
        "cpu_name": "Intel(R) Core(TM) i7-8700 CPU @ 3.20GHz",
        "cpu_core_count": 12,
        "System": "Intel_Core_i7_8700_Linux"
    },
    "timestamp": "16:27 17/12/2023",
    "comment": "",
    "full_result": {
        "non_optimized": {
            "score": 2763.202723323727,
            "detailed": {
                "single_core": {
                    "valid": 1,
                    "score": 943.0,
                    "ratio": 0.0,
                    "maximum": 2137.0,
                    "average": 1056.0,
                    "geometric": 943.0,
                    "harmonic": 847.0,
                    "minimum": 420.0,
                    "kernels": [
                        1810.0,
                        1280.0,
                        983.0,
                        912.0,
                        698.0,
                        783.0,
                        2137.0,
                        1370.0,
                        1876.0,
                        565.0,
                        488.0,
                        564.0,
                        420.0,
                        613.0,
                        1237.0,
                        792.0,
                        1296.0,
                        941.0,
                        605.0,
                        1790.0,
                        646.0,
                        1906.0,
                        1044.0,
                        588.0
                    ]
                },
                "multi_core": {
                    "valid": 1,
                    "score": 6160.0,
                    "ratio": 6.5323435843054085,
                    "maximum": 13810.0,
                    "average": 6838.0,
                    "geometric": 6160.0,
                    "harmonic": 5580.0,
                    "minimum": 2897.0,
                    "kernels": [
                        10057.0,
                        7801.0,
                        6463.0,
                        6174.0,
                        5757.0,
                        4667.0,
                        12400.0,
                        7954.0,
                        10670.0,
                        3427.0,
                        3465.0,
                        3561.0,
                        2897.0,
                        3809.0,
                        7437.0,
                        5014.0,
                        9886.0,
                        5478.0,
                        5301.0,
                        13188.0,
                        3688.0,
                        13810.0,
                        6825.0,
                        4394.0
                    ]
                },
                "quad_core": {
                    "valid": 1,
                    "score": 3632.0,
                    "ratio": 3.851537645811241,
                    "maximum": 8206.0,
                    "average": 4066.0,
                    "geometric": 3632.0,
                    "harmonic": 3262.0,
                    "minimum": 1627.0,
                    "kernels": [
                        7032.0,
                        4941.0,
                        3811.0,
                        3618.0,
                        2694.0,
                        2982.0,
                        8206.0,
                        5222.0,
                        7239.0,
                        2172.0,
                        1880.0,
                        2183.0,
                        1627.0,
                        2309.0,
                        4762.0,
                        3036.0,
                        5038.0,
                        3637.0,
                        2337.0,
                        6813.0,
                        2519.0,
                        7275.0,
                        4000.0,
                        2243.0
                    ]
                },
                "workstation": {
                    "valid": 1,
                    "score": 5969.0,
                    "ratio": 6.329798515376458,
                    "maximum": 13267.0,
                    "average": 6635.0,
                    "geometric": 5969.0,
                    "harmonic": 5404.0,
                    "minimum": 2836.0,
                    "kernels": [
                        9727.0,
                        7461.0,
                        6239.0,
                        5889.0,
                        5527.0,
                        4489.0,
                        12388.0,
                        7749.0,
                        10326.0,
                        3312.0,
                        3318.0,
                        3415.0,
                        2836.0,
                        3741.0,
                        7220.0,
                        4855.0,
                        9641.0,
                        5420.0,
                        5236.0,
                        12954.0,
                        3596.0,
                        13267.0,
                        6438.0,
                        4196.0
                    ]
                }
            }
        },
        "optimized": {
            "score": 10691.170544348037,
            "detailed": {
                "single_core": {
                    "valid": 1,
                    "score": 3602.0,
                    "ratio": 0.0,
                    "maximum": 15682.0,
                    "average": 4887.0,
                    "geometric": 3602.0,
                    "harmonic": 2762.0,
                    "minimum": 1125.0,
                    "kernels": [
                        13717.0,
                        4779.0,
                        3515.0,
                        3271.0,
                        1447.0,
                        2019.0,
                        15682.0,
                        8477.0,
                        8176.0,
                        4063.0,
                        1683.0,
                        4048.0,
                        1670.0,
                        2023.0,
                        7096.0,
                        3785.0,
                        2603.0,
                        8834.0,
                        1125.0,
                        1428.0,
                        11020.0,
                        3153.0,
                        2497.0,
                        1180.0
                    ]
                },
                "multi_core": {
                    "valid": 1,
                    "score": 24552.0,
                    "ratio": 6.816213214880622,
                    "maximum": 86482.0,
                    "average": 29805.0,
                    "geometric": 24552.0,
                    "harmonic": 20573.0,
                    "minimum": 7499.0,
                    "kernels": [
                        73392.0,
                        26649.0,
                        27097.0,
                        22238.0,
                        13813.0,
                        17378.0,
                        86482.0,
                        42952.0,
                        45358.0,
                        21397.0,
                        14162.0,
                        28368.0,
                        9923.0,
                        13571.0,
                        39253.0,
                        22723.0,
                        25632.0,
                        50209.0,
                        12531.0,
                        15630.0,
                        57330.0,
                        18893.0,
                        22846.0,
                        7499.0
                    ]
                },
                "quad_core": {
                    "valid": 1,
                    "score": 13818.0,
                    "ratio": 3.836202109938923,
                    "maximum": 60345.0,
                    "average": 18730.0,
                    "geometric": 13818.0,
                    "harmonic": 10611.0,