{
    "system_info": {
        "compiler_info": "cc (Debian 12.2.0-14) 12.2.0",
        "version_info": "3.3.0",
        "cpu_name": "12th Gen Intel(R) Core(TM) i5-1235U",
        "cpu_core_count": 12,
        "System": "Intel_Core_i5_1235U_Linux"
    },
    "timestamp": "23:19 25/10/2024",
    "comment": "Real TDP = 15 watt",
    "full_result": {
        "non_optimized": {
            "score": 2573.4389878199167,
            "detailed": {
                "single_core": {
                    "valid": 1,
                    "score": 1264.0,
                    "ratio": 0.0,
                    "maximum": 3824.0,
                    "average": 1483.0,
                    "geometric": 1264.0,
                    "harmonic": 1096.0,
                    "minimum": 535.0,
                    "kernels": [
                        2646.0,
                        1835.0,
                        1094.0,
                        1102.0,
                        822.0,
                        975.0,
                        3824.0,
                        1941.0,
                        2518.0,
                        736.0,
                        541.0,
                        718.0,
                        535.0,
                        846.0,
                        1686.0,
                        1210.0,
                        1515.0,
                        1344.0,
                        658.0,
                        2746.0,
                        874.0,
                        3224.0,
                        1371.0,
                        839.0
                    ]
                },
                "multi_core": {
                    "valid": 1,
                    "score": 4651.0,
                    "ratio": 3.679588607594937,
                    "maximum": 12382.0,
                    "average": 5293.0,
                    "geometric": 4651.0,
                    "harmonic": 4138.0,
                    "minimum": 2103.0,
                    "kernels": [
                        8820.0,
                        6373.0,
                        4106.0,
                        4204.0,
                        3401.0,
                        3220.0,
                        12382.0,
                        6818.0,
                        8858.0,
                        2435.0,
                        2103.0,
                        3008.0,
                        2432.0,
                        3004.0,
                        6149.0,
                        4218.0,
                        5994.0,
                        4740.0,
                        2863.0,
                        9800.0,
                        2932.0,
                        10158.0,
                        5628.0,
                        3390.0
                    ]
                },
                "quad_core": {
                    "valid": 1,
                    "score": 2899.0,
                    "ratio": 2.293512658227848,
                    "maximum": 8093.0,
                    "average": 3374.0,
                    "geometric": 2899.0,
                    "harmonic": 2531.0,
                    "minimum": 1209.0,
                    "kernels": [
                        5880.0,
                        3967.0,
                        2345.0,
                        2440.0,
                        1779.0,
                        2060.0,
                        8093.0,
                        4396.0,
                        5986.0,
                        1651.0,
                        1209.0,
                        1784.0,
                        1355.0,
                        1935.0,
                        4004.0,
                        2762.0,
                        3501.0,
                        3211.0,
                        1567.0,
                        6388.0,
                        2032.0,
                        7139.0,
                        3435.0,
                        2064.0
                    ]
                },
                "workstation": {
                    "valid": 1,
                    "score": 4572.0,
                    "ratio": 3.617088607594937,
                    "maximum": 12493.0,
                    "average": 5204.0,
                    "geometric": 4572.0,
                    "harmonic": 4071.0,
                    "minimum": 2057.0,
                    "kernels": [
                        8704.0,
                        6246.0,
                        3976.0,
                        4127.0,
                        3400.0,
                        3238.0,
                        12493.0,
                        6774.0,
                        8730.0,
                        2414.0,
                        2057.0,
                        2988.0,
                        2411.0,
                        2987.0,
                        6005.0,
                        4159.0,
                        5832.0,
                        4767.0,
                        2803.0,
                        9760.0,
                        2912.0,
                        9703.0,
                        5162.0,
                        3240.0
                    ]
                }
            }
        },
        "optimized": {
            "score": 10584.164933921702,
            "detailed": {
                "single_core": {
                    "valid": 1,
                    "score": 5222.0,
                    "ratio": 0.0,
                    "maximum": 22193.0,
                    "average": 6815.0,
                    "geometric": 5222.0,
                    "harmonic": 4089.0,
                    "minimum": 1457.0,
                    "kernels": [
                        16995.0,
                        5633.0,
                        6354.0,
                        5116.0,
                        2411.0,
                        3361.0,
                        22193.0,
                        11338.0,
                        11767.0,
                        5378.0,
                        2885.0,
                        6997.0,
                        3066.0,
                        3135.0,
                        6992.0,
                        4457.0,
                        4491.0,
                        13599.0,
                        1457.0,
                        1583.0,
                        13882.0,
                        4381.0,
                        4084.0,
                        1995.0
                    ]
                },
                "multi_core": {
                    "valid": 1,
                    "score": 18964.0,
                    "ratio": 3.6315587897357333,
                    "maximum": 69922.0,
                    "average": 23353.0,
                    "geometric": 18964.0,
                    "harmonic": 16024.0,
                    "minimum": 8201.0,
                    "kernels": [
                        55764.0,
                        19560.0,
                        21532.0,
                        17815.0,
                        9240.0,
                        11569.0,
                        69922.0,
                        35278.0,
                        38007.0,
                        19107.0,
                        10331.0,
                        18673.0,
                        9709.0,
                        9961.0,
                        21496.0,
                        17003.0,
                        18334.0,
                        38362.0,
                        8201.0,
                        9347.0,
                        57085.0,
                        15280.0,
                        19596.0,
                        9296.0
                    ]
                },
                "quad_core": {
                    "valid": 1,
                    "score": 11973.0,
                    "ratio": 2.292799693603983,
                    "maximum": 48381.0,
                    "average": 15377.0,
                    "geometric": 11973.0,
                    "harmonic": 9637.0,