{
    "system_info": {
        "compiler_info": "cc (Debian 10.2.1-6) 10.2.1 20210110",
        "version_info": "3.3.0",
        "cpu_name": "Intel(R) Xeon(R) CPU E5-2680 v4 @ 2.40GHz",
        "cpu_core_count": 56,
        "System": "2x_Intel_Xeon_E5_2680v4_Linux"
    },
    "timestamp": "21:14 11/12/2023",
    "comment": "",
    "full_result": {
        "non_optimized": {
            "score": 3267.726549174182,
            "detailed": {
                "single_core": {
                    "valid": 1,
                    "score": 681.0,
                    "ratio": 0.0,
                    "maximum": 1777.0,
                    "average": 769.0,
                    "geometric": 681.0,
                    "harmonic": 608.0,
                    "minimum": 307.0,
                    "kernels": [
                        1325.0,
                        907.0,
                        726.0,
                        692.0,
                        557.0,
                        564.0,
                        1777.0,
                        957.0,
                        1322.0,
                        393.0,
                        346.0,
                        373.0,
                        307.0,
                        459.0,
                        873.0,
                        563.0,
                        992.0,
                        662.0,
                        466.0,
                        1360.0,
                        440.0,
                        1271.0,
                        729.0,
                        388.0
                    ]
                },
                "multi_core": {
                    "valid": 1,
                    "score": 19669.0,
                    "ratio": 28.88252569750367,
                    "maximum": 43549.0,
                    "average": 21902.0,
                    "geometric": 19669.0,
                    "harmonic": 17800.0,
                    "minimum": 8985.0,
                    "kernels": [
                        32701.0,
                        24046.0,
                        20517.0,
                        19750.0,
                        18207.0,
                        14988.0,
                        42531.0,
                        24061.0,
                        32604.0,
                        10452.0,
                        11869.0,
                        11789.0,
                        8985.0,
                        12579.0,
                        22750.0,
                        16069.0,
                        34143.0,
                        16828.0,
                        17702.0,
                        43549.0,
                        11382.0,
                        43333.0,
                        20428.0,
                        14376.0
                    ]
                },
                "quad_core": {
                    "valid": 1,
                    "score": 2605.0,
                    "ratio": 3.825256975036711,
                    "maximum": 6754.0,
                    "average": 2938.0,
                    "geometric": 2605.0,
                    "harmonic": 2325.0,
                    "minimum": 1155.0,
                    "kernels": [
                        4963.0,
                        3436.0,
                        2771.0,
                        2664.0,
                        2133.0,
                        2136.0,
                        6754.0,
                        3725.0,
                        5023.0,
                        1495.0,
                        1337.0,
                        1452.0,
                        1155.0,
                        1684.0,
                        3319.0,
                        2154.0,
                        3881.0,
                        2568.0,
                        1809.0,
                        5177.0,
                        1684.0,
                        4895.0,
                        2797.0,
                        1511.0
                    ]
                },
                "workstation": {
                    "valid": 1,
                    "score": 19505.0,
                    "ratio": 28.641703377386197,
                    "maximum": 43832.0,
                    "average": 21751.0,
                    "geometric": 19505.0,
                    "harmonic": 17634.0,
                    "minimum": 8960.0,
                    "kernels": [
                        32677.0,
                        23671.0,
                        20309.0,
                        19440.0,
                        17868.0,
                        14818.0,
                        42579.0,
                        24340.0,
                        32647.0,
                        10398.0,
                        11767.0,
                        11485.0,
                        8960.0,
                        12694.0,
                        22791.0,
                        16204.0,
                        34018.0,
                        16845.0,
                        17501.0,
                        43832.0,
                        11179.0,
                        42419.0,
                        19729.0,
                        13851.0
                    ]
                }
            }
        },
        "optimized": {
            "score": 13482.492120842053,
            "detailed": {
                "single_core": {
                    "valid": 1,
                    "score": 2696.0,
                    "ratio": 0.0,
                    "maximum": 11002.0,
                    "average": 3468.0,
                    "geometric": 2696.0,
                    "harmonic": 2206.0,
                    "minimum": 1082.0,
                    "kernels": [
                        9972.0,
                        3210.0,
                        2392.0,
                        2884.0,
                        1456.0,
                        1858.0,
                        11002.0,
                        4873.0,
                        6121.0,
                        2808.0,
                        1324.0,
                        2315.0,
                        1082.0,
                        1312.0,
                        4391.0,
                        2251.0,
                        2266.0,
                        6316.0,
                        1098.0,
                        1181.0,
                        7366.0,
                        1911.0,
                        2386.0,
                        1468.0
                    ]
                },
                "multi_core": {
                    "valid": 1,
                    "score": 84800.0,
                    "ratio": 31.4540059347181,
                    "maximum": 279383.0,
                    "average": 100328.0,
                    "geometric": 84800.0,
                    "harmonic": 73386.0,
                    "minimum": 30898.0,
                    "kernels": [
                        246582.0,
                        85335.0,
                        105076.0,
                        88075.0,
                        60188.0,
                        63977.0,
                        279383.0,
                        121465.0,
                        150393.0,
                        60113.0,
                        47468.0,
                        72809.0,
                        30898.0,
                        40049.0,
                        117819.0,
                        61711.0,
                        99886.0,
                        171220.0,
                        54048.0,
                        56505.0,
                        188565.0,
                        55691.0,
                        103573.0,
                        47045.0
                    ]
                },
                "quad_core": {
                    "valid": 1,
                    "score": 10720.0,
                    "ratio": 3.9762611275964392,
                    "maximum": 44544.0,
                    "average": 13792.0,