{
    "system_info": {
        "compiler_info": "cc (Debian 12.2.0-14) 12.2.0",
        "version_info": "3.3.0",
        "cpu_name": "AMD Ryzen 5 3600 6-Core Processor",
        "cpu_core_count": 12,
        "System": "AMD_Ryzen_5_3600_Linux"
    },
    "timestamp": "16:14 17/12/2023",
    "comment": "",
    "full_result": {
        "non_optimized": {
            "score": 2744.348976857034,
            "detailed": {
                "single_core": {
                    "valid": 1,
                    "score": 896.0,
                    "ratio": 0.0,
                    "maximum": 2613.0,
                    "average": 1044.0,
                    "geometric": 896.0,
                    "harmonic": 782.0,
                    "minimum": 372.0,
                    "kernels": [
                        1847.0,
                        1362.0,
                        786.0,
                        833.0,
                        606.0,
                        696.0,
                        2613.0,
                        1448.0,
                        2158.0,
                        488.0,
                        372.0,
                        577.0,
                        405.0,
                        554.0,
                        1168.0,
                        796.0,
                        864.0,
                        942.0,
                        494.0,
                        1505.0,
                        687.0,
                        2199.0,
                        1049.0,
                        597.0
                    ]
                },
                "multi_core": {
                    "valid": 1,
                    "score": 6559.0,
                    "ratio": 7.3203125,
                    "maximum": 15878.0,
                    "average": 7414.0,
                    "geometric": 6559.0,
                    "harmonic": 5886.0,
                    "minimum": 3242.0,
                    "kernels": [
                        11016.0,
                        7777.0,
                        6754.0,
                        6366.0,
                        5753.0,
                        4652.0,
                        15878.0,
                        8412.0,
                        12009.0,
                        3556.0,
                        3632.0,
                        3673.0,
                        3242.0,
                        3770.0,
                        7432.0,
                        5340.0,
                        10327.0,
                        5480.0,
                        5413.0,
                        15734.0,
                        4122.0,
                        15331.0,
                        7354.0,
                        4923.0
                    ]
                },
                "quad_core": {
                    "valid": 1,
                    "score": 3517.0,
                    "ratio": 3.9252232142857144,
                    "maximum": 10153.0,
                    "average": 4082.0,
                    "geometric": 3517.0,
                    "harmonic": 3087.0,
                    "minimum": 1549.0,
                    "kernels": [
                        7161.0,
                        5260.0,
                        3088.0,
                        3259.0,
                        2459.0,
                        2715.0,
                        10153.0,
                        5862.0,
                        8357.0,
                        1895.0,
                        1549.0,
                        2248.0,
                        1639.0,
                        2143.0,
                        4532.0,
                        3105.0,
                        3376.0,
                        3690.0,
                        1952.0,
                        5916.0,
                        2692.0,
                        8510.0,
                        4081.0,
                        2319.0
                    ]
                },
                "workstation": {
                    "valid": 1,
                    "score": 6474.0,
                    "ratio": 7.225446428571429,
                    "maximum": 16051.0,
                    "average": 7331.0,
                    "geometric": 6474.0,
                    "harmonic": 5805.0,
                    "minimum": 3222.0,
                    "kernels": [
                        11158.0,
                        7643.0,
                        6678.0,
                        6386.0,
                        5685.0,
                        4568.0,
                        16051.0,
                        8344.0,
                        11991.0,
                        3548.0,
                        3556.0,
                        3583.0,
                        3222.0,
                        3769.0,
                        7356.0,
                        5270.0,
                        10398.0,
                        5428.0,
                        5415.0,
                        15611.0,
                        3916.0,
                        14718.0,
                        6689.0,
                        4954.0
                    ]
                }
            }
        },
        "optimized": {
            "score": 11092.197932052397,
            "detailed": {
                "single_core": {
                    "valid": 1,
                    "score": 3557.0,
                    "ratio": 0.0,
                    "maximum": 17316.0,
                    "average": 5073.0,
                    "geometric": 3557.0,
                    "harmonic": 2630.0,
                    "minimum": 1022.0,
                    "kernels": [
                        16961.0,
                        4797.0,
                        4417.0,
                        4336.0,
                        1124.0,
                        2187.0,
                        17316.0,
                        8026.0,
                        9112.0,
                        2087.0,
                        1822.0,
                        5050.0,
                        1207.0,
                        1856.0,
                        4953.0,
                        3248.0,
                        2344.0,
                        10099.0,
                        1022.0,
                        1561.0,
                        10743.0,
                        3121.0,
                        3065.0,
                        1293.0
                    ]
                },
                "multi_core": {
                    "valid": 1,
                    "score": 27351.0,
                    "ratio": 7.689344953612595,
                    "maximum": 104233.0,
                    "average": 34369.0,
                    "geometric": 27351.0,
                    "harmonic": 22272.0,
                    "minimum": 9256.0,
                    "kernels": [
                        96271.0,
                        31325.0,
                        36851.0,
                        32214.0,
                        12126.0,
                        20745.0,
                        104233.0,
                        47732.0,
                        54072.0,
                        15961.0,
                        16835.0,
                        35811.0,
                        9256.0,
                        14789.0,
                        34610.0,
                        22698.0,
                        24616.0,
                        59498.0,
                        11642.0,
                        17334.0,
                        63509.0,
                        21115.0,
                        31948.0,
                        9674.0
                    ]
                },
                "quad_core": {
                    "valid": 1,
                    "score": 14028.0,
                    "ratio": 3.9437728422828227,
                    "maximum": 68489.0,
                    "average": 20018.0,
                    "geometric": 14028.0,
                    "harmonic": 10378.0,