{
    "system_info": {
        "compiler_info": "cc (Debian 12.2.0-14) 12.2.0",
        "version_info": "3.3.0",
        "cpu_name": "Intel(R) Atom(TM) CPU N280   @ 1.66GHz",
        "cpu_core_count": 2,
        "System": "Intel_Atom_N280_1"
    },
    "timestamp": "06:31 22/11/2024",
    "comment": "32-bit Debian 12 / ASUS eeePC 1005HA Netbook",
    "full_result": {
        "non_optimized": {
            "score": 99.32685222141723,
            "detailed": {
                "single_core": {
                    "valid": 1,
                    "score": 69.2,
                    "ratio": 0.0,
                    "maximum": 150.0,
                    "average": 75.2,
                    "geometric": 69.2,
                    "harmonic": 63.5,
                    "minimum": 29.6,
                    "kernels": [
                        122.0,
                        98.7,
                        90.0,
                        89.6,
                        75.4,
                        62.6,
                        150.0,
                        94.7,
                        124.0,
                        42.5,
                        54.0,
                        54.3,
                        29.6,
                        33.6,
                        61.4,
                        57.3,
                        117.0,
                        66.3,
                        85.5,
                        84.0,
                        47.3,
                        46.6,
                        71.1,
                        48.1
                    ]
                },
                "multi_core": {
                    "valid": 1,
                    "score": 119.0,
                    "ratio": 1.7196531791907514,
                    "maximum": 263.0,
                    "average": 130.0,
                    "geometric": 119.0,
                    "harmonic": 109.0,
                    "minimum": 49.6,
                    "kernels": [
                        209.0,
                        166.0,
                        160.0,
                        154.0,
                        131.0,
                        105.0,
                        263.0,
                        159.0,
                        213.0,
                        71.9,
                        87.6,
                        85.5,
                        49.6,
                        58.6,
                        107.0,
                        100.0,
                        199.0,
                        120.0,
                        146.0,
                        154.0,
                        78.5,
                        82.6,
                        129.0,
                        86.6
                    ]
                },
                "quad_core": {
                    "valid": 1,
                    "score": 119.0,
                    "ratio": 1.7196531791907514,
                    "maximum": 263.0,
                    "average": 130.0,
                    "geometric": 119.0,
                    "harmonic": 109.0,
                    "minimum": 49.6,
                    "kernels": [
                        209.0,
                        166.0,
                        160.0,
                        154.0,
                        131.0,
                        105.0,
                        263.0,
                        159.0,
                        213.0,
                        71.9,
                        87.6,
                        85.5,
                        49.6,
                        58.6,
                        107.0,
                        100.0,
                        199.0,
                        120.0,
                        146.0,
                        154.0,
                        78.5,
                        82.6,
                        129.0,
                        86.6
                    ]
                },
                "workstation": {
                    "valid": 1,
                    "score": 119.0,
                    "ratio": 1.7196531791907514,
                    "maximum": 272.0,
                    "average": 130.0,
                    "geometric": 119.0,
                    "harmonic": 108.0,
                    "minimum": 47.2,
                    "kernels": [
                        213.0,
                        170.0,
                        158.0,
                        151.0,
                        127.0,
                        104.0,
                        272.0,
                        160.0,
                        207.0,
                        71.9,
                        88.0,
                        89.1,
                        47.2,
                        57.2,
                        110.0,
                        102.0,
                        198.0,
                        119.0,
                        147.0,
                        153.0,
                        73.1,
                        82.9,
                        127.0,
                        84.4
                    ]
                }
            }
        },
        "optimized": {
            "score": 267.6445871621079,
            "detailed": {
                "single_core": {
                    "valid": 1,
                    "score": 192.0,
                    "ratio": 0.0,
                    "maximum": 439.0,
                    "average": 218.0,
                    "geometric": 192.0,
                    "harmonic": 164.0,
                    "minimum": 52.9,
                    "kernels": [
                        288.0,
                        267.0,
                        439.0,
                        368.0,
                        245.0,
                        186.0,
                        282.0,
                        283.0,
                        431.0,
                        130.0,
                        197.0,
                        136.0,
                        74.0,
                        115.0,
                        121.0,
                        191.0,
                        227.0,
                        189.0,
                        298.0,
                        136.0,
                        202.0,
                        52.9,
                        279.0,
                        88.9
                    ]
                },
                "multi_core": {
                    "valid": 1,
                    "score": 316.0,
                    "ratio": 1.6458333333333333,
                    "maximum": 704.0,
                    "average": 358.0,
                    "geometric": 316.0,
                    "harmonic": 271.0,
                    "minimum": 93.7,
                    "kernels": [
                        518.0,
                        464.0,
                        704.0,
                        589.0,
                        412.0,
                        306.0,
                        481.0,
                        453.0,
                        618.0,
                        208.0,
                        263.0,
                        216.0,
                        109.0,
                        189.0,
                        207.0,
                        307.0,
                        369.0,
                        332.0,
                        535.0,
                        240.0,
                        357.0,
                        93.7,
                        482.0,
                        149.0
                    ]
                },
                "quad_core": {
                    "valid": 1,
                    "score": 316.0,
                    "ratio": 1.6458333333333333,
                    "maximum": 704.0,
                    "average": 358.0,
                    "geometric": 316.0,
                    "harmonic": 271.0,
                    "minimum": 93.7,