{
    "system_info": {
        "compiler_info": "cc (Debian 12.2.0-14) 12.2.0",
        "version_info": "3.3.0",
        "cpu_name": "AMD Ryzen 9 7950X 16-Core Processor",
        "cpu_core_count": 32,
        "System": "AMD_Ryzen_9_7950X_Linux_ECO_Mode_65W"
    },
    "timestamp": "02:30 13/01/2024",
    "comment": "Debian 12 / ECO-mode 65/88 watt TDP",
    "full_result": {
        "non_optimized": {
            "score": 5005.8463084578425,
            "detailed": {
                "single_core": {
                    "valid": 1,
                    "score": 1271.0,
                    "ratio": 0.0,
                    "maximum": 3663.0,
                    "average": 1502.0,
                    "geometric": 1271.0,
                    "harmonic": 1087.0,
                    "minimum": 464.0,
                    "kernels": [
                        2403.0,
                        2072.0,
                        887.0,
                        1080.0,
                        760.0,
                        801.0,
                        3391.0,
                        2332.0,
                        3099.0,
                        725.0,
                        464.0,
                        869.0,
                        525.0,
                        893.0,
                        1912.0,
                        1348.0,
                        1118.0,
                        1624.0,
                        617.0,
                        1743.0,
                        1156.0,
                        3663.0,
                        1650.0,
                        915.0
                    ]
                },
                "multi_core": {
                    "valid": 1,
                    "score": 19382.0,
                    "ratio": 15.249409913453974,
                    "maximum": 48506.0,
                    "average": 21785.0,
                    "geometric": 19382.0,
                    "harmonic": 17441.0,
                    "minimum": 9615.0,
                    "kernels": [
                        36065.0,
                        25050.0,
                        18999.0,
                        18527.0,
                        15921.0,
                        15203.0,
                        48506.0,
                        25500.0,
                        34347.0,
                        10140.0,
                        9931.0,
                        11148.0,
                        9615.0,
                        12783.0,
                        25044.0,
                        16160.0,
                        27051.0,
                        18415.0,
                        13089.0,
                        39021.0,
                        12996.0,
                        44536.0,
                        20403.0,
                        14393.0
                    ]
                },
                "quad_core": {
                    "valid": 1,
                    "score": 5092.0,
                    "ratio": 4.006294256490952,
                    "maximum": 16310.0,
                    "average": 6090.0,
                    "geometric": 5092.0,
                    "harmonic": 4344.0,
                    "minimum": 1808.0,
                    "kernels": [
                        11669.0,
                        8074.0,
                        3669.0,
                        4232.0,
                        3043.0,
                        3122.0,
                        16310.0,
                        9043.0,
                        12061.0,
                        2809.0,
                        1808.0,
                        3405.0,
                        2469.0,
                        3451.0,
                        7522.0,
                        5256.0,
                        4355.0,
                        6234.0,
                        2409.0,
                        6943.0,
                        4519.0,
                        13846.0,
                        6370.0,
                        3546.0
                    ]
                },
                "workstation": {
                    "valid": 1,
                    "score": 19434.0,
                    "ratio": 15.290322580645162,
                    "maximum": 49273.0,
                    "average": 21866.0,
                    "geometric": 19434.0,
                    "harmonic": 17475.0,
                    "minimum": 9590.0,
                    "kernels": [
                        35846.0,
                        24861.0,
                        18945.0,
                        18421.0,
                        15975.0,
                        14994.0,
                        49273.0,
                        25398.0,
                        34266.0,
                        10075.0,
                        9927.0,
                        11123.0,
                        9590.0,
                        12940.0,
                        24924.0,
                        16138.0,
                        27168.0,
                        18215.0,
                        13050.0,
                        39331.0,
                        12907.0,
                        45123.0,
                        21035.0,
                        15254.0
                    ]
                }
            }
        },
        "optimized": {
            "score": 23141.479289184594,
            "detailed": {
                "single_core": {
                    "valid": 1,
                    "score": 6053.0,
                    "ratio": 0.0,
                    "maximum": 27485.0,
                    "average": 8137.0,
                    "geometric": 6053.0,
                    "harmonic": 4744.0,
                    "minimum": 1831.0,
                    "kernels": [
                        25550.0,
                        6471.0,
                        6367.0,
                        6576.0,
                        2787.0,
                        3138.0,
                        27485.0,
                        13927.0,
                        13677.0,
                        7085.0,
                        3035.0,
                        8475.0,
                        2922.0,
                        3639.0,
                        6642.0,
                        6044.0,
                        4679.0,
                        15067.0,
                        1831.0,
                        2121.0,
                        16214.0,
                        4571.0,
                        4210.0,
                        2779.0
                    ]
                },
                "multi_core": {
                    "valid": 1,
                    "score": 85540.0,
                    "ratio": 14.131835453494135,
                    "maximum": 288307.0,
                    "average": 101434.0,
                    "geometric": 85540.0,
                    "harmonic": 74264.0,
                    "minimum": 34055.0,
                    "kernels": [
                        265378.0,
                        77747.0,
                        103678.0,
                        87403.0,
                        49359.0,
                        53106.0,
                        288307.0,
                        139313.0,
                        138656.0,
                        66140.0,
                        48918.0,
                        105138.0,
                        34055.0,
                        48059.0,
                        103776.0,
                        71717.0,
                        94194.0,
                        171438.0,
                        43318.0,
                        50259.0,
                        183521.0,
                        66743.0,
                        91140.0,
                        53061.0
                    ]
                },
                "quad_core": {
                    "valid": 1,
                    "score": 23935.0,
                    "ratio": 3.954237568148026,
                    "maximum": 107737.0,