{
    "system_info": {
        "compiler_info": "cc (Debian 12.2.0-14) 12.2.0",
        "version_info": "3.3.0",
        "cpu_name": "AMD Ryzen Threadripper 3990X 64-Core Processor",
        "cpu_core_count": 128,
        "System": "AMD_Threadripper_3990X_Linux"
    },
    "timestamp": "16:25 18/12/2023",
    "comment": "Debian 12",
    "full_result": {
        "non_optimized": {
            "score": 5684.9483960974,
            "detailed": {
                "single_core": {
                    "valid": 1,
                    "score": 904.0,
                    "ratio": 0.0,
                    "maximum": 2636.0,
                    "average": 1052.0,
                    "geometric": 904.0,
                    "harmonic": 791.0,
                    "minimum": 377.0,
                    "kernels": [
                        1857.0,
                        1367.0,
                        796.0,
                        840.0,
                        614.0,
                        699.0,
                        2636.0,
                        1492.0,
                        2159.0,
                        492.0,
                        377.0,
                        584.0,
                        409.0,
                        564.0,
                        1169.0,
                        801.0,
                        877.0,
                        937.0,
                        501.0,
                        1480.0,
                        690.0,
                        2200.0,
                        1077.0,
                        619.0
                    ]
                },
                "multi_core": {
                    "valid": 1,
                    "score": 55943.0,
                    "ratio": 61.883849557522126,
                    "maximum": 139500.0,
                    "average": 63247.0,
                    "geometric": 55943.0,
                    "harmonic": 50196.0,
                    "minimum": 26724.0,
                    "kernels": [
                        95236.0,
                        65928.0,
                        58614.0,
                        55221.0,
                        49224.0,
                        39731.0,
                        139500.0,
                        69760.0,
                        97861.0,
                        29597.0,
                        32110.0,
                        32156.0,
                        26724.0,
                        32227.0,
                        63583.0,
                        45676.0,
                        89068.0,
                        46759.0,
                        46797.0,
                        136792.0,
                        33669.0,
                        127045.0,
                        60258.0,
                        44400.0
                    ]
                },
                "quad_core": {
                    "valid": 1,
                    "score": 3633.0,
                    "ratio": 4.018805309734513,
                    "maximum": 10425.0,
                    "average": 4210.0,
                    "geometric": 3633.0,
                    "harmonic": 3192.0,
                    "minimum": 1601.0,
                    "kernels": [
                        7408.0,
                        5452.0,
                        3183.0,
                        3360.0,
                        2539.0,
                        2818.0,
                        10425.0,
                        6066.0,
                        8624.0,
                        1951.0,
                        1601.0,
                        2328.0,
                        1702.0,
                        2209.0,
                        4696.0,
                        3229.0,
                        3481.0,
                        3741.0,
                        2021.0,
                        5937.0,
                        2776.0,
                        8755.0,
                        4315.0,
                        2435.0
                    ]
                },
                "workstation": {
                    "valid": 1,
                    "score": 54489.0,
                    "ratio": 60.275442477876105,
                    "maximum": 137449.0,
                    "average": 61666.0,
                    "geometric": 54489.0,
                    "harmonic": 48862.0,
                    "minimum": 26534.0,
                    "kernels": [
                        94344.0,
                        64844.0,
                        57441.0,
                        54659.0,
                        48515.0,
                        38809.0,
                        137449.0,
                        69251.0,
                        99034.0,
                        29488.0,
                        31052.0,
                        30926.0,
                        26534.0,
                        31925.0,
                        62626.0,
                        45205.0,
                        86831.0,
                        46767.0,
                        45797.0,
                        133919.0,
                        32007.0,
                        118553.0,
                        55014.0,
                        38983.0
                    ]
                }
            }
        },
        "optimized": {
            "score": 24614.606615840166,
            "detailed": {
                "single_core": {
                    "valid": 1,
                    "score": 3981.0,
                    "ratio": 0.0,
                    "maximum": 18243.0,
                    "average": 5453.0,
                    "geometric": 3981.0,
                    "harmonic": 3040.0,
                    "minimum": 1273.0,
                    "kernels": [
                        17415.0,
                        4939.0,
                        4510.0,
                        4452.0,
                        1831.0,
                        2238.0,
                        18243.0,
                        8884.0,
                        9384.0,
                        4380.0,
                        1869.0,
                        5180.0,
                        1338.0,
                        1924.0,
                        5081.0,
                        3647.0,
                        3348.0,
                        10343.0,
                        1371.0,
                        1660.0,
                        11152.0,
                        3284.0,
                        3135.0,
                        1273.0
                    ]
                },
                "multi_core": {
                    "valid": 1,
                    "score": 237249.0,
                    "ratio": 59.59532780708365,
                    "maximum": 842637.0,
                    "average": 287857.0,
                    "geometric": 237249.0,
                    "harmonic": 198088.0,
                    "minimum": 75879.0,
                    "kernels": [
                        735798.0,
                        237625.0,
                        300798.0,
                        256313.0,
                        147808.0,
                        159936.0,
                        842637.0,
                        380923.0,
                        417167.0,
                        196813.0,
                        133813.0,
                        269500.0,
                        78172.0,
                        127173.0,
                        308359.0,
                        192808.0,
                        279106.0,
                        505847.0,
                        134175.0,
                        162203.0,
                        527975.0,
                        174079.0,
                        263656.0,
                        75879.0
                    ]
                },
                "quad_core": {
                    "valid": 1,
                    "score": 15790.0,
                    "ratio": 3.966340115548857,
                    "maximum": 72877.0,