{
    "system_info": {
        "compiler_info": "cc (Debian 12.2.0-14) 12.2.0",
        "version_info": "3.3.0",
        "cpu_name": "AMD Ryzen 5 PRO 5650U with Radeon Graphics",
        "cpu_core_count": 12,
        "System": "AMD_Ryzen_5_5650U_Linux"
    },
    "timestamp": "23:26 07/11/2024",
    "comment": "Debian 12",
    "full_result": {
        "non_optimized": {
            "score": 2355.882987723155,
            "detailed": {
                "single_core": {
                    "valid": 1,
                    "score": 880.0,
                    "ratio": 0.0,
                    "maximum": 2870.0,
                    "average": 1049.0,
                    "geometric": 880.0,
                    "harmonic": 751.0,
                    "minimum": 311.0,
                    "kernels": [
                        2074.0,
                        1008.0,
                        704.0,
                        737.0,
                        565.0,
                        600.0,
                        2870.0,
                        1566.0,
                        1981.0,
                        482.0,
                        344.0,
                        686.0,
                        311.0,
                        499.0,
                        1293.0,
                        889.0,
                        884.0,
                        1019.0,
                        459.0,
                        1349.0,
                        713.0,
                        2337.0,
                        1117.0,
                        681.0
                    ]
                },
                "multi_core": {
                    "valid": 1,
                    "score": 5030.0,
                    "ratio": 5.715909090909091,
                    "maximum": 13003.0,
                    "average": 5705.0,
                    "geometric": 5030.0,
                    "harmonic": 4483.0,
                    "minimum": 2096.0,
                    "kernels": [
                        9320.0,
                        5564.0,
                        5258.0,
                        4796.0,
                        4526.0,
                        3654.0,
                        13003.0,
                        6959.0,
                        9421.0,
                        2739.0,
                        2693.0,
                        3095.0,
                        2096.0,
                        2903.0,
                        5981.0,
                        4151.0,
                        7386.0,
                        4771.0,
                        3730.0,
                        10403.0,
                        3093.0,
                        11894.0,
                        5736.0,
                        3752.0
                    ]
                },
                "quad_core": {
                    "valid": 1,
                    "score": 2954.0,
                    "ratio": 3.356818181818182,
                    "maximum": 9464.0,
                    "average": 3496.0,
                    "geometric": 2954.0,
                    "harmonic": 2533.0,
                    "minimum": 1040.0,
                    "kernels": [
                        6656.0,
                        3323.0,
                        2391.0,
                        2509.0,
                        1980.0,
                        2007.0,
                        9464.0,
                        5116.0,
                        6642.0,
                        1626.0,
                        1198.0,
                        2274.0,
                        1040.0,
                        1665.0,
                        4323.0,
                        2943.0,
                        3056.0,
                        3515.0,
                        1590.0,
                        4707.0,
                        2310.0,
                        7610.0,
                        3699.0,
                        2257.0
                    ]
                },
                "workstation": {
                    "valid": 1,
                    "score": 5022.0,
                    "ratio": 5.706818181818182,
                    "maximum": 13003.0,
                    "average": 5693.0,
                    "geometric": 5022.0,
                    "harmonic": 4479.0,
                    "minimum": 2115.0,
                    "kernels": [
                        9300.0,
                        5542.0,
                        5266.0,
                        4780.0,
                        4476.0,
                        3639.0,
                        13003.0,
                        6922.0,
                        9397.0,
                        2741.0,
                        2691.0,
                        3036.0,
                        2115.0,
                        2901.0,
                        5962.0,
                        4150.0,
                        7428.0,
                        4771.0,
                        3728.0,
                        10431.0,
                        3099.0,
                        11758.0,
                        5654.0,
                        3844.0
                    ]
                }
            }
        },
        "optimized": {
            "score": 11402.762001720985,
            "detailed": {
                "single_core": {
                    "valid": 1,
                    "score": 4322.0,
                    "ratio": 0.0,
                    "maximum": 18987.0,
                    "average": 5767.0,
                    "geometric": 4322.0,
                    "harmonic": 3380.0,
                    "minimum": 1409.0,
                    "kernels": [
                        16629.0,
                        4743.0,
                        4516.0,
                        4406.0,
                        1922.0,
                        2269.0,
                        18987.0,
                        9842.0,
                        9769.0,
                        5195.0,
                        2246.0,
                        6329.0,
                        1512.0,
                        2678.0,
                        4971.0,
                        4252.0,
                        3440.0,
                        11160.0,
                        1409.0,
                        1680.0,
                        11891.0,
                        3489.0,
                        3180.0,
                        1903.0
                    ]
                },
                "multi_core": {
                    "valid": 1,
                    "score": 23387.0,
                    "ratio": 5.411152244331328,
                    "maximum": 85104.0,
                    "average": 27972.0,
                    "geometric": 23387.0,
                    "harmonic": 20139.0,
                    "minimum": 8981.0,
                    "kernels": [
                        66577.0,
                        22071.0,
                        26870.0,
                        24066.0,
                        13146.0,
                        16328.0,
                        85104.0,
                        39714.0,
                        40481.0,
                        21150.0,
                        13062.0,
                        26876.0,
                        8981.0,
                        13970.0,
                        26222.0,
                        19517.0,
                        25164.0,
                        51138.0,
                        12300.0,
                        14420.0,
                        51588.0,
                        17054.0,
                        24629.0,
                        10898.0
                    ]
                },
                "quad_core": {
                    "valid": 1,
                    "score": 14668.0,
                    "ratio": 3.3937991670522907,
                    "maximum": 63662.0,
                    "average": 19489.0,
                    "geometric": 14668.0,
                    "harmonic": 11514.0,