{
    "system_info": {
        "compiler_info": "cc (Debian 12.2.0-14) 12.2.0",
        "version_info": "3.3.0",
        "cpu_name": "Intel(R) Xeon(R) CPU E5-1650 v3 @ 3.50GHz",
        "cpu_core_count": 12,
        "System": "Intel_Xeon_E5_1650v3_Linux"
    },
    "timestamp": "03:51 13/01/2024",
    "comment": "Debian 12",
    "full_result": {
        "non_optimized": {
            "score": 2194.237320622864,
            "detailed": {
                "single_core": {
                    "valid": 1,
                    "score": 740.0,
                    "ratio": 0.0,
                    "maximum": 1787.0,
                    "average": 827.0,
                    "geometric": 740.0,
                    "harmonic": 666.0,
                    "minimum": 355.0,
                    "kernels": [
                        1486.0,
                        1027.0,
                        812.0,
                        756.0,
                        543.0,
                        632.0,
                        1787.0,
                        1102.0,
                        1485.0,
                        437.0,
                        393.0,
                        426.0,
                        355.0,
                        512.0,
                        895.0,
                        638.0,
                        1025.0,
                        702.0,
                        488.0,
                        1293.0,
                        482.0,
                        1324.0,
                        813.0,
                        426.0
                    ]
                },
                "multi_core": {
                    "valid": 1,
                    "score": 5004.0,
                    "ratio": 6.762162162162162,
                    "maximum": 10319.0,
                    "average": 5504.0,
                    "geometric": 5004.0,
                    "harmonic": 4565.0,
                    "minimum": 2400.0,
                    "kernels": [
                        8445.0,
                        6240.0,
                        5375.0,
                        5141.0,
                        4720.0,
                        3865.0,
                        10319.0,
                        6463.0,
                        8570.0,
                        2705.0,
                        3101.0,
                        3039.0,
                        2400.0,
                        3227.0,
                        5719.0,
                        4212.0,
                        8624.0,
                        4274.0,
                        4456.0,
                        9970.0,
                        2894.0,
                        9400.0,
                        5511.0,
                        3432.0
                    ]
                },
                "quad_core": {
                    "valid": 1,
                    "score": 2853.0,
                    "ratio": 3.8554054054054054,
                    "maximum": 6868.0,
                    "average": 3189.0,
                    "geometric": 2853.0,
                    "harmonic": 2568.0,
                    "minimum": 1333.0,
                    "kernels": [
                        5757.0,
                        3965.0,
                        3163.0,
                        3034.0,
                        2111.0,
                        2432.0,
                        6868.0,
                        4212.0,
                        5745.0,
                        1694.0,
                        1540.0,
                        1642.0,
                        1333.0,
                        1931.0,
                        3438.0,
                        2474.0,
                        4007.0,
                        2685.0,
                        1876.0,
                        4923.0,
                        1845.0,
                        5081.0,
                        3121.0,
                        1662.0
                    ]
                },
                "workstation": {
                    "valid": 1,
                    "score": 5003.0,
                    "ratio": 6.760810810810811,
                    "maximum": 10322.0,
                    "average": 5502.0,
                    "geometric": 5003.0,
                    "harmonic": 4565.0,
                    "minimum": 2393.0,
                    "kernels": [
                        8444.0,
                        6241.0,
                        5432.0,
                        5133.0,
                        4753.0,
                        3856.0,
                        10322.0,
                        6416.0,
                        8576.0,
                        2720.0,
                        3080.0,
                        3053.0,
                        2393.0,
                        3246.0,
                        5736.0,
                        4191.0,
                        8615.0,
                        4260.0,
                        4463.0,
                        9960.0,
                        2893.0,
                        9391.0,
                        5413.0,
                        3451.0
                    ]
                }
            }
        },
        "optimized": {
            "score": 8376.779904403289,
            "detailed": {
                "single_core": {
                    "valid": 1,
                    "score": 2734.0,
                    "ratio": 0.0,
                    "maximum": 12375.0,
                    "average": 3594.0,
                    "geometric": 2734.0,
                    "harmonic": 2205.0,
                    "minimum": 1009.0,
                    "kernels": [
                        10379.0,
                        3514.0,
                        2338.0,
                        3069.0,
                        1191.0,
                        1937.0,
                        12375.0,
                        5499.0,
                        6714.0,
                        2939.0,
                        1463.0,
                        3390.0,
                        1198.0,
                        1592.0,
                        2213.0,
                        2622.0,
                        2432.0,
                        5769.0,
                        1020.0,
                        1009.0,
                        8143.0,
                        1696.0,
                        2236.0,
                        1530.0
                    ]
                },
                "multi_core": {
                    "valid": 1,
                    "score": 20515.0,
                    "ratio": 7.503657644476957,
                    "maximum": 72914.0,
                    "average": 24628.0,
                    "geometric": 20515.0,
                    "harmonic": 17636.0,
                    "minimum": 8251.0,
                    "kernels": [
                        61864.0,
                        22822.0,
                        27884.0,
                        23258.0,
                        11535.0,
                        16000.0,
                        72914.0,
                        32374.0,
                        38542.0,
                        16238.0,
                        12454.0,
                        22071.0,
                        8251.0,
                        10159.0,
                        16033.0,
                        17269.0,
                        24121.0,
                        40477.0,
                        11814.0,
                        10986.0,
                        47375.0,
                        12870.0,
                        22711.0,
                        11051.0
                    ]
                },
                "quad_core": {
                    "valid": 1,
                    "score": 10480.0,
                    "ratio": 3.833211411850768,
                    "maximum": 46199.0,
                    "average": 13717.0,
                    "geometric": 10480.0,
                    "harmonic": 8482.0,