{
    "system_info": {
        "compiler_info": "Apple clang version 12.0.5 (clang-1205.0.22.11)",
        "version_info": "3.3.0",
        "cpu_name": "Apple M1",
        "cpu_core_count": 8,
        "System": "Apple_M1_Macbook_Air_M1_MacOS"
    },
    "timestamp": "17:51 4/1/2024",
    "comment": "Apple M1 / Macbook Air M1 / Year 2020",
    "full_result": {
        "non_optimized": {
            "score": 2752.9782331738847,
            "detailed": {
                "single_core": {
                    "valid": 1,
                    "score": 1053.0,
                    "ratio": 0.0,
                    "maximum": 4156.0,
                    "average": 1366.0,
                    "geometric": 1053.0,
                    "harmonic": 830.0,
                    "minimum": 294.0,
                    "kernels": [
                        2212.0,
                        1623.0,
                        602.0,
                        594.0,
                        471.0,
                        529.0,
                        3032.0,
                        2053.0,
                        2996.0,
                        644.0,
                        294.0,
                        765.0,
                        529.0,
                        727.0,
                        2588.0,
                        1022.0,
                        854.0,
                        1922.0,
                        370.0,
                        1973.0,
                        1135.0,
                        4156.0,
                        978.0,
                        706.0
                    ]
                },
                "multi_core": {
                    "valid": 1,
                    "score": 5078.0,
                    "ratio": 4.822412155745489,
                    "maximum": 16532.0,
                    "average": 6158.0,
                    "geometric": 5078.0,
                    "harmonic": 4271.0,
                    "minimum": 1804.0,
                    "kernels": [
                        9796.0,
                        7349.0,
                        3680.0,
                        3541.0,
                        2830.0,
                        3097.0,
                        13425.0,
                        8885.0,
                        12653.0,
                        3013.0,
                        1804.0,
                        3418.0,
                        2388.0,
                        3213.0,
                        10178.0,
                        4355.0,
                        4765.0,
                        8314.0,
                        2229.0,
                        8848.0,
                        4821.0,
                        16532.0,
                        5330.0,
                        3327.0
                    ]
                },
                "quad_core": {
                    "valid": 1,
                    "score": 3902.0,
                    "ratio": 3.7056030389363723,
                    "maximum": 14661.0,
                    "average": 5033.0,
                    "geometric": 3902.0,
                    "harmonic": 3087.0,
                    "minimum": 1100.0,
                    "kernels": [
                        8231.0,
                        6049.0,
                        2237.0,
                        2221.0,
                        1759.0,
                        1976.0,
                        11295.0,
                        7613.0,
                        11024.0,
                        2405.0,
                        1100.0,
                        2844.0,
                        1972.0,
                        2716.0,
                        9507.0,
                        3771.0,
                        3197.0,
                        7095.0,
                        1382.0,
                        7368.0,
                        4144.0,
                        14661.0,
                        3644.0,
                        2583.0
                    ]
                },
                "workstation": {
                    "valid": 1,
                    "score": 4503.0,
                    "ratio": 4.2763532763532766,
                    "maximum": 13407.0,
                    "average": 5380.0,
                    "geometric": 4503.0,
                    "harmonic": 3834.0,
                    "minimum": 1665.0,
                    "kernels": [
                        8546.0,
                        6485.0,
                        3395.0,
                        3301.0,
                        2632.0,
                        2833.0,
                        11657.0,
                        7625.0,
                        10934.0,
                        2706.0,
                        1665.0,
                        3067.0,
                        2132.0,
                        2822.0,
                        8778.0,
                        3780.0,
                        4373.0,
                        7399.0,
                        2090.0,
                        7849.0,
                        4134.0,
                        13407.0,
                        4655.0,
                        2845.0
                    ]
                }
            }
        },
        "optimized": {
            "score": 9486.772272792721,
            "detailed": {
                "single_core": {
                    "valid": 1,
                    "score": 4052.0,
                    "ratio": 0.0,
                    "maximum": 11769.0,
                    "average": 5056.0,
                    "geometric": 4052.0,
                    "harmonic": 3156.0,
                    "minimum": 856.0,
                    "kernels": [
                        8218.0,
                        5608.0,
                        3595.0,
                        4976.0,
                        1789.0,
                        1491.0,
                        11769.0,
                        11053.0,
                        9439.0,
                        5875.0,
                        1974.0,
                        6304.0,
                        2001.0,
                        2780.0,
                        8577.0,
                        4529.0,
                        2194.0,
                        9732.0,
                        856.0,
                        3313.0,
                        4956.0,
                        5747.0,
                        2348.0,
                        2218.0
                    ]
                },
                "multi_core": {
                    "valid": 1,
                    "score": 16653.0,
                    "ratio": 4.109822309970385,
                    "maximum": 42193.0,
                    "average": 19887.0,
                    "geometric": 16653.0,
                    "harmonic": 13748.0,
                    "minimum": 4790.0,
                    "kernels": [
                        31955.0,
                        20748.0,
                        14918.0,
                        19371.0,
                        7595.0,
                        6910.0,
                        42193.0,
                        40715.0,
                        32912.0,
                        21151.0,
                        7857.0,
                        24875.0,
                        7532.0,
                        10711.0,
                        34101.0,
                        17630.0,
                        11783.0,
                        39917.0,
                        4790.0,
                        17134.0,
                        20157.0,
                        21252.0,
                        11637.0,
                        9433.0
                    ]
                },
                "quad_core": {
                    "valid": 1,
                    "score": 12653.0,
                    "ratio": 3.122655478775913,
                    "maximum": 35875.0,
                    "average": 15583.0,
                    "geometric": 12653.0,