{
    "system_info": {
        "compiler_info": "cc (Debian 12.2.0-14) 12.2.0",
        "version_info": "3.3.0",
        "cpu_name": "Intel(R) Core(TM) i3-4150 CPU @ 3.50GHz",
        "cpu_core_count": 4,
        "System": "Intel_Core_i3_4150_Linux"
    },
    "timestamp": "23:05 14/05/2024",
    "comment": "Debian 12",
    "full_result": {
        "non_optimized": {
            "score": 1208.3452683318435,
            "detailed": {
                "single_core": {
                    "valid": 1,
                    "score": 697.0,
                    "ratio": 0.0,
                    "maximum": 1675.0,
                    "average": 779.0,
                    "geometric": 697.0,
                    "harmonic": 627.0,
                    "minimum": 333.0,
                    "kernels": [
                        1393.0,
                        930.0,
                        764.0,
                        707.0,
                        512.0,
                        587.0,
                        1675.0,
                        1049.0,
                        1398.0,
                        422.0,
                        366.0,
                        396.0,
                        333.0,
                        482.0,
                        876.0,
                        605.0,
                        980.0,
                        695.0,
                        458.0,
                        1207.0,
                        459.0,
                        1245.0,
                        777.0,
                        387.0
                    ]
                },
                "multi_core": {
                    "valid": 1,
                    "score": 1591.0,
                    "ratio": 2.2826398852223817,
                    "maximum": 3490.0,
                    "average": 1758.0,
                    "geometric": 1591.0,
                    "harmonic": 1446.0,
                    "minimum": 762.0,
                    "kernels": [
                        2789.0,
                        1971.0,
                        1752.0,
                        1639.0,
                        1524.0,
                        1232.0,
                        3490.0,
                        2103.0,
                        2799.0,
                        892.0,
                        953.0,
                        946.0,
                        762.0,
                        1036.0,
                        1883.0,
                        1336.0,
                        2683.0,
                        1389.0,
                        1404.0,
                        3239.0,
                        935.0,
                        2853.0,
                        1616.0,
                        970.0
                    ]
                },
                "quad_core": {
                    "valid": 1,
                    "score": 1591.0,
                    "ratio": 2.2826398852223817,
                    "maximum": 3490.0,
                    "average": 1758.0,
                    "geometric": 1591.0,
                    "harmonic": 1446.0,
                    "minimum": 762.0,
                    "kernels": [
                        2789.0,
                        1971.0,
                        1752.0,
                        1639.0,
                        1524.0,
                        1232.0,
                        3490.0,
                        2103.0,
                        2799.0,
                        892.0,
                        953.0,
                        946.0,
                        762.0,
                        1036.0,
                        1883.0,
                        1336.0,
                        2683.0,
                        1389.0,
                        1404.0,
                        3239.0,
                        935.0,
                        2853.0,
                        1616.0,
                        970.0
                    ]
                },
                "workstation": {
                    "valid": 1,
                    "score": 1609.0,
                    "ratio": 2.308464849354376,
                    "maximum": 3468.0,
                    "average": 1776.0,
                    "geometric": 1609.0,
                    "harmonic": 1464.0,
                    "minimum": 771.0,
                    "kernels": [
                        2779.0,
                        1972.0,
                        1752.0,
                        1635.0,
                        1521.0,
                        1239.0,
                        3468.0,
                        2115.0,
                        2797.0,
                        886.0,
                        979.0,
                        961.0,
                        771.0,
                        1041.0,
                        1875.0,
                        1362.0,
                        2734.0,
                        1395.0,
                        1409.0,
                        3240.0,
                        931.0,
                        2922.0,
                        1813.0,
                        1025.0
                    ]
                }
            }
        },
        "optimized": {
            "score": 4882.510713731293,
            "detailed": {
                "single_core": {
                    "valid": 1,
                    "score": 2589.0,
                    "ratio": 0.0,
                    "maximum": 12163.0,
                    "average": 3412.0,
                    "geometric": 2589.0,
                    "harmonic": 2087.0,
                    "minimum": 943.0,
                    "kernels": [
                        9786.0,
                        3282.0,
                        2215.0,
                        2869.0,
                        1127.0,
                        1817.0,
                        12163.0,
                        5097.0,
                        6371.0,
                        2757.0,
                        1385.0,
                        3079.0,
                        1198.0,
                        1469.0,
                        2079.0,
                        2834.0,
                        2282.0,
                        5351.0,
                        955.0,
                        943.0,
                        7701.0,
                        1625.0,
                        2085.0,
                        1423.0
                    ]
                },
                "multi_core": {
                    "valid": 1,
                    "score": 6705.0,
                    "ratio": 2.589803012746234,
                    "maximum": 23846.0,
                    "average": 8014.0,
                    "geometric": 6705.0,
                    "harmonic": 5790.0,
                    "minimum": 2774.0,
                    "kernels": [
                        20125.0,
                        7416.0,
                        9089.0,
                        7413.0,
                        3741.0,
                        5197.0,
                        23846.0,
                        10444.0,
                        12665.0,
                        5311.0,
                        4411.0,
                        7162.0,
                        2774.0,
                        3308.0,
                        5472.0,
                        5948.0,
                        7856.0,
                        12464.0,
                        3836.0,
                        3583.0,
                        15408.0,
                        4105.0,
                        7142.0,
                        3630.0
                    ]
                },
                "quad_core": {
                    "valid": 1,
                    "score": 6705.0,
                    "ratio": 2.589803012746234,
                    "maximum": 23846.0,
                    "average": 8014.0,
                    "geometric": 6705.0,
                    "harmonic": 5790.0,
                    "minimum": 2774.0,