{
    "system_info": {
        "compiler_info": "Apple clang version 15.0.0 (clang-1500.3.9.4)",
        "version_info": "3.3.0",
        "cpu_name": "Apple A9 / S8000-64bit",
        "cpu_core_count": 2,
        "System": "Apple_A9_iPhone_6SE_2016"
    },
    "timestamp": "18:44 26/11/2024",
    "comment": "Apple A9 / iPhone 6SE / Year 2016",
    "full_result": {
        "non_optimized": {
            "score": 481.0918432338222,
            "detailed": {
                "single_core": {
                    "valid": 1,
                    "score": 331.0,
                    "ratio": 0.0,
                    "maximum": 843.0,
                    "average": 378.0,
                    "geometric": 331.0,
                    "harmonic": 291.0,
                    "minimum": 145.0,
                    "kernels": [
                        588.0,
                        449.0,
                        274.0,
                        253.0,
                        219.0,
                        226.0,
                        843.0,
                        587.0,
                        737.0,
                        180.0,
                        145.0,
                        201.0,
                        147.0,
                        216.0,
                        583.0,
                        275.0,
                        431.0,
                        528.0,
                        210.0,
                        450.0,
                        288.0,
                        521.0,
                        513.0,
                        206.0
                    ]
                },
                "multi_core": {
                    "valid": 1,
                    "score": 580.0,
                    "ratio": 1.7522658610271904,
                    "maximum": 1454.0,
                    "average": 660.0,
                    "geometric": 580.0,
                    "harmonic": 511.0,
                    "minimum": 257.0,
                    "kernels": [
                        1070.0,
                        810.0,
                        495.0,
                        449.0,
                        385.0,
                        407.0,
                        1454.0,
                        1018.0,
                        1278.0,
                        311.0,
                        257.0,
                        353.0,
                        258.0,
                        377.0,
                        1006.0,
                        482.0,
                        760.0,
                        883.0,
                        367.0,
                        782.0,
                        501.0,
                        902.0,
                        887.0,
                        352.0
                    ]
                },
                "quad_core": {
                    "valid": 1,
                    "score": 580.0,
                    "ratio": 1.7522658610271904,
                    "maximum": 1454.0,
                    "average": 660.0,
                    "geometric": 580.0,
                    "harmonic": 511.0,
                    "minimum": 257.0,
                    "kernels": [
                        1070.0,
                        810.0,
                        495.0,
                        449.0,
                        385.0,
                        407.0,
                        1454.0,
                        1018.0,
                        1278.0,
                        311.0,
                        257.0,
                        353.0,
                        258.0,
                        377.0,
                        1006.0,
                        482.0,
                        760.0,
                        883.0,
                        367.0,
                        782.0,
                        501.0,
                        902.0,
                        887.0,
                        352.0
                    ]
                },
                "workstation": {
                    "valid": 1,
                    "score": 562.0,
                    "ratio": 1.6978851963746224,
                    "maximum": 1408.0,
                    "average": 639.0,
                    "geometric": 562.0,
                    "harmonic": 495.0,
                    "minimum": 253.0,
                    "kernels": [
                        972.0,
                        745.0,
                        459.0,
                        433.0,
                        368.0,
                        393.0,
                        1408.0,
                        980.0,
                        1226.0,
                        300.0,
                        254.0,
                        337.0,
                        253.0,
                        371.0,
                        977.0,
                        473.0,
                        723.0,
                        900.0,
                        348.0,
                        790.0,
                        514.0,
                        896.0,
                        887.0,
                        341.0
                    ]
                }
            }
        },
        "optimized": {
            "score": 2076.2947495726376,
            "detailed": {
                "single_core": {
                    "valid": 1,
                    "score": 1431.0,
                    "ratio": 0.0,
                    "maximum": 5063.0,
                    "average": 1759.0,
                    "geometric": 1431.0,
                    "harmonic": 1182.0,
                    "minimum": 444.0,
                    "kernels": [
                        2840.0,
                        1059.0,
                        1146.0,
                        1560.0,
                        585.0,
                        637.0,
                        5063.0,
                        4145.0,
                        3960.0,
                        1444.0,
                        737.0,
                        1685.0,
                        770.0,
                        939.0,
                        2323.0,
                        1508.0,
                        1319.0,
                        3034.0,
                        444.0,
                        1856.0,
                        1623.0,
                        1318.0,
                        1577.0,
                        648.0
                    ]
                },
                "multi_core": {
                    "valid": 1,
                    "score": 2501.0,
                    "ratio": 1.7477288609364081,
                    "maximum": 8423.0,
                    "average": 3050.0,
                    "geometric": 2501.0,
                    "harmonic": 2071.0,
                    "minimum": 742.0,
                    "kernels": [
                        5025.0,
                        1980.0,
                        2037.0,
                        2690.0,
                        1072.0,
                        1176.0,
                        8423.0,
                        6982.0,
                        6791.0,
                        2495.0,
                        1289.0,
                        3097.0,
                        1326.0,
                        1683.0,
                        4294.0,
                        2740.0,
                        2204.0,
                        5237.0,
                        742.0,
                        3080.0,
                        2744.0,
                        2278.0,
                        2684.0,
                        1126.0
                    ]
                },
                "quad_core": {
                    "valid": 1,
                    "score": 2501.0,
                    "ratio": 1.7477288609364081,
                    "maximum": 8423.0,
                    "average": 3050.0,
                    "geometric": 2501.0,
                    "harmonic": 2071.0,
                    "minimum": 742.0,