{
    "system_info": {
        "compiler_info": "Apple clang version 15.0.0 (clang-1500.3.9.4)",
        "version_info": "3.3.0",
        "cpu_name": "Apple M1 / T8103-64bit",
        "cpu_core_count": 8,
        "System": "Apple_M1_iPad_Pro_2021"
    },
    "timestamp": "22:06 23/05/2024",
    "comment": "Apple M1 / Apple iPad Pro 12.9\" / Year 2021",
    "full_result": {
        "non_optimized": {
            "score": 2504.806238852633,
            "detailed": {
                "single_core": {
                    "valid": 1,
                    "score": 1049.0,
                    "ratio": 0.0,
                    "maximum": 3913.0,
                    "average": 1340.0,
                    "geometric": 1049.0,
                    "harmonic": 840.0,
                    "minimum": 294.0,
                    "kernels": [
                        2201.0,
                        1543.0,
                        595.0,
                        645.0,
                        469.0,
                        545.0,
                        3026.0,
                        2038.0,
                        2979.0,
                        641.0,
                        294.0,
                        738.0,
                        518.0,
                        775.0,
                        2608.0,
                        989.0,
                        963.0,
                        1897.0,
                        437.0,
                        1417.0,
                        1076.0,
                        3913.0,
                        1219.0,
                        622.0
                    ]
                },
                "multi_core": {
                    "valid": 1,
                    "score": 4431.0,
                    "ratio": 4.224022878932317,
                    "maximum": 15007.0,
                    "average": 5309.0,
                    "geometric": 4431.0,
                    "harmonic": 3767.0,
                    "minimum": 1577.0,
                    "kernels": [
                        7601.0,
                        5749.0,
                        3125.0,
                        3210.0,
                        2514.0,
                        2495.0,
                        11194.0,
                        8286.0,
                        10073.0,
                        2640.0,
                        1577.0,
                        2701.0,
                        2091.0,
                        3110.0,
                        8630.0,
                        3792.0,
                        4576.0,
                        7366.0,
                        2352.0,
                        6584.0,
                        4343.0,
                        15007.0,
                        5606.0,
                        2796.0
                    ]
                },
                "quad_core": {
                    "valid": 1,
                    "score": 3381.0,
                    "ratio": 3.223069590085796,
                    "maximum": 11059.0,
                    "average": 4209.0,
                    "geometric": 3381.0,
                    "harmonic": 2768.0,
                    "minimum": 1004.0,
                    "kernels": [
                        7162.0,
                        5117.0,
                        2087.0,
                        2308.0,
                        1683.0,
                        1922.0,
                        9866.0,
                        6382.0,
                        9103.0,
                        2127.0,
                        1004.0,
                        2241.0,
                        1679.0,
                        2423.0,
                        7590.0,
                        2942.0,
                        3132.0,
                        5845.0,
                        1495.0,
                        4889.0,
                        3180.0,
                        11059.0,
                        3860.0,
                        1924.0
                    ]
                },
                "workstation": {
                    "valid": 1,
                    "score": 4492.0,
                    "ratio": 4.282173498570066,
                    "maximum": 14818.0,
                    "average": 5387.0,
                    "geometric": 4492.0,
                    "harmonic": 3813.0,
                    "minimum": 1581.0,
                    "kernels": [
                        7576.0,
                        5816.0,
                        3135.0,
                        3146.0,
                        2469.0,
                        2566.0,
                        10912.0,
                        8093.0,
                        10900.0,
                        2625.0,
                        1581.0,
                        2791.0,
                        2186.0,
                        3125.0,
                        9247.0,
                        3896.0,
                        4778.0,
                        7654.0,
                        2384.0,
                        6861.0,
                        4387.0,
                        14818.0,
                        5546.0,
                        2798.0
                    ]
                }
            }
        },
        "optimized": {
            "score": 11051.561664312418,
            "detailed": {
                "single_core": {
                    "valid": 1,
                    "score": 4596.0,
                    "ratio": 0.0,
                    "maximum": 17931.0,
                    "average": 6044.0,
                    "geometric": 4596.0,
                    "harmonic": 3467.0,
                    "minimum": 877.0,
                    "kernels": [
                        9334.0,
                        6635.0,
                        2987.0,
                        3999.0,
                        1809.0,
                        1902.0,
                        17931.0,
                        14002.0,
                        15391.0,
                        6219.0,
                        2014.0,
                        6348.0,
                        2117.0,
                        3348.0,
                        9550.0,
                        4940.0,
                        2614.0,
                        11132.0,
                        877.0,
                        4308.0,
                        5660.0,
                        6192.0,
                        3506.0,
                        2229.0
                    ]
                },
                "multi_core": {
                    "valid": 1,
                    "score": 20350.0,
                    "ratio": 4.427763272410792,
                    "maximum": 70915.0,
                    "average": 25528.0,
                    "geometric": 20350.0,
                    "harmonic": 16215.0,
                    "minimum": 5008.0,
                    "kernels": [
                        34821.0,
                        23037.0,
                        13260.0,
                        16550.0,
                        8210.0,
                        8910.0,
                        70915.0,
                        57627.0,
                        59991.0,
                        24738.0,
                        9510.0,
                        29518.0,
                        9169.0,
                        14143.0,
                        42882.0,
                        20790.0,
                        14666.0,
                        44730.0,
                        5008.0,
                        23516.0,
                        25145.0,
                        26188.0,
                        18892.0,
                        10445.0
                    ]
                },
                "quad_core": {
                    "valid": 1,
                    "score": 14432.0,
                    "ratio": 3.1401218450826804,
                    "maximum": 51144.0,
                    "average": 18325.0,
                    "geometric": 14432.0,