{
    "system_info": {
        "compiler_info": "cc (Debian 12.2.0-14) 12.2.0",
        "version_info": "3.3.0",
        "cpu_name": "AMD PRO A4-8350B R5, 6 Compute Cores 2C+4G",
        "cpu_core_count": 2,
        "System": "AMD_A4_8350B_Linux"
    },
    "timestamp": "00:03 16/07/2024",
    "comment": "Debian 12",
    "full_result": {
        "non_optimized": {
            "score": 673.5325354692363,
            "detailed": {
                "single_core": {
                    "valid": 1,
                    "score": 432.0,
                    "ratio": 0.0,
                    "maximum": 1443.0,
                    "average": 499.0,
                    "geometric": 432.0,
                    "harmonic": 384.0,
                    "minimum": 206.0,
                    "kernels": [
                        1123.0,
                        780.0,
                        405.0,
                        385.0,
                        316.0,
                        352.0,
                        1443.0,
                        673.0,
                        822.0,
                        225.0,
                        206.0,
                        313.0,
                        216.0,
                        281.0,
                        329.0,
                        441.0,
                        562.0,
                        382.0,
                        265.0,
                        708.0,
                        289.0,
                        725.0,
                        401.0,
                        339.0
                    ]
                },
                "multi_core": {
                    "valid": 1,
                    "score": 841.0,
                    "ratio": 1.9467592592592593,
                    "maximum": 2642.0,
                    "average": 965.0,
                    "geometric": 841.0,
                    "harmonic": 750.0,
                    "minimum": 411.0,
                    "kernels": [
                        2146.0,
                        1481.0,
                        822.0,
                        811.0,
                        642.0,
                        697.0,
                        2642.0,
                        1291.0,
                        1622.0,
                        438.0,
                        413.0,
                        572.0,
                        411.0,
                        534.0,
                        643.0,
                        849.0,
                        1116.0,
                        756.0,
                        527.0,
                        1364.0,
                        572.0,
                        1383.0,
                        788.0,
                        643.0
                    ]
                },
                "quad_core": {
                    "valid": 1,
                    "score": 841.0,
                    "ratio": 1.9467592592592593,
                    "maximum": 2642.0,
                    "average": 965.0,
                    "geometric": 841.0,
                    "harmonic": 750.0,
                    "minimum": 411.0,
                    "kernels": [
                        2146.0,
                        1481.0,
                        822.0,
                        811.0,
                        642.0,
                        697.0,
                        2642.0,
                        1291.0,
                        1622.0,
                        438.0,
                        413.0,
                        572.0,
                        411.0,
                        534.0,
                        643.0,
                        849.0,
                        1116.0,
                        756.0,
                        527.0,
                        1364.0,
                        572.0,
                        1383.0,
                        788.0,
                        643.0
                    ]
                },
                "workstation": {
                    "valid": 1,
                    "score": 839.0,
                    "ratio": 1.9421296296296295,
                    "maximum": 2632.0,
                    "average": 962.0,
                    "geometric": 839.0,
                    "harmonic": 749.0,
                    "minimum": 411.0,
                    "kernels": [
                        2125.0,
                        1478.0,
                        820.0,
                        802.0,
                        641.0,
                        697.0,
                        2632.0,
                        1298.0,
                        1624.0,
                        439.0,
                        413.0,
                        566.0,
                        411.0,
                        537.0,
                        645.0,
                        854.0,
                        1114.0,
                        757.0,
                        528.0,
                        1343.0,
                        556.0,
                        1375.0,
                        791.0,
                        644.0
                    ]
                }
            }
        },
        "optimized": {
            "score": 2306.319670684581,
            "detailed": {
                "single_core": {
                    "valid": 1,
                    "score": 1640.0,
                    "ratio": 0.0,
                    "maximum": 7891.0,
                    "average": 2124.0,
                    "geometric": 1640.0,
                    "harmonic": 1343.0,
                    "minimum": 614.0,
                    "kernels": [
                        5236.0,
                        2293.0,
                        1309.0,
                        1600.0,
                        802.0,
                        951.0,
                        7891.0,
                        4028.0,
                        3639.0,
                        1583.0,
                        823.0,
                        1939.0,
                        780.0,
                        963.0,
                        1399.0,
                        1460.0,
                        1734.0,
                        3844.0,
                        693.0,
                        614.0,
                        3932.0,
                        1048.0,
                        1395.0,
                        1016.0
                    ]
                },
                "multi_core": {
                    "valid": 1,
                    "score": 2735.0,
                    "ratio": 1.6676829268292683,
                    "maximum": 11772.0,
                    "average": 3384.0,
                    "geometric": 2735.0,
                    "harmonic": 2329.0,
                    "minimum": 1207.0,
                    "kernels": [
                        9613.0,
                        3897.0,
                        2618.0,
                        2950.0,
                        1523.0,
                        1849.0,
                        11772.0,
                        5504.0,
                        5201.0,
                        2234.0,
                        1596.0,
                        3151.0,
                        1436.0,
                        1540.0,
                        1816.0,
                        2497.0,
                        3205.0,
                        4814.0,
                        1280.0,
                        1207.0,
                        5426.0,
                        1848.0,
                        2701.0,
                        1531.0
                    ]
                },
                "quad_core": {
                    "valid": 1,
                    "score": 2735.0,
                    "ratio": 1.6676829268292683,
                    "maximum": 11772.0,
                    "average": 3384.0,
                    "geometric": 2735.0,
                    "harmonic": 2329.0,
                    "minimum": 1207.0,